Sample_Id,Group,Gene,Codon,RSCU
ERR4810461,resistant,rpoB,TTG,0.86
ERR4810461,resistant,rpoB,GCA,0.24
ERR4810461,resistant,rpoB,GAT,0.21
ERR4810461,resistant,rpoB,TCC,1.54
ERR4810461,resistant,rpoB,CGC,3.18
ERR4810461,resistant,rpoB,CAG,1.76
ERR4810461,resistant,rpoB,AGC,1.03
ERR4810461,resistant,rpoB,AAA,0.24
ERR4810461,resistant,rpoB,ACA,0.13
ERR4810461,resistant,rpoB,GCC,2.22
ERR4810461,resistant,rpoB,GCT,0.24
ERR4810461,resistant,rpoB,AGT,0.6
ERR4810461,resistant,rpoB,CCT,0.18
ERR4810461,resistant,rpoB,CCG,2.65
ERR4810461,resistant,rpoB,CAA,0.24
ERR4810461,resistant,rpoB,TCG,2.4
ERR4810461,resistant,rpoB,AAT,0.15
ERR4810461,resistant,rpoB,AAC,1.85
ERR4810461,resistant,rpoB,GTA,0.04
ERR4810461,resistant,rpoB,CCC,0.92
ERR4810461,resistant,rpoB,GGA,0.12
ERR4810461,resistant,rpoB,GCG,1.3
ERR4810461,resistant,rpoB,CCA,0.25
ERR4810461,resistant,rpoB,CGG,1.66
ERR4810461,resistant,rpoB,GTC,1.69
ERR4810461,resistant,rpoB,TTC,1.82
ERR4810461,resistant,rpoB,AAG,1.76
ERR4810461,resistant,rpoB,CTG,4.1
ERR4810461,resistant,rpoB,GAA,0.37
ERR4810461,resistant,rpoB,CTT,0.24
ERR4810461,resistant,rpoB,GAG,1.63
ERR4810461,resistant,rpoB,GTT,0.25
ERR4810461,resistant,rpoB,CTC,0.73
ERR4810461,resistant,rpoB,GAC,1.79
ERR4810461,resistant,rpoB,ACC,2.6
ERR4810461,resistant,rpoB,TGG,1.0
ERR4810461,resistant,rpoB,ATC,2.63
ERR4810461,resistant,rpoB,GGT,1.08
ERR4810461,resistant,rpoB,GTG,2.02
ERR4810461,resistant,rpoB,GGC,2.08
ERR4810461,resistant,rpoB,TAC,1.75
ERR4810461,resistant,rpoB,TCT,0.26
ERR4810461,resistant,rpoB,GGG,0.71
ERR4810461,resistant,rpoB,ATG,1.0
ERR4810461,resistant,rpoB,CGT,0.8
ERR4810461,resistant,rpoB,TGC,1.56
ERR4810461,resistant,rpoB,ACG,1.02
ERR4810461,resistant,rpoB,ATT,0.37
ERR4810461,resistant,rpoB,CAC,1.82
ERR4810461,resistant,rpoB,TTT,0.18
ERR4810461,resistant,rpoB,CGA,0.29
ERR4810461,resistant,rpoB,TCA,0.17
ERR4810461,resistant,rpoB,TAT,0.25
ERR4810461,resistant,rpoB,CAT,0.18
ERR4810461,resistant,rpoB,ACT,0.25
ERR4810461,resistant,rpoB,TGT,0.44
ERR4810461,resistant,rpoB,AGG,0.07
ERR4810461,resistant,rpoB,CTA,0.06
ERR4810461,resistant,katG,GTG,1.46
ERR4810461,resistant,katG,CCC,1.44
ERR4810461,resistant,katG,GAG,1.45
ERR4810461,resistant,katG,CAA,0.48
ERR4810461,resistant,katG,CAC,1.67
ERR4810461,resistant,katG,CCA,0.32
ERR4810461,resistant,katG,ATT,0.6
ERR4810461,resistant,katG,ACA,0.19
ERR4810461,resistant,katG,GAA,0.55
ERR4810461,resistant,katG,ACC,2.42
ERR4810461,resistant,katG,GGA,0.25
ERR4810461,resistant,katG,GCC,1.77
ERR4810461,resistant,katG,GCT,0.47
ERR4810461,resistant,katG,AGC,1.89
ERR4810461,resistant,katG,AAC,1.93
ERR4810461,resistant,katG,GGC,2.38
ERR4810461,resistant,katG,TGT,1.33
ERR4810461,resistant,katG,GTC,2.0
ERR4810461,resistant,katG,GGT,0.71
ERR4810461,resistant,katG,CAT,0.33
ERR4810461,resistant,katG,ATG,1.0
ERR4810461,resistant,katG,AAA,0.23
ERR4810461,resistant,katG,TAC,1.52
ERR4810461,resistant,katG,CAG,1.52
ERR4810461,resistant,katG,GAC,1.52
ERR4810461,resistant,katG,TGG,1.0
ERR4810461,resistant,katG,CGG,1.89
ERR4810461,resistant,katG,CTC,1.33
ERR4810461,resistant,katG,AAT,0.07
ERR4810461,resistant,katG,CTG,3.43
ERR4810461,resistant,katG,AAG,1.77
ERR4810461,resistant,katG,GTA,0.23
ERR4810461,resistant,katG,CCG,2.0
ERR4810461,resistant,katG,GCG,1.4
ERR4810461,resistant,katG,TTC,1.77
ERR4810461,resistant,katG,TAT,0.48
ERR4810461,resistant,katG,ATC,2.28
ERR4810461,resistant,katG,GTT,0.31
ERR4810461,resistant,katG,ACG,1.12
ERR4810461,resistant,katG,TCG,1.89
ERR4810461,resistant,katG,GGG,0.66
ERR4810461,resistant,katG,TTT,0.23
ERR4810461,resistant,katG,CGC,2.91
ERR4810461,resistant,katG,CTT,0.48
ERR4810461,resistant,katG,TTG,0.57
ERR4810461,resistant,katG,TCA,0.69
ERR4810461,resistant,katG,TGC,0.67
ERR4810461,resistant,katG,GAT,0.48
ERR4810461,resistant,katG,CGT,0.51
ERR4810461,resistant,katG,ACT,0.28
ERR4810461,resistant,katG,AGT,0.51
ERR4810461,resistant,katG,CCT,0.24
ERR4810461,resistant,katG,TCC,1.03
ERR4810461,resistant,katG,CGA,0.34
ERR4810461,resistant,katG,AGA,0.17
ERR4810461,resistant,katG,GCA,0.36
ERR4810461,resistant,katG,CTA,0.1
ERR4810461,resistant,katG,ATA,0.12
ERR4810461,resistant,katG,TTA,0.1
ERR4810461,resistant,katG,AGG,0.17
ERR4810461,resistant,gyrA,ATG,1.0
ERR4810461,resistant,gyrA,ACA,0.26
ERR4810461,resistant,gyrA,GAC,1.68
ERR4810461,resistant,gyrA,ACG,0.77
ERR4810461,resistant,gyrA,TTG,0.91
ERR4810461,resistant,gyrA,CCG,2.34
ERR4810461,resistant,gyrA,CCT,0.28
ERR4810461,resistant,gyrA,TCG,2.31
ERR4810461,resistant,gyrA,CTC,0.53
ERR4810461,resistant,gyrA,CGG,1.95
ERR4810461,resistant,gyrA,ATC,2.56
ERR4810461,resistant,gyrA,GAA,0.65
ERR4810461,resistant,gyrA,GTT,0.7
ERR4810461,resistant,gyrA,CAG,1.88
ERR4810461,resistant,gyrA,GAG,1.35
ERR4810461,resistant,gyrA,CGC,2.92
ERR4810461,resistant,gyrA,AGC,1.38
ERR4810461,resistant,gyrA,TAC,1.28
ERR4810461,resistant,gyrA,TAT,0.72
ERR4810461,resistant,gyrA,GCG,1.45
ERR4810461,resistant,gyrA,GTG,1.74
ERR4810461,resistant,gyrA,GTC,1.45
ERR4810461,resistant,gyrA,GGC,2.26
ERR4810461,resistant,gyrA,CTG,4.18
ERR4810461,resistant,gyrA,GGG,0.64
ERR4810461,resistant,gyrA,AAG,1.28
ERR4810461,resistant,gyrA,CCC,0.97
ERR4810461,resistant,gyrA,CAT,0.14
ERR4810461,resistant,gyrA,GCA,0.43
ERR4810461,resistant,gyrA,TTC,1.88
ERR4810461,resistant,gyrA,GAT,0.32
ERR4810461,resistant,gyrA,TCC,1.69
ERR4810461,resistant,gyrA,CAC,1.86
ERR4810461,resistant,gyrA,GCC,2.07
ERR4810461,resistant,gyrA,ACC,2.55
ERR4810461,resistant,gyrA,AAC,1.38
ERR4810461,resistant,gyrA,TGG,1.0
ERR4810461,resistant,gyrA,CCA,0.41
ERR4810461,resistant,gyrA,AAT,0.62
ERR4810461,resistant,gyrA,AGG,0.38
ERR4810461,resistant,gyrA,CAA,0.12
ERR4810461,resistant,gyrA,CTA,0.15
ERR4810461,resistant,gyrA,TCA,0.31
ERR4810461,resistant,gyrA,CGT,0.53
ERR4810461,resistant,gyrA,AAA,0.72
ERR4810461,resistant,gyrA,GGA,0.52
ERR4810461,resistant,gyrA,GCT,0.05
ERR4810461,resistant,gyrA,ACT,0.43
ERR4810461,resistant,gyrA,ATT,0.44
ERR4810461,resistant,gyrA,CGA,0.23
ERR4810461,resistant,gyrA,GTA,0.12
ERR4810461,resistant,gyrA,GGT,0.58
ERR4810461,resistant,gyrA,TCT,0.15
ERR4810461,resistant,gyrA,TTA,0.15
ERR4810461,resistant,gyrA,CTT,0.08
ERR4810461,resistant,gyrA,TTT,0.12
ERR4810461,resistant,gyrA,TGC,1.0
ERR4810461,resistant,gyrA,TGT,1.0
ERR4810461,resistant,gyrA,AGT,0.15
ERR4810467,resistant,rpoB,TTG,0.86
ERR4810467,resistant,rpoB,GCA,0.24
ERR4810467,resistant,rpoB,GAT,0.21
ERR4810467,resistant,rpoB,TCC,1.54
ERR4810467,resistant,rpoB,CGC,3.18
ERR4810467,resistant,rpoB,CAG,1.76
ERR4810467,resistant,rpoB,AGC,1.03
ERR4810467,resistant,rpoB,AAA,0.24
ERR4810467,resistant,rpoB,ACA,0.13
ERR4810467,resistant,rpoB,GCC,2.24
ERR4810467,resistant,rpoB,GCT,0.24
ERR4810467,resistant,rpoB,AGT,0.6
ERR4810467,resistant,rpoB,CCT,0.18
ERR4810467,resistant,rpoB,CCG,2.65
ERR4810467,resistant,rpoB,CAA,0.24
ERR4810467,resistant,rpoB,TCG,2.4
ERR4810467,resistant,rpoB,AAT,0.15
ERR4810467,resistant,rpoB,AAC,1.85
ERR4810467,resistant,rpoB,GTA,0.04
ERR4810467,resistant,rpoB,CCC,0.92
ERR4810467,resistant,rpoB,GGA,0.12
ERR4810467,resistant,rpoB,GCG,1.27
ERR4810467,resistant,rpoB,CCA,0.25
ERR4810467,resistant,rpoB,CGG,1.66
ERR4810467,resistant,rpoB,GTC,1.68
ERR4810467,resistant,rpoB,TTC,1.82
ERR4810467,resistant,rpoB,AAG,1.76
ERR4810467,resistant,rpoB,CTG,4.1
ERR4810467,resistant,rpoB,GAA,0.37
ERR4810467,resistant,rpoB,CTT,0.24
ERR4810467,resistant,rpoB,GAG,1.63
ERR4810467,resistant,rpoB,GTT,0.25
ERR4810467,resistant,rpoB,CTC,0.73
ERR4810467,resistant,rpoB,GAC,1.79
ERR4810467,resistant,rpoB,ACC,2.6
ERR4810467,resistant,rpoB,TGG,1.0
ERR4810467,resistant,rpoB,ATC,2.63
ERR4810467,resistant,rpoB,GGT,1.08
ERR4810467,resistant,rpoB,GTG,2.04
ERR4810467,resistant,rpoB,GGC,2.08
ERR4810467,resistant,rpoB,TAC,1.75
ERR4810467,resistant,rpoB,TCT,0.26
ERR4810467,resistant,rpoB,GGG,0.71
ERR4810467,resistant,rpoB,ATG,1.0
ERR4810467,resistant,rpoB,CGT,0.8
ERR4810467,resistant,rpoB,TGC,1.56
ERR4810467,resistant,rpoB,ACG,1.02
ERR4810467,resistant,rpoB,ATT,0.37
ERR4810467,resistant,rpoB,CAC,1.82
ERR4810467,resistant,rpoB,TTT,0.18
ERR4810467,resistant,rpoB,CGA,0.29
ERR4810467,resistant,rpoB,TCA,0.17
ERR4810467,resistant,rpoB,TAT,0.25
ERR4810467,resistant,rpoB,CAT,0.18
ERR4810467,resistant,rpoB,ACT,0.25
ERR4810467,resistant,rpoB,TGT,0.44
ERR4810467,resistant,rpoB,AGG,0.07
ERR4810467,resistant,rpoB,CTA,0.06
ERR4810467,resistant,katG,GTG,1.46
ERR4810467,resistant,katG,CCC,1.44
ERR4810467,resistant,katG,GAG,1.45
ERR4810467,resistant,katG,CAA,0.48
ERR4810467,resistant,katG,CAC,1.67
ERR4810467,resistant,katG,CCA,0.32
ERR4810467,resistant,katG,ATT,0.6
ERR4810467,resistant,katG,ACA,0.19
ERR4810467,resistant,katG,GAA,0.55
ERR4810467,resistant,katG,ACC,2.42
ERR4810467,resistant,katG,GGA,0.25
ERR4810467,resistant,katG,GCC,1.77
ERR4810467,resistant,katG,GCT,0.47
ERR4810467,resistant,katG,AGC,1.89
ERR4810467,resistant,katG,AAC,1.93
ERR4810467,resistant,katG,GGC,2.38
ERR4810467,resistant,katG,TGT,1.33
ERR4810467,resistant,katG,GTC,2.0
ERR4810467,resistant,katG,GGT,0.71
ERR4810467,resistant,katG,CAT,0.33
ERR4810467,resistant,katG,ATG,1.0
ERR4810467,resistant,katG,AAA,0.23
ERR4810467,resistant,katG,TAC,1.52
ERR4810467,resistant,katG,CAG,1.52
ERR4810467,resistant,katG,GAC,1.52
ERR4810467,resistant,katG,TGG,1.0
ERR4810467,resistant,katG,CGG,1.89
ERR4810467,resistant,katG,CTC,1.33
ERR4810467,resistant,katG,AAT,0.07
ERR4810467,resistant,katG,CTG,3.43
ERR4810467,resistant,katG,AAG,1.77
ERR4810467,resistant,katG,GTA,0.23
ERR4810467,resistant,katG,CCG,2.0
ERR4810467,resistant,katG,GCG,1.4
ERR4810467,resistant,katG,TTC,1.77
ERR4810467,resistant,katG,TAT,0.48
ERR4810467,resistant,katG,ATC,2.28
ERR4810467,resistant,katG,GTT,0.31
ERR4810467,resistant,katG,ACG,1.12
ERR4810467,resistant,katG,TCG,1.89
ERR4810467,resistant,katG,GGG,0.66
ERR4810467,resistant,katG,TTT,0.23
ERR4810467,resistant,katG,CGC,2.91
ERR4810467,resistant,katG,CTT,0.48
ERR4810467,resistant,katG,TTG,0.57
ERR4810467,resistant,katG,TCA,0.69
ERR4810467,resistant,katG,TGC,0.67
ERR4810467,resistant,katG,GAT,0.48
ERR4810467,resistant,katG,CGT,0.51
ERR4810467,resistant,katG,ACT,0.28
ERR4810467,resistant,katG,AGT,0.51
ERR4810467,resistant,katG,CCT,0.24
ERR4810467,resistant,katG,TCC,1.03
ERR4810467,resistant,katG,CGA,0.34
ERR4810467,resistant,katG,AGA,0.17
ERR4810467,resistant,katG,GCA,0.36
ERR4810467,resistant,katG,CTA,0.1
ERR4810467,resistant,katG,ATA,0.12
ERR4810467,resistant,katG,TTA,0.1
ERR4810467,resistant,katG,AGG,0.17
ERR4810467,resistant,gyrA,ATG,1.0
ERR4810467,resistant,gyrA,ACA,0.26
ERR4810467,resistant,gyrA,GAC,1.68
ERR4810467,resistant,gyrA,ACG,0.77
ERR4810467,resistant,gyrA,TTG,0.91
ERR4810467,resistant,gyrA,CCG,2.34
ERR4810467,resistant,gyrA,CCT,0.28
ERR4810467,resistant,gyrA,TCG,2.31
ERR4810467,resistant,gyrA,CTC,0.53
ERR4810467,resistant,gyrA,CGG,1.95
ERR4810467,resistant,gyrA,ATC,2.56
ERR4810467,resistant,gyrA,GAA,0.65
ERR4810467,resistant,gyrA,GTT,0.7
ERR4810467,resistant,gyrA,CAG,1.88
ERR4810467,resistant,gyrA,GAG,1.35
ERR4810467,resistant,gyrA,CGC,2.92
ERR4810467,resistant,gyrA,AGC,1.38
ERR4810467,resistant,gyrA,TAC,1.28
ERR4810467,resistant,gyrA,TAT,0.72
ERR4810467,resistant,gyrA,GCG,1.45
ERR4810467,resistant,gyrA,GTG,1.74
ERR4810467,resistant,gyrA,GTC,1.45
ERR4810467,resistant,gyrA,GGC,2.29
ERR4810467,resistant,gyrA,CTG,4.18
ERR4810467,resistant,gyrA,GGG,0.63
ERR4810467,resistant,gyrA,AAG,1.28
ERR4810467,resistant,gyrA,CCC,0.97
ERR4810467,resistant,gyrA,CAT,0.14
ERR4810467,resistant,gyrA,GCA,0.43
ERR4810467,resistant,gyrA,TTC,1.88
ERR4810467,resistant,gyrA,GAT,0.32
ERR4810467,resistant,gyrA,TCC,1.69
ERR4810467,resistant,gyrA,CAC,1.86
ERR4810467,resistant,gyrA,GCC,2.07
ERR4810467,resistant,gyrA,ACC,2.55
ERR4810467,resistant,gyrA,AAC,1.38
ERR4810467,resistant,gyrA,TGG,1.0
ERR4810467,resistant,gyrA,CCA,0.41
ERR4810467,resistant,gyrA,AAT,0.62
ERR4810467,resistant,gyrA,AGG,0.38
ERR4810467,resistant,gyrA,CAA,0.12
ERR4810467,resistant,gyrA,CTA,0.15
ERR4810467,resistant,gyrA,TCA,0.31
ERR4810467,resistant,gyrA,CGT,0.53
ERR4810467,resistant,gyrA,AAA,0.72
ERR4810467,resistant,gyrA,GGA,0.51
ERR4810467,resistant,gyrA,GCT,0.05
ERR4810467,resistant,gyrA,ACT,0.43
ERR4810467,resistant,gyrA,ATT,0.44
ERR4810467,resistant,gyrA,CGA,0.23
ERR4810467,resistant,gyrA,GTA,0.12
ERR4810467,resistant,gyrA,GGT,0.57
ERR4810467,resistant,gyrA,TCT,0.15
ERR4810467,resistant,gyrA,TTA,0.15
ERR4810467,resistant,gyrA,CTT,0.08
ERR4810467,resistant,gyrA,TTT,0.12
ERR4810467,resistant,gyrA,TGC,1.0
ERR4810467,resistant,gyrA,TGT,1.0
ERR4810467,resistant,gyrA,AGT,0.15
ERR4810478,resistant,rpoB,TTG,0.86
ERR4810478,resistant,rpoB,GCA,0.24
ERR4810478,resistant,rpoB,GAT,0.21
ERR4810478,resistant,rpoB,TCC,1.54
ERR4810478,resistant,rpoB,CGC,3.18
ERR4810478,resistant,rpoB,CAG,1.76
ERR4810478,resistant,rpoB,AGC,1.03
ERR4810478,resistant,rpoB,AAA,0.24
ERR4810478,resistant,rpoB,ACA,0.13
ERR4810478,resistant,rpoB,GCC,2.22
ERR4810478,resistant,rpoB,GCT,0.24
ERR4810478,resistant,rpoB,AGT,0.6
ERR4810478,resistant,rpoB,CCT,0.18
ERR4810478,resistant,rpoB,CCG,2.65
ERR4810478,resistant,rpoB,CAA,0.24
ERR4810478,resistant,rpoB,TCG,2.4
ERR4810478,resistant,rpoB,AAT,0.15
ERR4810478,resistant,rpoB,AAC,1.85
ERR4810478,resistant,rpoB,GTA,0.04
ERR4810478,resistant,rpoB,CCC,0.92
ERR4810478,resistant,rpoB,GGA,0.12
ERR4810478,resistant,rpoB,GCG,1.3
ERR4810478,resistant,rpoB,CCA,0.25
ERR4810478,resistant,rpoB,CGG,1.66
ERR4810478,resistant,rpoB,GTC,1.69
ERR4810478,resistant,rpoB,TTC,1.82
ERR4810478,resistant,rpoB,AAG,1.76
ERR4810478,resistant,rpoB,CTG,4.1
ERR4810478,resistant,rpoB,GAA,0.37
ERR4810478,resistant,rpoB,CTT,0.24
ERR4810478,resistant,rpoB,GAG,1.63
ERR4810478,resistant,rpoB,GTT,0.25
ERR4810478,resistant,rpoB,CTC,0.73
ERR4810478,resistant,rpoB,GAC,1.79
ERR4810478,resistant,rpoB,ACC,2.6
ERR4810478,resistant,rpoB,TGG,1.0
ERR4810478,resistant,rpoB,ATC,2.63
ERR4810478,resistant,rpoB,GGT,1.08
ERR4810478,resistant,rpoB,GTG,2.02
ERR4810478,resistant,rpoB,GGC,2.08
ERR4810478,resistant,rpoB,TAC,1.75
ERR4810478,resistant,rpoB,TCT,0.26
ERR4810478,resistant,rpoB,GGG,0.71
ERR4810478,resistant,rpoB,ATG,1.0
ERR4810478,resistant,rpoB,CGT,0.8
ERR4810478,resistant,rpoB,TGC,1.56
ERR4810478,resistant,rpoB,ACG,1.02
ERR4810478,resistant,rpoB,ATT,0.37
ERR4810478,resistant,rpoB,CAC,1.82
ERR4810478,resistant,rpoB,TTT,0.18
ERR4810478,resistant,rpoB,CGA,0.29
ERR4810478,resistant,rpoB,TCA,0.17
ERR4810478,resistant,rpoB,TAT,0.25
ERR4810478,resistant,rpoB,CAT,0.18
ERR4810478,resistant,rpoB,ACT,0.25
ERR4810478,resistant,rpoB,TGT,0.44
ERR4810478,resistant,rpoB,AGG,0.07
ERR4810478,resistant,rpoB,CTA,0.06
ERR4810478,resistant,katG,GTG,1.46
ERR4810478,resistant,katG,CCC,1.44
ERR4810478,resistant,katG,GAG,1.45
ERR4810478,resistant,katG,CAA,0.48
ERR4810478,resistant,katG,CAC,1.67
ERR4810478,resistant,katG,CCA,0.32
ERR4810478,resistant,katG,ATT,0.6
ERR4810478,resistant,katG,ACA,0.19
ERR4810478,resistant,katG,GAA,0.55
ERR4810478,resistant,katG,ACC,2.42
ERR4810478,resistant,katG,GGA,0.25
ERR4810478,resistant,katG,GCC,1.77
ERR4810478,resistant,katG,GCT,0.47
ERR4810478,resistant,katG,AGC,1.89
ERR4810478,resistant,katG,AAC,1.93
ERR4810478,resistant,katG,GGC,2.38
ERR4810478,resistant,katG,TGT,1.33
ERR4810478,resistant,katG,GTC,2.0
ERR4810478,resistant,katG,GGT,0.71
ERR4810478,resistant,katG,CAT,0.33
ERR4810478,resistant,katG,ATG,1.0
ERR4810478,resistant,katG,AAA,0.23
ERR4810478,resistant,katG,TAC,1.52
ERR4810478,resistant,katG,CAG,1.52
ERR4810478,resistant,katG,GAC,1.52
ERR4810478,resistant,katG,TGG,1.0
ERR4810478,resistant,katG,CGG,1.89
ERR4810478,resistant,katG,CTC,1.33
ERR4810478,resistant,katG,AAT,0.07
ERR4810478,resistant,katG,CTG,3.43
ERR4810478,resistant,katG,AAG,1.77
ERR4810478,resistant,katG,GTA,0.23
ERR4810478,resistant,katG,CCG,2.0
ERR4810478,resistant,katG,GCG,1.4
ERR4810478,resistant,katG,TTC,1.77
ERR4810478,resistant,katG,TAT,0.48
ERR4810478,resistant,katG,ATC,2.28
ERR4810478,resistant,katG,GTT,0.31
ERR4810478,resistant,katG,ACG,1.12
ERR4810478,resistant,katG,TCG,1.89
ERR4810478,resistant,katG,GGG,0.66
ERR4810478,resistant,katG,TTT,0.23
ERR4810478,resistant,katG,CGC,2.91
ERR4810478,resistant,katG,CTT,0.48
ERR4810478,resistant,katG,TTG,0.57
ERR4810478,resistant,katG,TCA,0.69
ERR4810478,resistant,katG,TGC,0.67
ERR4810478,resistant,katG,GAT,0.48
ERR4810478,resistant,katG,CGT,0.51
ERR4810478,resistant,katG,ACT,0.28
ERR4810478,resistant,katG,AGT,0.51
ERR4810478,resistant,katG,CCT,0.24
ERR4810478,resistant,katG,TCC,1.03
ERR4810478,resistant,katG,CGA,0.34
ERR4810478,resistant,katG,AGA,0.17
ERR4810478,resistant,katG,GCA,0.36
ERR4810478,resistant,katG,CTA,0.1
ERR4810478,resistant,katG,ATA,0.12
ERR4810478,resistant,katG,TTA,0.1
ERR4810478,resistant,katG,AGG,0.17
ERR4810478,resistant,gyrA,ATG,1.0
ERR4810478,resistant,gyrA,ACA,0.26
ERR4810478,resistant,gyrA,GAC,1.68
ERR4810478,resistant,gyrA,ACG,0.77
ERR4810478,resistant,gyrA,TTG,0.91
ERR4810478,resistant,gyrA,CCG,2.34
ERR4810478,resistant,gyrA,CCT,0.28
ERR4810478,resistant,gyrA,TCG,2.31
ERR4810478,resistant,gyrA,CTC,0.53
ERR4810478,resistant,gyrA,CGG,1.95
ERR4810478,resistant,gyrA,ATC,2.56
ERR4810478,resistant,gyrA,GAA,0.65
ERR4810478,resistant,gyrA,GTT,0.7
ERR4810478,resistant,gyrA,CAG,1.88
ERR4810478,resistant,gyrA,GAG,1.35
ERR4810478,resistant,gyrA,CGC,2.92
ERR4810478,resistant,gyrA,AGC,1.38
ERR4810478,resistant,gyrA,TAC,1.28
ERR4810478,resistant,gyrA,TAT,0.72
ERR4810478,resistant,gyrA,GCG,1.45
ERR4810478,resistant,gyrA,GTG,1.74
ERR4810478,resistant,gyrA,GTC,1.45
ERR4810478,resistant,gyrA,GGC,2.29
ERR4810478,resistant,gyrA,CTG,4.18
ERR4810478,resistant,gyrA,GGG,0.63
ERR4810478,resistant,gyrA,AAG,1.28
ERR4810478,resistant,gyrA,CCC,0.97
ERR4810478,resistant,gyrA,CAT,0.14
ERR4810478,resistant,gyrA,GCA,0.43
ERR4810478,resistant,gyrA,TTC,1.88
ERR4810478,resistant,gyrA,GAT,0.32
ERR4810478,resistant,gyrA,TCC,1.69
ERR4810478,resistant,gyrA,CAC,1.86
ERR4810478,resistant,gyrA,GCC,2.07
ERR4810478,resistant,gyrA,ACC,2.55
ERR4810478,resistant,gyrA,AAC,1.38
ERR4810478,resistant,gyrA,TGG,1.0
ERR4810478,resistant,gyrA,CCA,0.41
ERR4810478,resistant,gyrA,AAT,0.62
ERR4810478,resistant,gyrA,AGG,0.38
ERR4810478,resistant,gyrA,CAA,0.12
ERR4810478,resistant,gyrA,CTA,0.15
ERR4810478,resistant,gyrA,TCA,0.31
ERR4810478,resistant,gyrA,CGT,0.53
ERR4810478,resistant,gyrA,AAA,0.72
ERR4810478,resistant,gyrA,GGA,0.51
ERR4810478,resistant,gyrA,GCT,0.05
ERR4810478,resistant,gyrA,ACT,0.43
ERR4810478,resistant,gyrA,ATT,0.44
ERR4810478,resistant,gyrA,CGA,0.23
ERR4810478,resistant,gyrA,GTA,0.12
ERR4810478,resistant,gyrA,GGT,0.57
ERR4810478,resistant,gyrA,TCT,0.15
ERR4810478,resistant,gyrA,TTA,0.15
ERR4810478,resistant,gyrA,CTT,0.08
ERR4810478,resistant,gyrA,TTT,0.12
ERR4810478,resistant,gyrA,TGC,1.0
ERR4810478,resistant,gyrA,TGT,1.0
ERR4810478,resistant,gyrA,AGT,0.15
ERR4810485,resistant,rpoB,TTG,0.81
ERR4810485,resistant,rpoB,GCA,0.24
ERR4810485,resistant,rpoB,GAT,0.22
ERR4810485,resistant,rpoB,TCC,1.52
ERR4810485,resistant,rpoB,CGC,3.18
ERR4810485,resistant,rpoB,CAG,1.76
ERR4810485,resistant,rpoB,AGC,1.01
ERR4810485,resistant,rpoB,AAA,0.24
ERR4810485,resistant,rpoB,ACA,0.13
ERR4810485,resistant,rpoB,GCC,2.22
ERR4810485,resistant,rpoB,GCT,0.24
ERR4810485,resistant,rpoB,AGT,0.59
ERR4810485,resistant,rpoB,CCT,0.18
ERR4810485,resistant,rpoB,CCG,2.67
ERR4810485,resistant,rpoB,CAA,0.24
ERR4810485,resistant,rpoB,TCG,2.45
ERR4810485,resistant,rpoB,AAT,0.15
ERR4810485,resistant,rpoB,AAC,1.85
ERR4810485,resistant,rpoB,GTA,0.04
ERR4810485,resistant,rpoB,CCC,0.91
ERR4810485,resistant,rpoB,GGA,0.12
ERR4810485,resistant,rpoB,GCG,1.3
ERR4810485,resistant,rpoB,CCA,0.24
ERR4810485,resistant,rpoB,CGG,1.66
ERR4810485,resistant,rpoB,GTC,1.69
ERR4810485,resistant,rpoB,TTC,1.82
ERR4810485,resistant,rpoB,AAG,1.76
ERR4810485,resistant,rpoB,CTG,4.12
ERR4810485,resistant,rpoB,GAA,0.37
ERR4810485,resistant,rpoB,CTT,0.25
ERR4810485,resistant,rpoB,GAG,1.63
ERR4810485,resistant,rpoB,GTT,0.25
ERR4810485,resistant,rpoB,CTC,0.75
ERR4810485,resistant,rpoB,GAC,1.78
ERR4810485,resistant,rpoB,ACC,2.6
ERR4810485,resistant,rpoB,TGG,1.0
ERR4810485,resistant,rpoB,ATC,2.63
ERR4810485,resistant,rpoB,GGT,1.07
ERR4810485,resistant,rpoB,GTG,2.02
ERR4810485,resistant,rpoB,GGC,2.1
ERR4810485,resistant,rpoB,TAC,1.75
ERR4810485,resistant,rpoB,TCT,0.25
ERR4810485,resistant,rpoB,GGG,0.7
ERR4810485,resistant,rpoB,ATG,1.0
ERR4810485,resistant,rpoB,CGT,0.8
ERR4810485,resistant,rpoB,TGC,1.56
ERR4810485,resistant,rpoB,ACG,1.02
ERR4810485,resistant,rpoB,ATT,0.37
ERR4810485,resistant,rpoB,CAC,1.82
ERR4810485,resistant,rpoB,TTT,0.18
ERR4810485,resistant,rpoB,CGA,0.29
ERR4810485,resistant,rpoB,TCA,0.17
ERR4810485,resistant,rpoB,TAT,0.25
ERR4810485,resistant,rpoB,CAT,0.18
ERR4810485,resistant,rpoB,ACT,0.25
ERR4810485,resistant,rpoB,TGT,0.44
ERR4810485,resistant,rpoB,AGG,0.07
ERR4810485,resistant,rpoB,CTA,0.06
ERR4810485,resistant,katG,GTG,1.46
ERR4810485,resistant,katG,CCC,1.44
ERR4810485,resistant,katG,GAG,1.45
ERR4810485,resistant,katG,CAA,0.48
ERR4810485,resistant,katG,CAC,1.67
ERR4810485,resistant,katG,CCA,0.32
ERR4810485,resistant,katG,ATT,0.6
ERR4810485,resistant,katG,ACA,0.19
ERR4810485,resistant,katG,GAA,0.55
ERR4810485,resistant,katG,ACC,2.42
ERR4810485,resistant,katG,GGA,0.25
ERR4810485,resistant,katG,GCC,1.77
ERR4810485,resistant,katG,GCT,0.47
ERR4810485,resistant,katG,AGC,1.89
ERR4810485,resistant,katG,AAC,1.93
ERR4810485,resistant,katG,GGC,2.38
ERR4810485,resistant,katG,TGT,1.33
ERR4810485,resistant,katG,GTC,2.0
ERR4810485,resistant,katG,GGT,0.71
ERR4810485,resistant,katG,CAT,0.33
ERR4810485,resistant,katG,ATG,1.0
ERR4810485,resistant,katG,AAA,0.23
ERR4810485,resistant,katG,TAC,1.52
ERR4810485,resistant,katG,CAG,1.52
ERR4810485,resistant,katG,GAC,1.52
ERR4810485,resistant,katG,TGG,1.0
ERR4810485,resistant,katG,CGG,1.89
ERR4810485,resistant,katG,CTC,1.33
ERR4810485,resistant,katG,AAT,0.07
ERR4810485,resistant,katG,CTG,3.43
ERR4810485,resistant,katG,AAG,1.77
ERR4810485,resistant,katG,GTA,0.23
ERR4810485,resistant,katG,CCG,2.0
ERR4810485,resistant,katG,GCG,1.4
ERR4810485,resistant,katG,TTC,1.77
ERR4810485,resistant,katG,TAT,0.48
ERR4810485,resistant,katG,ATC,2.28
ERR4810485,resistant,katG,GTT,0.31
ERR4810485,resistant,katG,ACG,1.12
ERR4810485,resistant,katG,TCG,1.89
ERR4810485,resistant,katG,GGG,0.66
ERR4810485,resistant,katG,TTT,0.23
ERR4810485,resistant,katG,CGC,2.91
ERR4810485,resistant,katG,CTT,0.48
ERR4810485,resistant,katG,TTG,0.57
ERR4810485,resistant,katG,TCA,0.69
ERR4810485,resistant,katG,TGC,0.67
ERR4810485,resistant,katG,GAT,0.48
ERR4810485,resistant,katG,CGT,0.51
ERR4810485,resistant,katG,ACT,0.28
ERR4810485,resistant,katG,AGT,0.51
ERR4810485,resistant,katG,CCT,0.24
ERR4810485,resistant,katG,TCC,1.03
ERR4810485,resistant,katG,CGA,0.34
ERR4810485,resistant,katG,AGA,0.17
ERR4810485,resistant,katG,GCA,0.36
ERR4810485,resistant,katG,CTA,0.1
ERR4810485,resistant,katG,ATA,0.12
ERR4810485,resistant,katG,TTA,0.1
ERR4810485,resistant,katG,AGG,0.17
ERR4810485,resistant,gyrA,ATG,1.0
ERR4810485,resistant,gyrA,ACA,0.26
ERR4810485,resistant,gyrA,GAC,1.68
ERR4810485,resistant,gyrA,ACG,0.77
ERR4810485,resistant,gyrA,TTG,0.91
ERR4810485,resistant,gyrA,CCG,2.34
ERR4810485,resistant,gyrA,CCT,0.28
ERR4810485,resistant,gyrA,TCG,2.31
ERR4810485,resistant,gyrA,CTC,0.53
ERR4810485,resistant,gyrA,CGG,1.95
ERR4810485,resistant,gyrA,ATC,2.56
ERR4810485,resistant,gyrA,GAA,0.65
ERR4810485,resistant,gyrA,GTT,0.7
ERR4810485,resistant,gyrA,CAG,1.88
ERR4810485,resistant,gyrA,GAG,1.35
ERR4810485,resistant,gyrA,CGC,2.92
ERR4810485,resistant,gyrA,AGC,1.38
ERR4810485,resistant,gyrA,TAC,1.28
ERR4810485,resistant,gyrA,TAT,0.72
ERR4810485,resistant,gyrA,GCG,1.45
ERR4810485,resistant,gyrA,GTG,1.74
ERR4810485,resistant,gyrA,GTC,1.45
ERR4810485,resistant,gyrA,GGC,2.26
ERR4810485,resistant,gyrA,CTG,4.18
ERR4810485,resistant,gyrA,GGG,0.64
ERR4810485,resistant,gyrA,AAG,1.28
ERR4810485,resistant,gyrA,CCC,0.97
ERR4810485,resistant,gyrA,CAT,0.14
ERR4810485,resistant,gyrA,GCA,0.43
ERR4810485,resistant,gyrA,TTC,1.88
ERR4810485,resistant,gyrA,GAT,0.32
ERR4810485,resistant,gyrA,TCC,1.69
ERR4810485,resistant,gyrA,CAC,1.86
ERR4810485,resistant,gyrA,GCC,2.07
ERR4810485,resistant,gyrA,ACC,2.55
ERR4810485,resistant,gyrA,AAC,1.38
ERR4810485,resistant,gyrA,TGG,1.0
ERR4810485,resistant,gyrA,CCA,0.41
ERR4810485,resistant,gyrA,AAT,0.62
ERR4810485,resistant,gyrA,AGG,0.38
ERR4810485,resistant,gyrA,CAA,0.12
ERR4810485,resistant,gyrA,CTA,0.15
ERR4810485,resistant,gyrA,TCA,0.31
ERR4810485,resistant,gyrA,CGT,0.53
ERR4810485,resistant,gyrA,AAA,0.72
ERR4810485,resistant,gyrA,GGA,0.52
ERR4810485,resistant,gyrA,GCT,0.05
ERR4810485,resistant,gyrA,ACT,0.43
ERR4810485,resistant,gyrA,ATT,0.44
ERR4810485,resistant,gyrA,CGA,0.23
ERR4810485,resistant,gyrA,GTA,0.12
ERR4810485,resistant,gyrA,GGT,0.58
ERR4810485,resistant,gyrA,TCT,0.15
ERR4810485,resistant,gyrA,TTA,0.15
ERR4810485,resistant,gyrA,CTT,0.08
ERR4810485,resistant,gyrA,TTT,0.12
ERR4810485,resistant,gyrA,TGC,1.0
ERR4810485,resistant,gyrA,TGT,1.0
ERR4810485,resistant,gyrA,AGT,0.15
ERR4810486,resistant,rpoB,TTG,0.81
ERR4810486,resistant,rpoB,GCA,0.24
ERR4810486,resistant,rpoB,GAT,0.21
ERR4810486,resistant,rpoB,TCC,1.52
ERR4810486,resistant,rpoB,CGC,3.18
ERR4810486,resistant,rpoB,CAG,1.77
ERR4810486,resistant,rpoB,AGC,1.01
ERR4810486,resistant,rpoB,AAA,0.24
ERR4810486,resistant,rpoB,ACA,0.13
ERR4810486,resistant,rpoB,GCC,2.22
ERR4810486,resistant,rpoB,GCT,0.24
ERR4810486,resistant,rpoB,AGT,0.59
ERR4810486,resistant,rpoB,CCT,0.18
ERR4810486,resistant,rpoB,CCG,2.67
ERR4810486,resistant,rpoB,CAA,0.23
ERR4810486,resistant,rpoB,TCG,2.45
ERR4810486,resistant,rpoB,AAT,0.15
ERR4810486,resistant,rpoB,AAC,1.85
ERR4810486,resistant,rpoB,GTA,0.04
ERR4810486,resistant,rpoB,CCC,0.91
ERR4810486,resistant,rpoB,GGA,0.12
ERR4810486,resistant,rpoB,GCG,1.3
ERR4810486,resistant,rpoB,CCA,0.24
ERR4810486,resistant,rpoB,CGG,1.66
ERR4810486,resistant,rpoB,GTC,1.69
ERR4810486,resistant,rpoB,TTC,1.82
ERR4810486,resistant,rpoB,AAG,1.76
ERR4810486,resistant,rpoB,CTG,4.12
ERR4810486,resistant,rpoB,GAA,0.37
ERR4810486,resistant,rpoB,CTT,0.25
ERR4810486,resistant,rpoB,GAG,1.63
ERR4810486,resistant,rpoB,GTT,0.25
ERR4810486,resistant,rpoB,CTC,0.75
ERR4810486,resistant,rpoB,GAC,1.79
ERR4810486,resistant,rpoB,ACC,2.6
ERR4810486,resistant,rpoB,TGG,1.0
ERR4810486,resistant,rpoB,ATC,2.63
ERR4810486,resistant,rpoB,GGT,1.08
ERR4810486,resistant,rpoB,GTG,2.02
ERR4810486,resistant,rpoB,GGC,2.08
ERR4810486,resistant,rpoB,TAC,1.75
ERR4810486,resistant,rpoB,TCT,0.25
ERR4810486,resistant,rpoB,GGG,0.71
ERR4810486,resistant,rpoB,ATG,1.0
ERR4810486,resistant,rpoB,CGT,0.8
ERR4810486,resistant,rpoB,TGC,1.56
ERR4810486,resistant,rpoB,ACG,1.02
ERR4810486,resistant,rpoB,ATT,0.37
ERR4810486,resistant,rpoB,CAC,1.81
ERR4810486,resistant,rpoB,TTT,0.18
ERR4810486,resistant,rpoB,CGA,0.29
ERR4810486,resistant,rpoB,TCA,0.17
ERR4810486,resistant,rpoB,TAT,0.25
ERR4810486,resistant,rpoB,CAT,0.19
ERR4810486,resistant,rpoB,ACT,0.25
ERR4810486,resistant,rpoB,TGT,0.44
ERR4810486,resistant,rpoB,AGG,0.07
ERR4810486,resistant,rpoB,CTA,0.06
ERR4810486,resistant,katG,GTG,1.46
ERR4810486,resistant,katG,CCC,1.44
ERR4810486,resistant,katG,GAG,1.45
ERR4810486,resistant,katG,CAA,0.48
ERR4810486,resistant,katG,CAC,1.67
ERR4810486,resistant,katG,CCA,0.32
ERR4810486,resistant,katG,ATT,0.6
ERR4810486,resistant,katG,ACA,0.19
ERR4810486,resistant,katG,GAA,0.55
ERR4810486,resistant,katG,ACC,2.42
ERR4810486,resistant,katG,GGA,0.25
ERR4810486,resistant,katG,GCC,1.77
ERR4810486,resistant,katG,GCT,0.47
ERR4810486,resistant,katG,AGC,1.89
ERR4810486,resistant,katG,AAC,1.93
ERR4810486,resistant,katG,GGC,2.38
ERR4810486,resistant,katG,TGT,1.33
ERR4810486,resistant,katG,GTC,2.0
ERR4810486,resistant,katG,GGT,0.71
ERR4810486,resistant,katG,CAT,0.33
ERR4810486,resistant,katG,ATG,1.0
ERR4810486,resistant,katG,AAA,0.23
ERR4810486,resistant,katG,TAC,1.52
ERR4810486,resistant,katG,CAG,1.52
ERR4810486,resistant,katG,GAC,1.52
ERR4810486,resistant,katG,TGG,1.0
ERR4810486,resistant,katG,CGG,1.89
ERR4810486,resistant,katG,CTC,1.33
ERR4810486,resistant,katG,AAT,0.07
ERR4810486,resistant,katG,CTG,3.43
ERR4810486,resistant,katG,AAG,1.77
ERR4810486,resistant,katG,GTA,0.23
ERR4810486,resistant,katG,CCG,2.0
ERR4810486,resistant,katG,GCG,1.4
ERR4810486,resistant,katG,TTC,1.77
ERR4810486,resistant,katG,TAT,0.48
ERR4810486,resistant,katG,ATC,2.28
ERR4810486,resistant,katG,GTT,0.31
ERR4810486,resistant,katG,ACG,1.12
ERR4810486,resistant,katG,TCG,1.89
ERR4810486,resistant,katG,GGG,0.66
ERR4810486,resistant,katG,TTT,0.23
ERR4810486,resistant,katG,CGC,2.91
ERR4810486,resistant,katG,CTT,0.48
ERR4810486,resistant,katG,TTG,0.57
ERR4810486,resistant,katG,TCA,0.69
ERR4810486,resistant,katG,TGC,0.67
ERR4810486,resistant,katG,GAT,0.48
ERR4810486,resistant,katG,CGT,0.51
ERR4810486,resistant,katG,ACT,0.28
ERR4810486,resistant,katG,AGT,0.51
ERR4810486,resistant,katG,CCT,0.24
ERR4810486,resistant,katG,TCC,1.03
ERR4810486,resistant,katG,CGA,0.34
ERR4810486,resistant,katG,AGA,0.17
ERR4810486,resistant,katG,GCA,0.36
ERR4810486,resistant,katG,CTA,0.1
ERR4810486,resistant,katG,ATA,0.12
ERR4810486,resistant,katG,TTA,0.1
ERR4810486,resistant,katG,AGG,0.17
ERR4810486,resistant,gyrA,ATG,1.0
ERR4810486,resistant,gyrA,ACA,0.26
ERR4810486,resistant,gyrA,GAC,1.68
ERR4810486,resistant,gyrA,ACG,0.77
ERR4810486,resistant,gyrA,TTG,0.91
ERR4810486,resistant,gyrA,CCG,2.34
ERR4810486,resistant,gyrA,CCT,0.28
ERR4810486,resistant,gyrA,TCG,2.31
ERR4810486,resistant,gyrA,CTC,0.53
ERR4810486,resistant,gyrA,CGG,1.95
ERR4810486,resistant,gyrA,ATC,2.56
ERR4810486,resistant,gyrA,GAA,0.65
ERR4810486,resistant,gyrA,GTT,0.7
ERR4810486,resistant,gyrA,CAG,1.88
ERR4810486,resistant,gyrA,GAG,1.35
ERR4810486,resistant,gyrA,CGC,2.92
ERR4810486,resistant,gyrA,AGC,1.38
ERR4810486,resistant,gyrA,TAC,1.28
ERR4810486,resistant,gyrA,TAT,0.72
ERR4810486,resistant,gyrA,GCG,1.43
ERR4810486,resistant,gyrA,GTG,1.74
ERR4810486,resistant,gyrA,GTC,1.45
ERR4810486,resistant,gyrA,GGC,2.26
ERR4810486,resistant,gyrA,CTG,4.18
ERR4810486,resistant,gyrA,GGG,0.64
ERR4810486,resistant,gyrA,AAG,1.28
ERR4810486,resistant,gyrA,CCC,0.97
ERR4810486,resistant,gyrA,CAT,0.14
ERR4810486,resistant,gyrA,GCA,0.43
ERR4810486,resistant,gyrA,TTC,1.88
ERR4810486,resistant,gyrA,GAT,0.32
ERR4810486,resistant,gyrA,TCC,1.69
ERR4810486,resistant,gyrA,CAC,1.86
ERR4810486,resistant,gyrA,GCC,2.1
ERR4810486,resistant,gyrA,ACC,2.55
ERR4810486,resistant,gyrA,AAC,1.38
ERR4810486,resistant,gyrA,TGG,1.0
ERR4810486,resistant,gyrA,CCA,0.41
ERR4810486,resistant,gyrA,AAT,0.62
ERR4810486,resistant,gyrA,AGG,0.38
ERR4810486,resistant,gyrA,CAA,0.12
ERR4810486,resistant,gyrA,CTA,0.15
ERR4810486,resistant,gyrA,TCA,0.31
ERR4810486,resistant,gyrA,CGT,0.53
ERR4810486,resistant,gyrA,AAA,0.72
ERR4810486,resistant,gyrA,GGA,0.52
ERR4810486,resistant,gyrA,GCT,0.05
ERR4810486,resistant,gyrA,ACT,0.43
ERR4810486,resistant,gyrA,ATT,0.44
ERR4810486,resistant,gyrA,CGA,0.23
ERR4810486,resistant,gyrA,GTA,0.12
ERR4810486,resistant,gyrA,GGT,0.58
ERR4810486,resistant,gyrA,TCT,0.15
ERR4810486,resistant,gyrA,TTA,0.15
ERR4810486,resistant,gyrA,CTT,0.08
ERR4810486,resistant,gyrA,TTT,0.12
ERR4810486,resistant,gyrA,TGC,1.0
ERR4810486,resistant,gyrA,TGT,1.0
ERR4810486,resistant,gyrA,AGT,0.15
ERR4810487,sensitive,rpoB,TTG,0.8
ERR4810487,sensitive,rpoB,GCA,0.24
ERR4810487,sensitive,rpoB,GAT,0.21
ERR4810487,sensitive,rpoB,TCC,1.52
ERR4810487,sensitive,rpoB,CGC,3.18
ERR4810487,sensitive,rpoB,CAG,1.76
ERR4810487,sensitive,rpoB,AGC,1.01
ERR4810487,sensitive,rpoB,AAA,0.24
ERR4810487,sensitive,rpoB,ACA,0.13
ERR4810487,sensitive,rpoB,GCC,2.15
ERR4810487,sensitive,rpoB,GCT,0.29
ERR4810487,sensitive,rpoB,AGT,0.59
ERR4810487,sensitive,rpoB,CCT,0.18
ERR4810487,sensitive,rpoB,CCG,2.65
ERR4810487,sensitive,rpoB,CAA,0.24
ERR4810487,sensitive,rpoB,TCG,2.45
ERR4810487,sensitive,rpoB,AAT,0.15
ERR4810487,sensitive,rpoB,AAC,1.85
ERR4810487,sensitive,rpoB,GTA,0.04
ERR4810487,sensitive,rpoB,CCC,0.92
ERR4810487,sensitive,rpoB,GGA,0.12
ERR4810487,sensitive,rpoB,GCG,1.32
ERR4810487,sensitive,rpoB,CCA,0.25
ERR4810487,sensitive,rpoB,CGG,1.66
ERR4810487,sensitive,rpoB,GTC,1.71
ERR4810487,sensitive,rpoB,TTC,1.82
ERR4810487,sensitive,rpoB,AAG,1.76
ERR4810487,sensitive,rpoB,CTG,4.14
ERR4810487,sensitive,rpoB,GAA,0.37
ERR4810487,sensitive,rpoB,CTT,0.25
ERR4810487,sensitive,rpoB,GAG,1.63
ERR4810487,sensitive,rpoB,GTT,0.25
ERR4810487,sensitive,rpoB,CTC,0.74
ERR4810487,sensitive,rpoB,GAC,1.79
ERR4810487,sensitive,rpoB,ACC,2.6
ERR4810487,sensitive,rpoB,TGG,1.0
ERR4810487,sensitive,rpoB,ATC,2.63
ERR4810487,sensitive,rpoB,GGT,1.08
ERR4810487,sensitive,rpoB,GTG,2.0
ERR4810487,sensitive,rpoB,GGC,2.08
ERR4810487,sensitive,rpoB,TAC,1.75
ERR4810487,sensitive,rpoB,TCT,0.25
ERR4810487,sensitive,rpoB,GGG,0.71
ERR4810487,sensitive,rpoB,ATG,1.0
ERR4810487,sensitive,rpoB,CGT,0.8
ERR4810487,sensitive,rpoB,TGC,1.56
ERR4810487,sensitive,rpoB,ACG,1.02
ERR4810487,sensitive,rpoB,ATT,0.37
ERR4810487,sensitive,rpoB,CAC,1.82
ERR4810487,sensitive,rpoB,TTT,0.18
ERR4810487,sensitive,rpoB,CGA,0.29
ERR4810487,sensitive,rpoB,TCA,0.17
ERR4810487,sensitive,rpoB,TAT,0.25
ERR4810487,sensitive,rpoB,CAT,0.18
ERR4810487,sensitive,rpoB,ACT,0.25
ERR4810487,sensitive,rpoB,TGT,0.44
ERR4810487,sensitive,rpoB,AGG,0.07
ERR4810487,sensitive,rpoB,CTA,0.06
ERR4810487,sensitive,katG,GTG,1.46
ERR4810487,sensitive,katG,CCC,1.44
ERR4810487,sensitive,katG,GAG,1.45
ERR4810487,sensitive,katG,CAA,0.48
ERR4810487,sensitive,katG,CAC,1.67
ERR4810487,sensitive,katG,CCA,0.32
ERR4810487,sensitive,katG,ATT,0.6
ERR4810487,sensitive,katG,ACA,0.19
ERR4810487,sensitive,katG,GAA,0.55
ERR4810487,sensitive,katG,ACC,2.38
ERR4810487,sensitive,katG,GGA,0.25
ERR4810487,sensitive,katG,GCC,1.77
ERR4810487,sensitive,katG,GCT,0.47
ERR4810487,sensitive,katG,AGC,2.0
ERR4810487,sensitive,katG,AAC,1.93
ERR4810487,sensitive,katG,GGC,2.38
ERR4810487,sensitive,katG,TGT,1.33
ERR4810487,sensitive,katG,GTC,2.0
ERR4810487,sensitive,katG,GGT,0.71
ERR4810487,sensitive,katG,CAT,0.33
ERR4810487,sensitive,katG,ATG,1.0
ERR4810487,sensitive,katG,AAA,0.23
ERR4810487,sensitive,katG,TAC,1.52
ERR4810487,sensitive,katG,CAG,1.52
ERR4810487,sensitive,katG,GAC,1.52
ERR4810487,sensitive,katG,TGG,1.0
ERR4810487,sensitive,katG,CGG,2.0
ERR4810487,sensitive,katG,CTC,1.35
ERR4810487,sensitive,katG,AAT,0.07
ERR4810487,sensitive,katG,CTG,3.39
ERR4810487,sensitive,katG,AAG,1.77
ERR4810487,sensitive,katG,GTA,0.23
ERR4810487,sensitive,katG,CCG,2.0
ERR4810487,sensitive,katG,GCG,1.4
ERR4810487,sensitive,katG,TTC,1.77
ERR4810487,sensitive,katG,TAT,0.48
ERR4810487,sensitive,katG,ATC,2.28
ERR4810487,sensitive,katG,GTT,0.31
ERR4810487,sensitive,katG,ACG,1.14
ERR4810487,sensitive,katG,TCG,1.83
ERR4810487,sensitive,katG,GGG,0.66
ERR4810487,sensitive,katG,TTT,0.23
ERR4810487,sensitive,katG,CGC,2.83
ERR4810487,sensitive,katG,CTT,0.48
ERR4810487,sensitive,katG,TTG,0.58
ERR4810487,sensitive,katG,TCA,0.67
ERR4810487,sensitive,katG,TGC,0.67
ERR4810487,sensitive,katG,GAT,0.48
ERR4810487,sensitive,katG,CGT,0.5
ERR4810487,sensitive,katG,ACT,0.29
ERR4810487,sensitive,katG,AGT,0.5
ERR4810487,sensitive,katG,CCT,0.24
ERR4810487,sensitive,katG,TCC,1.0
ERR4810487,sensitive,katG,CGA,0.33
ERR4810487,sensitive,katG,AGA,0.17
ERR4810487,sensitive,katG,GCA,0.36
ERR4810487,sensitive,katG,CTA,0.1
ERR4810487,sensitive,katG,ATA,0.12
ERR4810487,sensitive,katG,TTA,0.1
ERR4810487,sensitive,katG,AGG,0.17
ERR4810487,sensitive,gyrA,ATG,1.0
ERR4810487,sensitive,gyrA,ACA,0.26
ERR4810487,sensitive,gyrA,GAC,1.68
ERR4810487,sensitive,gyrA,ACG,0.77
ERR4810487,sensitive,gyrA,TTG,0.91
ERR4810487,sensitive,gyrA,CCG,2.34
ERR4810487,sensitive,gyrA,CCT,0.28
ERR4810487,sensitive,gyrA,TCG,2.31
ERR4810487,sensitive,gyrA,CTC,0.53
ERR4810487,sensitive,gyrA,CGG,1.95
ERR4810487,sensitive,gyrA,ATC,2.56
ERR4810487,sensitive,gyrA,GAA,0.65
ERR4810487,sensitive,gyrA,GTT,0.7
ERR4810487,sensitive,gyrA,CAG,1.88
ERR4810487,sensitive,gyrA,GAG,1.35
ERR4810487,sensitive,gyrA,CGC,2.92
ERR4810487,sensitive,gyrA,AGC,1.38
ERR4810487,sensitive,gyrA,TAC,1.28
ERR4810487,sensitive,gyrA,TAT,0.72
ERR4810487,sensitive,gyrA,GCG,1.45
ERR4810487,sensitive,gyrA,GTG,1.74
ERR4810487,sensitive,gyrA,GTC,1.45
ERR4810487,sensitive,gyrA,GGC,2.26
ERR4810487,sensitive,gyrA,CTG,4.18
ERR4810487,sensitive,gyrA,GGG,0.64
ERR4810487,sensitive,gyrA,AAG,1.28
ERR4810487,sensitive,gyrA,CCC,0.97
ERR4810487,sensitive,gyrA,CAT,0.14
ERR4810487,sensitive,gyrA,GCA,0.43
ERR4810487,sensitive,gyrA,TTC,1.88
ERR4810487,sensitive,gyrA,GAT,0.32
ERR4810487,sensitive,gyrA,TCC,1.69
ERR4810487,sensitive,gyrA,CAC,1.86
ERR4810487,sensitive,gyrA,GCC,2.07
ERR4810487,sensitive,gyrA,ACC,2.55
ERR4810487,sensitive,gyrA,AAC,1.38
ERR4810487,sensitive,gyrA,TGG,1.0
ERR4810487,sensitive,gyrA,CCA,0.41
ERR4810487,sensitive,gyrA,AAT,0.62
ERR4810487,sensitive,gyrA,AGG,0.38
ERR4810487,sensitive,gyrA,CAA,0.12
ERR4810487,sensitive,gyrA,CTA,0.15
ERR4810487,sensitive,gyrA,TCA,0.31
ERR4810487,sensitive,gyrA,CGT,0.53
ERR4810487,sensitive,gyrA,AAA,0.72
ERR4810487,sensitive,gyrA,GGA,0.52
ERR4810487,sensitive,gyrA,GCT,0.05
ERR4810487,sensitive,gyrA,ACT,0.43
ERR4810487,sensitive,gyrA,ATT,0.44
ERR4810487,sensitive,gyrA,CGA,0.23
ERR4810487,sensitive,gyrA,GTA,0.12
ERR4810487,sensitive,gyrA,GGT,0.58
ERR4810487,sensitive,gyrA,TCT,0.15
ERR4810487,sensitive,gyrA,TTA,0.15
ERR4810487,sensitive,gyrA,CTT,0.08
ERR4810487,sensitive,gyrA,TTT,0.12
ERR4810487,sensitive,gyrA,TGC,1.0
ERR4810487,sensitive,gyrA,TGT,1.0
ERR4810487,sensitive,gyrA,AGT,0.15
ERR4810488,sensitive,rpoB,TTG,0.8
ERR4810488,sensitive,rpoB,GCA,0.24
ERR4810488,sensitive,rpoB,GAT,0.21
ERR4810488,sensitive,rpoB,TCC,1.52
ERR4810488,sensitive,rpoB,CGC,3.18
ERR4810488,sensitive,rpoB,CAG,1.76
ERR4810488,sensitive,rpoB,AGC,1.01
ERR4810488,sensitive,rpoB,AAA,0.24
ERR4810488,sensitive,rpoB,ACA,0.13
ERR4810488,sensitive,rpoB,GCC,2.17
ERR4810488,sensitive,rpoB,GCT,0.29
ERR4810488,sensitive,rpoB,AGT,0.59
ERR4810488,sensitive,rpoB,CCT,0.18
ERR4810488,sensitive,rpoB,CCG,2.65
ERR4810488,sensitive,rpoB,CAA,0.24
ERR4810488,sensitive,rpoB,TCG,2.45
ERR4810488,sensitive,rpoB,AAT,0.15
ERR4810488,sensitive,rpoB,AAC,1.85
ERR4810488,sensitive,rpoB,GTA,0.04
ERR4810488,sensitive,rpoB,CCC,0.92
ERR4810488,sensitive,rpoB,GGA,0.12
ERR4810488,sensitive,rpoB,GCG,1.3
ERR4810488,sensitive,rpoB,CCA,0.25
ERR4810488,sensitive,rpoB,CGG,1.66
ERR4810488,sensitive,rpoB,GTC,1.69
ERR4810488,sensitive,rpoB,TTC,1.82
ERR4810488,sensitive,rpoB,AAG,1.76
ERR4810488,sensitive,rpoB,CTG,4.14
ERR4810488,sensitive,rpoB,GAA,0.37
ERR4810488,sensitive,rpoB,CTT,0.25
ERR4810488,sensitive,rpoB,GAG,1.63
ERR4810488,sensitive,rpoB,GTT,0.25
ERR4810488,sensitive,rpoB,CTC,0.74
ERR4810488,sensitive,rpoB,GAC,1.79
ERR4810488,sensitive,rpoB,ACC,2.6
ERR4810488,sensitive,rpoB,TGG,1.0
ERR4810488,sensitive,rpoB,ATC,2.63
ERR4810488,sensitive,rpoB,GGT,1.08
ERR4810488,sensitive,rpoB,GTG,2.02
ERR4810488,sensitive,rpoB,GGC,2.08
ERR4810488,sensitive,rpoB,TAC,1.75
ERR4810488,sensitive,rpoB,TCT,0.25
ERR4810488,sensitive,rpoB,GGG,0.71
ERR4810488,sensitive,rpoB,ATG,1.0
ERR4810488,sensitive,rpoB,CGT,0.8
ERR4810488,sensitive,rpoB,TGC,1.56
ERR4810488,sensitive,rpoB,ACG,1.02
ERR4810488,sensitive,rpoB,ATT,0.37
ERR4810488,sensitive,rpoB,CAC,1.82
ERR4810488,sensitive,rpoB,TTT,0.18
ERR4810488,sensitive,rpoB,CGA,0.29
ERR4810488,sensitive,rpoB,TCA,0.17
ERR4810488,sensitive,rpoB,TAT,0.25
ERR4810488,sensitive,rpoB,CAT,0.18
ERR4810488,sensitive,rpoB,ACT,0.25
ERR4810488,sensitive,rpoB,TGT,0.44
ERR4810488,sensitive,rpoB,AGG,0.07
ERR4810488,sensitive,rpoB,CTA,0.06
ERR4810488,sensitive,katG,GTG,1.46
ERR4810488,sensitive,katG,CCC,1.44
ERR4810488,sensitive,katG,GAG,1.45
ERR4810488,sensitive,katG,CAA,0.48
ERR4810488,sensitive,katG,CAC,1.67
ERR4810488,sensitive,katG,CCA,0.32
ERR4810488,sensitive,katG,ATT,0.6
ERR4810488,sensitive,katG,ACA,0.19
ERR4810488,sensitive,katG,GAA,0.55
ERR4810488,sensitive,katG,ACC,2.38
ERR4810488,sensitive,katG,GGA,0.25
ERR4810488,sensitive,katG,GCC,1.77
ERR4810488,sensitive,katG,GCT,0.47
ERR4810488,sensitive,katG,AGC,2.0
ERR4810488,sensitive,katG,AAC,1.93
ERR4810488,sensitive,katG,GGC,2.38
ERR4810488,sensitive,katG,TGT,1.33
ERR4810488,sensitive,katG,GTC,2.0
ERR4810488,sensitive,katG,GGT,0.71
ERR4810488,sensitive,katG,CAT,0.33
ERR4810488,sensitive,katG,ATG,1.0
ERR4810488,sensitive,katG,AAA,0.23
ERR4810488,sensitive,katG,TAC,1.52
ERR4810488,sensitive,katG,CAG,1.52
ERR4810488,sensitive,katG,GAC,1.52
ERR4810488,sensitive,katG,TGG,1.0
ERR4810488,sensitive,katG,CGG,2.0
ERR4810488,sensitive,katG,CTC,1.35
ERR4810488,sensitive,katG,AAT,0.07
ERR4810488,sensitive,katG,CTG,3.39
ERR4810488,sensitive,katG,AAG,1.77
ERR4810488,sensitive,katG,GTA,0.23
ERR4810488,sensitive,katG,CCG,2.0
ERR4810488,sensitive,katG,GCG,1.4
ERR4810488,sensitive,katG,TTC,1.77
ERR4810488,sensitive,katG,TAT,0.48
ERR4810488,sensitive,katG,ATC,2.28
ERR4810488,sensitive,katG,GTT,0.31
ERR4810488,sensitive,katG,ACG,1.14
ERR4810488,sensitive,katG,TCG,1.83
ERR4810488,sensitive,katG,GGG,0.66
ERR4810488,sensitive,katG,TTT,0.23
ERR4810488,sensitive,katG,CGC,2.83
ERR4810488,sensitive,katG,CTT,0.48
ERR4810488,sensitive,katG,TTG,0.58
ERR4810488,sensitive,katG,TCA,0.67
ERR4810488,sensitive,katG,TGC,0.67
ERR4810488,sensitive,katG,GAT,0.48
ERR4810488,sensitive,katG,CGT,0.5
ERR4810488,sensitive,katG,ACT,0.29
ERR4810488,sensitive,katG,AGT,0.5
ERR4810488,sensitive,katG,CCT,0.24
ERR4810488,sensitive,katG,TCC,1.0
ERR4810488,sensitive,katG,CGA,0.33
ERR4810488,sensitive,katG,AGA,0.17
ERR4810488,sensitive,katG,GCA,0.36
ERR4810488,sensitive,katG,CTA,0.1
ERR4810488,sensitive,katG,ATA,0.12
ERR4810488,sensitive,katG,TTA,0.1
ERR4810488,sensitive,katG,AGG,0.17
ERR4810488,sensitive,gyrA,ATG,1.0
ERR4810488,sensitive,gyrA,ACA,0.26
ERR4810488,sensitive,gyrA,GAC,1.68
ERR4810488,sensitive,gyrA,ACG,0.77
ERR4810488,sensitive,gyrA,TTG,0.91
ERR4810488,sensitive,gyrA,CCG,2.34
ERR4810488,sensitive,gyrA,CCT,0.28
ERR4810488,sensitive,gyrA,TCG,2.31
ERR4810488,sensitive,gyrA,CTC,0.53
ERR4810488,sensitive,gyrA,CGG,1.95
ERR4810488,sensitive,gyrA,ATC,2.56
ERR4810488,sensitive,gyrA,GAA,0.65
ERR4810488,sensitive,gyrA,GTT,0.7
ERR4810488,sensitive,gyrA,CAG,1.88
ERR4810488,sensitive,gyrA,GAG,1.35
ERR4810488,sensitive,gyrA,CGC,2.92
ERR4810488,sensitive,gyrA,AGC,1.38
ERR4810488,sensitive,gyrA,TAC,1.28
ERR4810488,sensitive,gyrA,TAT,0.72
ERR4810488,sensitive,gyrA,GCG,1.45
ERR4810488,sensitive,gyrA,GTG,1.74
ERR4810488,sensitive,gyrA,GTC,1.45
ERR4810488,sensitive,gyrA,GGC,2.26
ERR4810488,sensitive,gyrA,CTG,4.1
ERR4810488,sensitive,gyrA,GGG,0.64
ERR4810488,sensitive,gyrA,AAG,1.28
ERR4810488,sensitive,gyrA,CCC,0.97
ERR4810488,sensitive,gyrA,CAT,0.14
ERR4810488,sensitive,gyrA,GCA,0.43
ERR4810488,sensitive,gyrA,TTC,1.88
ERR4810488,sensitive,gyrA,GAT,0.32
ERR4810488,sensitive,gyrA,TCC,1.69
ERR4810488,sensitive,gyrA,CAC,1.86
ERR4810488,sensitive,gyrA,GCC,2.07
ERR4810488,sensitive,gyrA,ACC,2.55
ERR4810488,sensitive,gyrA,AAC,1.38
ERR4810488,sensitive,gyrA,TGG,1.0
ERR4810488,sensitive,gyrA,CCA,0.41
ERR4810488,sensitive,gyrA,AAT,0.62
ERR4810488,sensitive,gyrA,AGG,0.38
ERR4810488,sensitive,gyrA,CAA,0.12
ERR4810488,sensitive,gyrA,CTA,0.23
ERR4810488,sensitive,gyrA,TCA,0.31
ERR4810488,sensitive,gyrA,CGT,0.53
ERR4810488,sensitive,gyrA,AAA,0.72
ERR4810488,sensitive,gyrA,GGA,0.52
ERR4810488,sensitive,gyrA,GCT,0.05
ERR4810488,sensitive,gyrA,ACT,0.43
ERR4810488,sensitive,gyrA,ATT,0.44
ERR4810488,sensitive,gyrA,CGA,0.23
ERR4810488,sensitive,gyrA,GTA,0.12
ERR4810488,sensitive,gyrA,GGT,0.58
ERR4810488,sensitive,gyrA,TCT,0.15
ERR4810488,sensitive,gyrA,TTA,0.15
ERR4810488,sensitive,gyrA,CTT,0.08
ERR4810488,sensitive,gyrA,TTT,0.12
ERR4810488,sensitive,gyrA,TGC,1.0
ERR4810488,sensitive,gyrA,TGT,1.0
ERR4810488,sensitive,gyrA,AGT,0.15
ERR4810489,sensitive,rpoB,TTG,0.8
ERR4810489,sensitive,rpoB,GCA,0.24
ERR4810489,sensitive,rpoB,GAT,0.21
ERR4810489,sensitive,rpoB,TCC,1.52
ERR4810489,sensitive,rpoB,CGC,3.18
ERR4810489,sensitive,rpoB,CAG,1.76
ERR4810489,sensitive,rpoB,AGC,1.01
ERR4810489,sensitive,rpoB,AAA,0.24
ERR4810489,sensitive,rpoB,ACA,0.13
ERR4810489,sensitive,rpoB,GCC,2.17
ERR4810489,sensitive,rpoB,GCT,0.29
ERR4810489,sensitive,rpoB,AGT,0.59
ERR4810489,sensitive,rpoB,CCT,0.18
ERR4810489,sensitive,rpoB,CCG,2.65
ERR4810489,sensitive,rpoB,CAA,0.24
ERR4810489,sensitive,rpoB,TCG,2.45
ERR4810489,sensitive,rpoB,AAT,0.15
ERR4810489,sensitive,rpoB,AAC,1.85
ERR4810489,sensitive,rpoB,GTA,0.04
ERR4810489,sensitive,rpoB,CCC,0.92
ERR4810489,sensitive,rpoB,GGA,0.12
ERR4810489,sensitive,rpoB,GCG,1.3
ERR4810489,sensitive,rpoB,CCA,0.25
ERR4810489,sensitive,rpoB,CGG,1.66
ERR4810489,sensitive,rpoB,GTC,1.69
ERR4810489,sensitive,rpoB,TTC,1.82
ERR4810489,sensitive,rpoB,AAG,1.76
ERR4810489,sensitive,rpoB,CTG,4.14
ERR4810489,sensitive,rpoB,GAA,0.37
ERR4810489,sensitive,rpoB,CTT,0.25
ERR4810489,sensitive,rpoB,GAG,1.63
ERR4810489,sensitive,rpoB,GTT,0.25
ERR4810489,sensitive,rpoB,CTC,0.74
ERR4810489,sensitive,rpoB,GAC,1.79
ERR4810489,sensitive,rpoB,ACC,2.6
ERR4810489,sensitive,rpoB,TGG,1.0
ERR4810489,sensitive,rpoB,ATC,2.63
ERR4810489,sensitive,rpoB,GGT,1.08
ERR4810489,sensitive,rpoB,GTG,2.02
ERR4810489,sensitive,rpoB,GGC,2.08
ERR4810489,sensitive,rpoB,TAC,1.75
ERR4810489,sensitive,rpoB,TCT,0.25
ERR4810489,sensitive,rpoB,GGG,0.71
ERR4810489,sensitive,rpoB,ATG,1.0
ERR4810489,sensitive,rpoB,CGT,0.8
ERR4810489,sensitive,rpoB,TGC,1.56
ERR4810489,sensitive,rpoB,ACG,1.02
ERR4810489,sensitive,rpoB,ATT,0.37
ERR4810489,sensitive,rpoB,CAC,1.82
ERR4810489,sensitive,rpoB,TTT,0.18
ERR4810489,sensitive,rpoB,CGA,0.29
ERR4810489,sensitive,rpoB,TCA,0.17
ERR4810489,sensitive,rpoB,TAT,0.25
ERR4810489,sensitive,rpoB,CAT,0.18
ERR4810489,sensitive,rpoB,ACT,0.25
ERR4810489,sensitive,rpoB,TGT,0.44
ERR4810489,sensitive,rpoB,AGG,0.07
ERR4810489,sensitive,rpoB,CTA,0.06
ERR4810489,sensitive,katG,GTG,1.46
ERR4810489,sensitive,katG,CCC,1.44
ERR4810489,sensitive,katG,GAG,1.45
ERR4810489,sensitive,katG,CAA,0.48
ERR4810489,sensitive,katG,CAC,1.67
ERR4810489,sensitive,katG,CCA,0.32
ERR4810489,sensitive,katG,ATT,0.6
ERR4810489,sensitive,katG,ACA,0.19
ERR4810489,sensitive,katG,GAA,0.55
ERR4810489,sensitive,katG,ACC,2.38
ERR4810489,sensitive,katG,GGA,0.25
ERR4810489,sensitive,katG,GCC,1.77
ERR4810489,sensitive,katG,GCT,0.47
ERR4810489,sensitive,katG,AGC,2.0
ERR4810489,sensitive,katG,AAC,1.93
ERR4810489,sensitive,katG,GGC,2.38
ERR4810489,sensitive,katG,TGT,1.33
ERR4810489,sensitive,katG,GTC,2.0
ERR4810489,sensitive,katG,GGT,0.71
ERR4810489,sensitive,katG,CAT,0.33
ERR4810489,sensitive,katG,ATG,1.0
ERR4810489,sensitive,katG,AAA,0.23
ERR4810489,sensitive,katG,TAC,1.52
ERR4810489,sensitive,katG,CAG,1.52
ERR4810489,sensitive,katG,GAC,1.52
ERR4810489,sensitive,katG,TGG,1.0
ERR4810489,sensitive,katG,CGG,2.0
ERR4810489,sensitive,katG,CTC,1.35
ERR4810489,sensitive,katG,AAT,0.07
ERR4810489,sensitive,katG,CTG,3.39
ERR4810489,sensitive,katG,AAG,1.77
ERR4810489,sensitive,katG,GTA,0.23
ERR4810489,sensitive,katG,CCG,2.0
ERR4810489,sensitive,katG,GCG,1.4
ERR4810489,sensitive,katG,TTC,1.77
ERR4810489,sensitive,katG,TAT,0.48
ERR4810489,sensitive,katG,ATC,2.28
ERR4810489,sensitive,katG,GTT,0.31
ERR4810489,sensitive,katG,ACG,1.14
ERR4810489,sensitive,katG,TCG,1.83
ERR4810489,sensitive,katG,GGG,0.66
ERR4810489,sensitive,katG,TTT,0.23
ERR4810489,sensitive,katG,CGC,2.83
ERR4810489,sensitive,katG,CTT,0.48
ERR4810489,sensitive,katG,TTG,0.58
ERR4810489,sensitive,katG,TCA,0.67
ERR4810489,sensitive,katG,TGC,0.67
ERR4810489,sensitive,katG,GAT,0.48
ERR4810489,sensitive,katG,CGT,0.5
ERR4810489,sensitive,katG,ACT,0.29
ERR4810489,sensitive,katG,AGT,0.5
ERR4810489,sensitive,katG,CCT,0.24
ERR4810489,sensitive,katG,TCC,1.0
ERR4810489,sensitive,katG,CGA,0.33
ERR4810489,sensitive,katG,AGA,0.17
ERR4810489,sensitive,katG,GCA,0.36
ERR4810489,sensitive,katG,CTA,0.1
ERR4810489,sensitive,katG,ATA,0.12
ERR4810489,sensitive,katG,TTA,0.1
ERR4810489,sensitive,katG,AGG,0.17
ERR4810489,sensitive,gyrA,ATG,1.0
ERR4810489,sensitive,gyrA,ACA,0.26
ERR4810489,sensitive,gyrA,GAC,1.68
ERR4810489,sensitive,gyrA,ACG,0.77
ERR4810489,sensitive,gyrA,TTG,0.91
ERR4810489,sensitive,gyrA,CCG,2.34
ERR4810489,sensitive,gyrA,CCT,0.28
ERR4810489,sensitive,gyrA,TCG,2.31
ERR4810489,sensitive,gyrA,CTC,0.53
ERR4810489,sensitive,gyrA,CGG,1.95
ERR4810489,sensitive,gyrA,ATC,2.56
ERR4810489,sensitive,gyrA,GAA,0.65
ERR4810489,sensitive,gyrA,GTT,0.7
ERR4810489,sensitive,gyrA,CAG,1.88
ERR4810489,sensitive,gyrA,GAG,1.35
ERR4810489,sensitive,gyrA,CGC,2.92
ERR4810489,sensitive,gyrA,AGC,1.38
ERR4810489,sensitive,gyrA,TAC,1.28
ERR4810489,sensitive,gyrA,TAT,0.72
ERR4810489,sensitive,gyrA,GCG,1.45
ERR4810489,sensitive,gyrA,GTG,1.74
ERR4810489,sensitive,gyrA,GTC,1.45
ERR4810489,sensitive,gyrA,GGC,2.26
ERR4810489,sensitive,gyrA,CTG,4.18
ERR4810489,sensitive,gyrA,GGG,0.64
ERR4810489,sensitive,gyrA,AAG,1.28
ERR4810489,sensitive,gyrA,CCC,0.97
ERR4810489,sensitive,gyrA,CAT,0.14
ERR4810489,sensitive,gyrA,GCA,0.43
ERR4810489,sensitive,gyrA,TTC,1.88
ERR4810489,sensitive,gyrA,GAT,0.32
ERR4810489,sensitive,gyrA,TCC,1.69
ERR4810489,sensitive,gyrA,CAC,1.86
ERR4810489,sensitive,gyrA,GCC,2.07
ERR4810489,sensitive,gyrA,ACC,2.55
ERR4810489,sensitive,gyrA,AAC,1.38
ERR4810489,sensitive,gyrA,TGG,1.0
ERR4810489,sensitive,gyrA,CCA,0.41
ERR4810489,sensitive,gyrA,AAT,0.62
ERR4810489,sensitive,gyrA,AGG,0.38
ERR4810489,sensitive,gyrA,CAA,0.12
ERR4810489,sensitive,gyrA,CTA,0.15
ERR4810489,sensitive,gyrA,TCA,0.31
ERR4810489,sensitive,gyrA,CGT,0.53
ERR4810489,sensitive,gyrA,AAA,0.72
ERR4810489,sensitive,gyrA,GGA,0.52
ERR4810489,sensitive,gyrA,GCT,0.05
ERR4810489,sensitive,gyrA,ACT,0.43
ERR4810489,sensitive,gyrA,ATT,0.44
ERR4810489,sensitive,gyrA,CGA,0.23
ERR4810489,sensitive,gyrA,GTA,0.12
ERR4810489,sensitive,gyrA,GGT,0.58
ERR4810489,sensitive,gyrA,TCT,0.15
ERR4810489,sensitive,gyrA,TTA,0.15
ERR4810489,sensitive,gyrA,CTT,0.08
ERR4810489,sensitive,gyrA,TTT,0.12
ERR4810489,sensitive,gyrA,TGC,1.0
ERR4810489,sensitive,gyrA,TGT,1.0
ERR4810489,sensitive,gyrA,AGT,0.15
ERR4810491,sensitive,rpoB,TTG,0.8
ERR4810491,sensitive,rpoB,GCA,0.24
ERR4810491,sensitive,rpoB,GAT,0.21
ERR4810491,sensitive,rpoB,TCC,1.52
ERR4810491,sensitive,rpoB,CGC,3.18
ERR4810491,sensitive,rpoB,CAG,1.76
ERR4810491,sensitive,rpoB,AGC,1.01
ERR4810491,sensitive,rpoB,AAA,0.24
ERR4810491,sensitive,rpoB,ACA,0.13
ERR4810491,sensitive,rpoB,GCC,2.17
ERR4810491,sensitive,rpoB,GCT,0.29
ERR4810491,sensitive,rpoB,AGT,0.59
ERR4810491,sensitive,rpoB,CCT,0.18
ERR4810491,sensitive,rpoB,CCG,2.65
ERR4810491,sensitive,rpoB,CAA,0.24
ERR4810491,sensitive,rpoB,TCG,2.45
ERR4810491,sensitive,rpoB,AAT,0.15
ERR4810491,sensitive,rpoB,AAC,1.85
ERR4810491,sensitive,rpoB,GTA,0.04
ERR4810491,sensitive,rpoB,CCC,0.92
ERR4810491,sensitive,rpoB,GGA,0.12
ERR4810491,sensitive,rpoB,GCG,1.3
ERR4810491,sensitive,rpoB,CCA,0.25
ERR4810491,sensitive,rpoB,CGG,1.66
ERR4810491,sensitive,rpoB,GTC,1.68
ERR4810491,sensitive,rpoB,TTC,1.82
ERR4810491,sensitive,rpoB,AAG,1.76
ERR4810491,sensitive,rpoB,CTG,4.14
ERR4810491,sensitive,rpoB,GAA,0.37
ERR4810491,sensitive,rpoB,CTT,0.25
ERR4810491,sensitive,rpoB,GAG,1.63
ERR4810491,sensitive,rpoB,GTT,0.29
ERR4810491,sensitive,rpoB,CTC,0.74
ERR4810491,sensitive,rpoB,GAC,1.79
ERR4810491,sensitive,rpoB,ACC,2.6
ERR4810491,sensitive,rpoB,TGG,1.0
ERR4810491,sensitive,rpoB,ATC,2.67
ERR4810491,sensitive,rpoB,GGT,1.08
ERR4810491,sensitive,rpoB,GTG,2.0
ERR4810491,sensitive,rpoB,GGC,2.08
ERR4810491,sensitive,rpoB,TAC,1.75
ERR4810491,sensitive,rpoB,TCT,0.25
ERR4810491,sensitive,rpoB,GGG,0.71
ERR4810491,sensitive,rpoB,ATG,1.0
ERR4810491,sensitive,rpoB,CGT,0.8
ERR4810491,sensitive,rpoB,TGC,1.56
ERR4810491,sensitive,rpoB,ACG,1.02
ERR4810491,sensitive,rpoB,ATT,0.33
ERR4810491,sensitive,rpoB,CAC,1.82
ERR4810491,sensitive,rpoB,TTT,0.18
ERR4810491,sensitive,rpoB,CGA,0.29
ERR4810491,sensitive,rpoB,TCA,0.17
ERR4810491,sensitive,rpoB,TAT,0.25
ERR4810491,sensitive,rpoB,CAT,0.18
ERR4810491,sensitive,rpoB,ACT,0.25
ERR4810491,sensitive,rpoB,TGT,0.44
ERR4810491,sensitive,rpoB,AGG,0.07
ERR4810491,sensitive,rpoB,CTA,0.06
ERR4810491,sensitive,katG,GTG,1.46
ERR4810491,sensitive,katG,CCC,1.44
ERR4810491,sensitive,katG,GAG,1.45
ERR4810491,sensitive,katG,CAA,0.48
ERR4810491,sensitive,katG,CAC,1.67
ERR4810491,sensitive,katG,CCA,0.32
ERR4810491,sensitive,katG,ATT,0.6
ERR4810491,sensitive,katG,ACA,0.19
ERR4810491,sensitive,katG,GAA,0.55
ERR4810491,sensitive,katG,ACC,2.38
ERR4810491,sensitive,katG,GGA,0.25
ERR4810491,sensitive,katG,GCC,1.77
ERR4810491,sensitive,katG,GCT,0.47
ERR4810491,sensitive,katG,AGC,2.0
ERR4810491,sensitive,katG,AAC,1.93
ERR4810491,sensitive,katG,GGC,2.38
ERR4810491,sensitive,katG,TGT,1.33
ERR4810491,sensitive,katG,GTC,2.0
ERR4810491,sensitive,katG,GGT,0.71
ERR4810491,sensitive,katG,CAT,0.33
ERR4810491,sensitive,katG,ATG,1.0
ERR4810491,sensitive,katG,AAA,0.23
ERR4810491,sensitive,katG,TAC,1.52
ERR4810491,sensitive,katG,CAG,1.52
ERR4810491,sensitive,katG,GAC,1.52
ERR4810491,sensitive,katG,TGG,1.0
ERR4810491,sensitive,katG,CGG,2.0
ERR4810491,sensitive,katG,CTC,1.35
ERR4810491,sensitive,katG,AAT,0.07
ERR4810491,sensitive,katG,CTG,3.39
ERR4810491,sensitive,katG,AAG,1.77
ERR4810491,sensitive,katG,GTA,0.23
ERR4810491,sensitive,katG,CCG,2.0
ERR4810491,sensitive,katG,GCG,1.4
ERR4810491,sensitive,katG,TTC,1.77
ERR4810491,sensitive,katG,TAT,0.48
ERR4810491,sensitive,katG,ATC,2.28
ERR4810491,sensitive,katG,GTT,0.31
ERR4810491,sensitive,katG,ACG,1.14
ERR4810491,sensitive,katG,TCG,1.83
ERR4810491,sensitive,katG,GGG,0.66
ERR4810491,sensitive,katG,TTT,0.23
ERR4810491,sensitive,katG,CGC,2.83
ERR4810491,sensitive,katG,CTT,0.48
ERR4810491,sensitive,katG,TTG,0.58
ERR4810491,sensitive,katG,TCA,0.67
ERR4810491,sensitive,katG,TGC,0.67
ERR4810491,sensitive,katG,GAT,0.48
ERR4810491,sensitive,katG,CGT,0.5
ERR4810491,sensitive,katG,ACT,0.29
ERR4810491,sensitive,katG,AGT,0.5
ERR4810491,sensitive,katG,CCT,0.24
ERR4810491,sensitive,katG,TCC,1.0
ERR4810491,sensitive,katG,CGA,0.33
ERR4810491,sensitive,katG,AGA,0.17
ERR4810491,sensitive,katG,GCA,0.36
ERR4810491,sensitive,katG,CTA,0.1
ERR4810491,sensitive,katG,ATA,0.12
ERR4810491,sensitive,katG,TTA,0.1
ERR4810491,sensitive,katG,AGG,0.17
ERR4810491,sensitive,gyrA,ATG,1.0
ERR4810491,sensitive,gyrA,ACA,0.26
ERR4810491,sensitive,gyrA,GAC,1.68
ERR4810491,sensitive,gyrA,ACG,0.77
ERR4810491,sensitive,gyrA,TTG,0.91
ERR4810491,sensitive,gyrA,CCG,2.34
ERR4810491,sensitive,gyrA,CCT,0.28
ERR4810491,sensitive,gyrA,TCG,2.31
ERR4810491,sensitive,gyrA,CTC,0.53
ERR4810491,sensitive,gyrA,CGG,1.95
ERR4810491,sensitive,gyrA,ATC,2.56
ERR4810491,sensitive,gyrA,GAA,0.65
ERR4810491,sensitive,gyrA,GTT,0.7
ERR4810491,sensitive,gyrA,CAG,1.88
ERR4810491,sensitive,gyrA,GAG,1.35
ERR4810491,sensitive,gyrA,CGC,2.92
ERR4810491,sensitive,gyrA,AGC,1.38
ERR4810491,sensitive,gyrA,TAC,1.28
ERR4810491,sensitive,gyrA,TAT,0.72
ERR4810491,sensitive,gyrA,GCG,1.45
ERR4810491,sensitive,gyrA,GTG,1.74
ERR4810491,sensitive,gyrA,GTC,1.45
ERR4810491,sensitive,gyrA,GGC,2.26
ERR4810491,sensitive,gyrA,CTG,4.1
ERR4810491,sensitive,gyrA,GGG,0.64
ERR4810491,sensitive,gyrA,AAG,1.28
ERR4810491,sensitive,gyrA,CCC,0.97
ERR4810491,sensitive,gyrA,CAT,0.14
ERR4810491,sensitive,gyrA,GCA,0.43
ERR4810491,sensitive,gyrA,TTC,1.88
ERR4810491,sensitive,gyrA,GAT,0.32
ERR4810491,sensitive,gyrA,TCC,1.69
ERR4810491,sensitive,gyrA,CAC,1.86
ERR4810491,sensitive,gyrA,GCC,2.07
ERR4810491,sensitive,gyrA,ACC,2.55
ERR4810491,sensitive,gyrA,AAC,1.38
ERR4810491,sensitive,gyrA,TGG,1.0
ERR4810491,sensitive,gyrA,CCA,0.41
ERR4810491,sensitive,gyrA,AAT,0.62
ERR4810491,sensitive,gyrA,AGG,0.38
ERR4810491,sensitive,gyrA,CAA,0.12
ERR4810491,sensitive,gyrA,CTA,0.23
ERR4810491,sensitive,gyrA,TCA,0.31
ERR4810491,sensitive,gyrA,CGT,0.53
ERR4810491,sensitive,gyrA,AAA,0.72
ERR4810491,sensitive,gyrA,GGA,0.52
ERR4810491,sensitive,gyrA,GCT,0.05
ERR4810491,sensitive,gyrA,ACT,0.43
ERR4810491,sensitive,gyrA,ATT,0.44
ERR4810491,sensitive,gyrA,CGA,0.23
ERR4810491,sensitive,gyrA,GTA,0.12
ERR4810491,sensitive,gyrA,GGT,0.58
ERR4810491,sensitive,gyrA,TCT,0.15
ERR4810491,sensitive,gyrA,TTA,0.15
ERR4810491,sensitive,gyrA,CTT,0.08
ERR4810491,sensitive,gyrA,TTT,0.12
ERR4810491,sensitive,gyrA,TGC,1.0
ERR4810491,sensitive,gyrA,TGT,1.0
ERR4810491,sensitive,gyrA,AGT,0.15
ERR4810492,sensitive,rpoB,TTG,0.8
ERR4810492,sensitive,rpoB,GCA,0.24
ERR4810492,sensitive,rpoB,GAT,0.21
ERR4810492,sensitive,rpoB,TCC,1.52
ERR4810492,sensitive,rpoB,CGC,3.18
ERR4810492,sensitive,rpoB,CAG,1.76
ERR4810492,sensitive,rpoB,AGC,1.01
ERR4810492,sensitive,rpoB,AAA,0.24
ERR4810492,sensitive,rpoB,ACA,0.13
ERR4810492,sensitive,rpoB,GCC,2.17
ERR4810492,sensitive,rpoB,GCT,0.29
ERR4810492,sensitive,rpoB,AGT,0.59
ERR4810492,sensitive,rpoB,CCT,0.18
ERR4810492,sensitive,rpoB,CCG,2.65
ERR4810492,sensitive,rpoB,CAA,0.24
ERR4810492,sensitive,rpoB,TCG,2.45
ERR4810492,sensitive,rpoB,AAT,0.15
ERR4810492,sensitive,rpoB,AAC,1.85
ERR4810492,sensitive,rpoB,GTA,0.04
ERR4810492,sensitive,rpoB,CCC,0.92
ERR4810492,sensitive,rpoB,GGA,0.12
ERR4810492,sensitive,rpoB,GCG,1.3
ERR4810492,sensitive,rpoB,CCA,0.25
ERR4810492,sensitive,rpoB,CGG,1.66
ERR4810492,sensitive,rpoB,GTC,1.69
ERR4810492,sensitive,rpoB,TTC,1.82
ERR4810492,sensitive,rpoB,AAG,1.76
ERR4810492,sensitive,rpoB,CTG,4.14
ERR4810492,sensitive,rpoB,GAA,0.37
ERR4810492,sensitive,rpoB,CTT,0.25
ERR4810492,sensitive,rpoB,GAG,1.63
ERR4810492,sensitive,rpoB,GTT,0.25
ERR4810492,sensitive,rpoB,CTC,0.74
ERR4810492,sensitive,rpoB,GAC,1.79
ERR4810492,sensitive,rpoB,ACC,2.6
ERR4810492,sensitive,rpoB,TGG,1.0
ERR4810492,sensitive,rpoB,ATC,2.63
ERR4810492,sensitive,rpoB,GGT,1.08
ERR4810492,sensitive,rpoB,GTG,2.02
ERR4810492,sensitive,rpoB,GGC,2.08
ERR4810492,sensitive,rpoB,TAC,1.75
ERR4810492,sensitive,rpoB,TCT,0.25
ERR4810492,sensitive,rpoB,GGG,0.71
ERR4810492,sensitive,rpoB,ATG,1.0
ERR4810492,sensitive,rpoB,CGT,0.8
ERR4810492,sensitive,rpoB,TGC,1.56
ERR4810492,sensitive,rpoB,ACG,1.02
ERR4810492,sensitive,rpoB,ATT,0.37
ERR4810492,sensitive,rpoB,CAC,1.82
ERR4810492,sensitive,rpoB,TTT,0.18
ERR4810492,sensitive,rpoB,CGA,0.29
ERR4810492,sensitive,rpoB,TCA,0.17
ERR4810492,sensitive,rpoB,TAT,0.25
ERR4810492,sensitive,rpoB,CAT,0.18
ERR4810492,sensitive,rpoB,ACT,0.25
ERR4810492,sensitive,rpoB,TGT,0.44
ERR4810492,sensitive,rpoB,AGG,0.07
ERR4810492,sensitive,rpoB,CTA,0.06
ERR4810492,sensitive,katG,GTG,1.46
ERR4810492,sensitive,katG,CCC,1.44
ERR4810492,sensitive,katG,GAG,1.45
ERR4810492,sensitive,katG,CAA,0.48
ERR4810492,sensitive,katG,CAC,1.67
ERR4810492,sensitive,katG,CCA,0.32
ERR4810492,sensitive,katG,ATT,0.6
ERR4810492,sensitive,katG,ACA,0.19
ERR4810492,sensitive,katG,GAA,0.55
ERR4810492,sensitive,katG,ACC,2.38
ERR4810492,sensitive,katG,GGA,0.25
ERR4810492,sensitive,katG,GCC,1.77
ERR4810492,sensitive,katG,GCT,0.47
ERR4810492,sensitive,katG,AGC,2.0
ERR4810492,sensitive,katG,AAC,1.93
ERR4810492,sensitive,katG,GGC,2.38
ERR4810492,sensitive,katG,TGT,1.33
ERR4810492,sensitive,katG,GTC,2.0
ERR4810492,sensitive,katG,GGT,0.71
ERR4810492,sensitive,katG,CAT,0.33
ERR4810492,sensitive,katG,ATG,1.0
ERR4810492,sensitive,katG,AAA,0.23
ERR4810492,sensitive,katG,TAC,1.52
ERR4810492,sensitive,katG,CAG,1.52
ERR4810492,sensitive,katG,GAC,1.52
ERR4810492,sensitive,katG,TGG,1.0
ERR4810492,sensitive,katG,CGG,2.0
ERR4810492,sensitive,katG,CTC,1.35
ERR4810492,sensitive,katG,AAT,0.07
ERR4810492,sensitive,katG,CTG,3.39
ERR4810492,sensitive,katG,AAG,1.77
ERR4810492,sensitive,katG,GTA,0.23
ERR4810492,sensitive,katG,CCG,2.0
ERR4810492,sensitive,katG,GCG,1.4
ERR4810492,sensitive,katG,TTC,1.77
ERR4810492,sensitive,katG,TAT,0.48
ERR4810492,sensitive,katG,ATC,2.28
ERR4810492,sensitive,katG,GTT,0.31
ERR4810492,sensitive,katG,ACG,1.14
ERR4810492,sensitive,katG,TCG,1.83
ERR4810492,sensitive,katG,GGG,0.66
ERR4810492,sensitive,katG,TTT,0.23
ERR4810492,sensitive,katG,CGC,2.83
ERR4810492,sensitive,katG,CTT,0.48
ERR4810492,sensitive,katG,TTG,0.58
ERR4810492,sensitive,katG,TCA,0.67
ERR4810492,sensitive,katG,TGC,0.67
ERR4810492,sensitive,katG,GAT,0.48
ERR4810492,sensitive,katG,CGT,0.5
ERR4810492,sensitive,katG,ACT,0.29
ERR4810492,sensitive,katG,AGT,0.5
ERR4810492,sensitive,katG,CCT,0.24
ERR4810492,sensitive,katG,TCC,1.0
ERR4810492,sensitive,katG,CGA,0.33
ERR4810492,sensitive,katG,AGA,0.17
ERR4810492,sensitive,katG,GCA,0.36
ERR4810492,sensitive,katG,CTA,0.1
ERR4810492,sensitive,katG,ATA,0.12
ERR4810492,sensitive,katG,TTA,0.1
ERR4810492,sensitive,katG,AGG,0.17
ERR4810492,sensitive,gyrA,ATG,1.0
ERR4810492,sensitive,gyrA,ACA,0.26
ERR4810492,sensitive,gyrA,GAC,1.68
ERR4810492,sensitive,gyrA,ACG,0.77
ERR4810492,sensitive,gyrA,TTG,0.91
ERR4810492,sensitive,gyrA,CCG,2.34
ERR4810492,sensitive,gyrA,CCT,0.28
ERR4810492,sensitive,gyrA,TCG,2.31
ERR4810492,sensitive,gyrA,CTC,0.53
ERR4810492,sensitive,gyrA,CGG,1.95
ERR4810492,sensitive,gyrA,ATC,2.56
ERR4810492,sensitive,gyrA,GAA,0.65
ERR4810492,sensitive,gyrA,GTT,0.7
ERR4810492,sensitive,gyrA,CAG,1.88
ERR4810492,sensitive,gyrA,GAG,1.35
ERR4810492,sensitive,gyrA,CGC,2.92
ERR4810492,sensitive,gyrA,AGC,1.38
ERR4810492,sensitive,gyrA,TAC,1.28
ERR4810492,sensitive,gyrA,TAT,0.72
ERR4810492,sensitive,gyrA,GCG,1.45
ERR4810492,sensitive,gyrA,GTG,1.74
ERR4810492,sensitive,gyrA,GTC,1.45
ERR4810492,sensitive,gyrA,GGC,2.26
ERR4810492,sensitive,gyrA,CTG,4.1
ERR4810492,sensitive,gyrA,GGG,0.64
ERR4810492,sensitive,gyrA,AAG,1.28
ERR4810492,sensitive,gyrA,CCC,0.97
ERR4810492,sensitive,gyrA,CAT,0.14
ERR4810492,sensitive,gyrA,GCA,0.43
ERR4810492,sensitive,gyrA,TTC,1.88
ERR4810492,sensitive,gyrA,GAT,0.32
ERR4810492,sensitive,gyrA,TCC,1.69
ERR4810492,sensitive,gyrA,CAC,1.86
ERR4810492,sensitive,gyrA,GCC,2.07
ERR4810492,sensitive,gyrA,ACC,2.55
ERR4810492,sensitive,gyrA,AAC,1.38
ERR4810492,sensitive,gyrA,TGG,1.0
ERR4810492,sensitive,gyrA,CCA,0.41
ERR4810492,sensitive,gyrA,AAT,0.62
ERR4810492,sensitive,gyrA,AGG,0.38
ERR4810492,sensitive,gyrA,CAA,0.12
ERR4810492,sensitive,gyrA,CTA,0.23
ERR4810492,sensitive,gyrA,TCA,0.31
ERR4810492,sensitive,gyrA,CGT,0.53
ERR4810492,sensitive,gyrA,AAA,0.72
ERR4810492,sensitive,gyrA,GGA,0.52
ERR4810492,sensitive,gyrA,GCT,0.05
ERR4810492,sensitive,gyrA,ACT,0.43
ERR4810492,sensitive,gyrA,ATT,0.44
ERR4810492,sensitive,gyrA,CGA,0.23
ERR4810492,sensitive,gyrA,GTA,0.12
ERR4810492,sensitive,gyrA,GGT,0.58
ERR4810492,sensitive,gyrA,TCT,0.15
ERR4810492,sensitive,gyrA,TTA,0.15
ERR4810492,sensitive,gyrA,CTT,0.08
ERR4810492,sensitive,gyrA,TTT,0.12
ERR4810492,sensitive,gyrA,TGC,1.0
ERR4810492,sensitive,gyrA,TGT,1.0
ERR4810492,sensitive,gyrA,AGT,0.15
ERR4810493,sensitive,rpoB,TTG,0.8
ERR4810493,sensitive,rpoB,GCA,0.24
ERR4810493,sensitive,rpoB,GAT,0.21
ERR4810493,sensitive,rpoB,TCC,1.52
ERR4810493,sensitive,rpoB,CGC,3.18
ERR4810493,sensitive,rpoB,CAG,1.76
ERR4810493,sensitive,rpoB,AGC,1.01
ERR4810493,sensitive,rpoB,AAA,0.24
ERR4810493,sensitive,rpoB,ACA,0.13
ERR4810493,sensitive,rpoB,GCC,2.17
ERR4810493,sensitive,rpoB,GCT,0.29
ERR4810493,sensitive,rpoB,AGT,0.59
ERR4810493,sensitive,rpoB,CCT,0.18
ERR4810493,sensitive,rpoB,CCG,2.65
ERR4810493,sensitive,rpoB,CAA,0.24
ERR4810493,sensitive,rpoB,TCG,2.45
ERR4810493,sensitive,rpoB,AAT,0.15
ERR4810493,sensitive,rpoB,AAC,1.85
ERR4810493,sensitive,rpoB,GTA,0.04
ERR4810493,sensitive,rpoB,CCC,0.92
ERR4810493,sensitive,rpoB,GGA,0.12
ERR4810493,sensitive,rpoB,GCG,1.3
ERR4810493,sensitive,rpoB,CCA,0.25
ERR4810493,sensitive,rpoB,CGG,1.66
ERR4810493,sensitive,rpoB,GTC,1.69
ERR4810493,sensitive,rpoB,TTC,1.82
ERR4810493,sensitive,rpoB,AAG,1.76
ERR4810493,sensitive,rpoB,CTG,4.14
ERR4810493,sensitive,rpoB,GAA,0.37
ERR4810493,sensitive,rpoB,CTT,0.25
ERR4810493,sensitive,rpoB,GAG,1.63
ERR4810493,sensitive,rpoB,GTT,0.25
ERR4810493,sensitive,rpoB,CTC,0.74
ERR4810493,sensitive,rpoB,GAC,1.79
ERR4810493,sensitive,rpoB,ACC,2.6
ERR4810493,sensitive,rpoB,TGG,1.0
ERR4810493,sensitive,rpoB,ATC,2.63
ERR4810493,sensitive,rpoB,GGT,1.08
ERR4810493,sensitive,rpoB,GTG,2.02
ERR4810493,sensitive,rpoB,GGC,2.08
ERR4810493,sensitive,rpoB,TAC,1.75
ERR4810493,sensitive,rpoB,TCT,0.25
ERR4810493,sensitive,rpoB,GGG,0.71
ERR4810493,sensitive,rpoB,ATG,1.0
ERR4810493,sensitive,rpoB,CGT,0.8
ERR4810493,sensitive,rpoB,TGC,1.56
ERR4810493,sensitive,rpoB,ACG,1.02
ERR4810493,sensitive,rpoB,ATT,0.37
ERR4810493,sensitive,rpoB,CAC,1.82
ERR4810493,sensitive,rpoB,TTT,0.18
ERR4810493,sensitive,rpoB,CGA,0.29
ERR4810493,sensitive,rpoB,TCA,0.17
ERR4810493,sensitive,rpoB,TAT,0.25
ERR4810493,sensitive,rpoB,CAT,0.18
ERR4810493,sensitive,rpoB,ACT,0.25
ERR4810493,sensitive,rpoB,TGT,0.44
ERR4810493,sensitive,rpoB,AGG,0.07
ERR4810493,sensitive,rpoB,CTA,0.06
ERR4810493,sensitive,katG,GTG,1.46
ERR4810493,sensitive,katG,CCC,1.44
ERR4810493,sensitive,katG,GAG,1.45
ERR4810493,sensitive,katG,CAA,0.48
ERR4810493,sensitive,katG,CAC,1.67
ERR4810493,sensitive,katG,CCA,0.32
ERR4810493,sensitive,katG,ATT,0.6
ERR4810493,sensitive,katG,ACA,0.19
ERR4810493,sensitive,katG,GAA,0.55
ERR4810493,sensitive,katG,ACC,2.38
ERR4810493,sensitive,katG,GGA,0.25
ERR4810493,sensitive,katG,GCC,1.77
ERR4810493,sensitive,katG,GCT,0.47
ERR4810493,sensitive,katG,AGC,2.0
ERR4810493,sensitive,katG,AAC,1.93
ERR4810493,sensitive,katG,GGC,2.38
ERR4810493,sensitive,katG,TGT,1.33
ERR4810493,sensitive,katG,GTC,2.0
ERR4810493,sensitive,katG,GGT,0.71
ERR4810493,sensitive,katG,CAT,0.33
ERR4810493,sensitive,katG,ATG,1.0
ERR4810493,sensitive,katG,AAA,0.23
ERR4810493,sensitive,katG,TAC,1.52
ERR4810493,sensitive,katG,CAG,1.52
ERR4810493,sensitive,katG,GAC,1.52
ERR4810493,sensitive,katG,TGG,1.0
ERR4810493,sensitive,katG,CGG,2.0
ERR4810493,sensitive,katG,CTC,1.35
ERR4810493,sensitive,katG,AAT,0.07
ERR4810493,sensitive,katG,CTG,3.39
ERR4810493,sensitive,katG,AAG,1.77
ERR4810493,sensitive,katG,GTA,0.23
ERR4810493,sensitive,katG,CCG,2.0
ERR4810493,sensitive,katG,GCG,1.4
ERR4810493,sensitive,katG,TTC,1.77
ERR4810493,sensitive,katG,TAT,0.48
ERR4810493,sensitive,katG,ATC,2.28
ERR4810493,sensitive,katG,GTT,0.31
ERR4810493,sensitive,katG,ACG,1.14
ERR4810493,sensitive,katG,TCG,1.83
ERR4810493,sensitive,katG,GGG,0.66
ERR4810493,sensitive,katG,TTT,0.23
ERR4810493,sensitive,katG,CGC,2.83
ERR4810493,sensitive,katG,CTT,0.48
ERR4810493,sensitive,katG,TTG,0.58
ERR4810493,sensitive,katG,TCA,0.67
ERR4810493,sensitive,katG,TGC,0.67
ERR4810493,sensitive,katG,GAT,0.48
ERR4810493,sensitive,katG,CGT,0.5
ERR4810493,sensitive,katG,ACT,0.29
ERR4810493,sensitive,katG,AGT,0.5
ERR4810493,sensitive,katG,CCT,0.24
ERR4810493,sensitive,katG,TCC,1.0
ERR4810493,sensitive,katG,CGA,0.33
ERR4810493,sensitive,katG,AGA,0.17
ERR4810493,sensitive,katG,GCA,0.36
ERR4810493,sensitive,katG,CTA,0.1
ERR4810493,sensitive,katG,ATA,0.12
ERR4810493,sensitive,katG,TTA,0.1
ERR4810493,sensitive,katG,AGG,0.17
ERR4810493,sensitive,gyrA,ATG,1.0
ERR4810493,sensitive,gyrA,ACA,0.26
ERR4810493,sensitive,gyrA,GAC,1.68
ERR4810493,sensitive,gyrA,ACG,0.77
ERR4810493,sensitive,gyrA,TTG,0.91
ERR4810493,sensitive,gyrA,CCG,2.34
ERR4810493,sensitive,gyrA,CCT,0.28
ERR4810493,sensitive,gyrA,TCG,2.31
ERR4810493,sensitive,gyrA,CTC,0.53
ERR4810493,sensitive,gyrA,CGG,1.95
ERR4810493,sensitive,gyrA,ATC,2.56
ERR4810493,sensitive,gyrA,GAA,0.65
ERR4810493,sensitive,gyrA,GTT,0.7
ERR4810493,sensitive,gyrA,CAG,1.88
ERR4810493,sensitive,gyrA,GAG,1.35
ERR4810493,sensitive,gyrA,CGC,2.92
ERR4810493,sensitive,gyrA,AGC,1.38
ERR4810493,sensitive,gyrA,TAC,1.28
ERR4810493,sensitive,gyrA,TAT,0.72
ERR4810493,sensitive,gyrA,GCG,1.45
ERR4810493,sensitive,gyrA,GTG,1.74
ERR4810493,sensitive,gyrA,GTC,1.45
ERR4810493,sensitive,gyrA,GGC,2.26
ERR4810493,sensitive,gyrA,CTG,4.18
ERR4810493,sensitive,gyrA,GGG,0.64
ERR4810493,sensitive,gyrA,AAG,1.28
ERR4810493,sensitive,gyrA,CCC,0.97
ERR4810493,sensitive,gyrA,CAT,0.14
ERR4810493,sensitive,gyrA,GCA,0.43
ERR4810493,sensitive,gyrA,TTC,1.88
ERR4810493,sensitive,gyrA,GAT,0.32
ERR4810493,sensitive,gyrA,TCC,1.69
ERR4810493,sensitive,gyrA,CAC,1.86
ERR4810493,sensitive,gyrA,GCC,2.07
ERR4810493,sensitive,gyrA,ACC,2.55
ERR4810493,sensitive,gyrA,AAC,1.38
ERR4810493,sensitive,gyrA,TGG,1.0
ERR4810493,sensitive,gyrA,CCA,0.41
ERR4810493,sensitive,gyrA,AAT,0.62
ERR4810493,sensitive,gyrA,AGG,0.38
ERR4810493,sensitive,gyrA,CAA,0.12
ERR4810493,sensitive,gyrA,CTA,0.15
ERR4810493,sensitive,gyrA,TCA,0.31
ERR4810493,sensitive,gyrA,CGT,0.53
ERR4810493,sensitive,gyrA,AAA,0.72
ERR4810493,sensitive,gyrA,GGA,0.52
ERR4810493,sensitive,gyrA,GCT,0.05
ERR4810493,sensitive,gyrA,ACT,0.43
ERR4810493,sensitive,gyrA,ATT,0.44
ERR4810493,sensitive,gyrA,CGA,0.23
ERR4810493,sensitive,gyrA,GTA,0.12
ERR4810493,sensitive,gyrA,GGT,0.58
ERR4810493,sensitive,gyrA,TCT,0.15
ERR4810493,sensitive,gyrA,TTA,0.15
ERR4810493,sensitive,gyrA,CTT,0.08
ERR4810493,sensitive,gyrA,TTT,0.12
ERR4810493,sensitive,gyrA,TGC,1.0
ERR4810493,sensitive,gyrA,TGT,1.0
ERR4810493,sensitive,gyrA,AGT,0.15
ERR4810494,sensitive,rpoB,TTG,0.8
ERR4810494,sensitive,rpoB,GCA,0.24
ERR4810494,sensitive,rpoB,GAT,0.21
ERR4810494,sensitive,rpoB,TCC,1.52
ERR4810494,sensitive,rpoB,CGC,3.18
ERR4810494,sensitive,rpoB,CAG,1.76
ERR4810494,sensitive,rpoB,AGC,1.01
ERR4810494,sensitive,rpoB,AAA,0.24
ERR4810494,sensitive,rpoB,ACA,0.13
ERR4810494,sensitive,rpoB,GCC,2.17
ERR4810494,sensitive,rpoB,GCT,0.29
ERR4810494,sensitive,rpoB,AGT,0.59
ERR4810494,sensitive,rpoB,CCT,0.18
ERR4810494,sensitive,rpoB,CCG,2.65
ERR4810494,sensitive,rpoB,CAA,0.24
ERR4810494,sensitive,rpoB,TCG,2.45
ERR4810494,sensitive,rpoB,AAT,0.15
ERR4810494,sensitive,rpoB,AAC,1.85
ERR4810494,sensitive,rpoB,GTA,0.04
ERR4810494,sensitive,rpoB,CCC,0.92
ERR4810494,sensitive,rpoB,GGA,0.12
ERR4810494,sensitive,rpoB,GCG,1.3
ERR4810494,sensitive,rpoB,CCA,0.25
ERR4810494,sensitive,rpoB,CGG,1.66
ERR4810494,sensitive,rpoB,GTC,1.68
ERR4810494,sensitive,rpoB,TTC,1.82
ERR4810494,sensitive,rpoB,AAG,1.76
ERR4810494,sensitive,rpoB,CTG,4.14
ERR4810494,sensitive,rpoB,GAA,0.37
ERR4810494,sensitive,rpoB,CTT,0.25
ERR4810494,sensitive,rpoB,GAG,1.63
ERR4810494,sensitive,rpoB,GTT,0.29
ERR4810494,sensitive,rpoB,CTC,0.74
ERR4810494,sensitive,rpoB,GAC,1.79
ERR4810494,sensitive,rpoB,ACC,2.6
ERR4810494,sensitive,rpoB,TGG,1.0
ERR4810494,sensitive,rpoB,ATC,2.67
ERR4810494,sensitive,rpoB,GGT,1.08
ERR4810494,sensitive,rpoB,GTG,2.0
ERR4810494,sensitive,rpoB,GGC,2.08
ERR4810494,sensitive,rpoB,TAC,1.75
ERR4810494,sensitive,rpoB,TCT,0.25
ERR4810494,sensitive,rpoB,GGG,0.71
ERR4810494,sensitive,rpoB,ATG,1.0
ERR4810494,sensitive,rpoB,CGT,0.8
ERR4810494,sensitive,rpoB,TGC,1.56
ERR4810494,sensitive,rpoB,ACG,1.02
ERR4810494,sensitive,rpoB,ATT,0.33
ERR4810494,sensitive,rpoB,CAC,1.82
ERR4810494,sensitive,rpoB,TTT,0.18
ERR4810494,sensitive,rpoB,CGA,0.29
ERR4810494,sensitive,rpoB,TCA,0.17
ERR4810494,sensitive,rpoB,TAT,0.25
ERR4810494,sensitive,rpoB,CAT,0.18
ERR4810494,sensitive,rpoB,ACT,0.25
ERR4810494,sensitive,rpoB,TGT,0.44
ERR4810494,sensitive,rpoB,AGG,0.07
ERR4810494,sensitive,rpoB,CTA,0.06
ERR4810494,sensitive,katG,GTG,1.46
ERR4810494,sensitive,katG,CCC,1.44
ERR4810494,sensitive,katG,GAG,1.45
ERR4810494,sensitive,katG,CAA,0.48
ERR4810494,sensitive,katG,CAC,1.67
ERR4810494,sensitive,katG,CCA,0.32
ERR4810494,sensitive,katG,ATT,0.6
ERR4810494,sensitive,katG,ACA,0.19
ERR4810494,sensitive,katG,GAA,0.55
ERR4810494,sensitive,katG,ACC,2.38
ERR4810494,sensitive,katG,GGA,0.25
ERR4810494,sensitive,katG,GCC,1.77
ERR4810494,sensitive,katG,GCT,0.47
ERR4810494,sensitive,katG,AGC,2.0
ERR4810494,sensitive,katG,AAC,1.93
ERR4810494,sensitive,katG,GGC,2.38
ERR4810494,sensitive,katG,TGT,1.33
ERR4810494,sensitive,katG,GTC,2.0
ERR4810494,sensitive,katG,GGT,0.71
ERR4810494,sensitive,katG,CAT,0.33
ERR4810494,sensitive,katG,ATG,1.0
ERR4810494,sensitive,katG,AAA,0.23
ERR4810494,sensitive,katG,TAC,1.52
ERR4810494,sensitive,katG,CAG,1.52
ERR4810494,sensitive,katG,GAC,1.52
ERR4810494,sensitive,katG,TGG,1.0
ERR4810494,sensitive,katG,CGG,2.0
ERR4810494,sensitive,katG,CTC,1.35
ERR4810494,sensitive,katG,AAT,0.07
ERR4810494,sensitive,katG,CTG,3.39
ERR4810494,sensitive,katG,AAG,1.77
ERR4810494,sensitive,katG,GTA,0.23
ERR4810494,sensitive,katG,CCG,2.0
ERR4810494,sensitive,katG,GCG,1.4
ERR4810494,sensitive,katG,TTC,1.77
ERR4810494,sensitive,katG,TAT,0.48
ERR4810494,sensitive,katG,ATC,2.28
ERR4810494,sensitive,katG,GTT,0.31
ERR4810494,sensitive,katG,ACG,1.14
ERR4810494,sensitive,katG,TCG,1.83
ERR4810494,sensitive,katG,GGG,0.66
ERR4810494,sensitive,katG,TTT,0.23
ERR4810494,sensitive,katG,CGC,2.83
ERR4810494,sensitive,katG,CTT,0.48
ERR4810494,sensitive,katG,TTG,0.58
ERR4810494,sensitive,katG,TCA,0.67
ERR4810494,sensitive,katG,TGC,0.67
ERR4810494,sensitive,katG,GAT,0.48
ERR4810494,sensitive,katG,CGT,0.5
ERR4810494,sensitive,katG,ACT,0.29
ERR4810494,sensitive,katG,AGT,0.5
ERR4810494,sensitive,katG,CCT,0.24
ERR4810494,sensitive,katG,TCC,1.0
ERR4810494,sensitive,katG,CGA,0.33
ERR4810494,sensitive,katG,AGA,0.17
ERR4810494,sensitive,katG,GCA,0.36
ERR4810494,sensitive,katG,CTA,0.1
ERR4810494,sensitive,katG,ATA,0.12
ERR4810494,sensitive,katG,TTA,0.1
ERR4810494,sensitive,katG,AGG,0.17
ERR4810494,sensitive,gyrA,ATG,1.0
ERR4810494,sensitive,gyrA,ACA,0.26
ERR4810494,sensitive,gyrA,GAC,1.68
ERR4810494,sensitive,gyrA,ACG,0.77
ERR4810494,sensitive,gyrA,TTG,0.91
ERR4810494,sensitive,gyrA,CCG,2.34
ERR4810494,sensitive,gyrA,CCT,0.28
ERR4810494,sensitive,gyrA,TCG,2.31
ERR4810494,sensitive,gyrA,CTC,0.53
ERR4810494,sensitive,gyrA,CGG,1.95
ERR4810494,sensitive,gyrA,ATC,2.56
ERR4810494,sensitive,gyrA,GAA,0.65
ERR4810494,sensitive,gyrA,GTT,0.7
ERR4810494,sensitive,gyrA,CAG,1.88
ERR4810494,sensitive,gyrA,GAG,1.35
ERR4810494,sensitive,gyrA,CGC,2.92
ERR4810494,sensitive,gyrA,AGC,1.38
ERR4810494,sensitive,gyrA,TAC,1.28
ERR4810494,sensitive,gyrA,TAT,0.72
ERR4810494,sensitive,gyrA,GCG,1.45
ERR4810494,sensitive,gyrA,GTG,1.74
ERR4810494,sensitive,gyrA,GTC,1.45
ERR4810494,sensitive,gyrA,GGC,2.26
ERR4810494,sensitive,gyrA,CTG,4.1
ERR4810494,sensitive,gyrA,GGG,0.64
ERR4810494,sensitive,gyrA,AAG,1.28
ERR4810494,sensitive,gyrA,CCC,0.97
ERR4810494,sensitive,gyrA,CAT,0.14
ERR4810494,sensitive,gyrA,GCA,0.43
ERR4810494,sensitive,gyrA,TTC,1.88
ERR4810494,sensitive,gyrA,GAT,0.32
ERR4810494,sensitive,gyrA,TCC,1.69
ERR4810494,sensitive,gyrA,CAC,1.86
ERR4810494,sensitive,gyrA,GCC,2.07
ERR4810494,sensitive,gyrA,ACC,2.55
ERR4810494,sensitive,gyrA,AAC,1.38
ERR4810494,sensitive,gyrA,TGG,1.0
ERR4810494,sensitive,gyrA,CCA,0.41
ERR4810494,sensitive,gyrA,AAT,0.62
ERR4810494,sensitive,gyrA,AGG,0.38
ERR4810494,sensitive,gyrA,CAA,0.12
ERR4810494,sensitive,gyrA,CTA,0.23
ERR4810494,sensitive,gyrA,TCA,0.31
ERR4810494,sensitive,gyrA,CGT,0.53
ERR4810494,sensitive,gyrA,AAA,0.72
ERR4810494,sensitive,gyrA,GGA,0.52
ERR4810494,sensitive,gyrA,GCT,0.05
ERR4810494,sensitive,gyrA,ACT,0.43
ERR4810494,sensitive,gyrA,ATT,0.44
ERR4810494,sensitive,gyrA,CGA,0.23
ERR4810494,sensitive,gyrA,GTA,0.12
ERR4810494,sensitive,gyrA,GGT,0.58
ERR4810494,sensitive,gyrA,TCT,0.15
ERR4810494,sensitive,gyrA,TTA,0.15
ERR4810494,sensitive,gyrA,CTT,0.08
ERR4810494,sensitive,gyrA,TTT,0.12
ERR4810494,sensitive,gyrA,TGC,1.0
ERR4810494,sensitive,gyrA,TGT,1.0
ERR4810494,sensitive,gyrA,AGT,0.15
ERR4810495,sensitive,rpoB,TTG,0.8
ERR4810495,sensitive,rpoB,GCA,0.24
ERR4810495,sensitive,rpoB,GAT,0.21
ERR4810495,sensitive,rpoB,TCC,1.52
ERR4810495,sensitive,rpoB,CGC,3.18
ERR4810495,sensitive,rpoB,CAG,1.76
ERR4810495,sensitive,rpoB,AGC,1.01
ERR4810495,sensitive,rpoB,AAA,0.24
ERR4810495,sensitive,rpoB,ACA,0.13
ERR4810495,sensitive,rpoB,GCC,2.22
ERR4810495,sensitive,rpoB,GCT,0.24
ERR4810495,sensitive,rpoB,AGT,0.59
ERR4810495,sensitive,rpoB,CCT,0.18
ERR4810495,sensitive,rpoB,CCG,2.65
ERR4810495,sensitive,rpoB,CAA,0.24
ERR4810495,sensitive,rpoB,TCG,2.45
ERR4810495,sensitive,rpoB,AAT,0.15
ERR4810495,sensitive,rpoB,AAC,1.85
ERR4810495,sensitive,rpoB,GTA,0.04
ERR4810495,sensitive,rpoB,CCC,0.92
ERR4810495,sensitive,rpoB,GGA,0.12
ERR4810495,sensitive,rpoB,GCG,1.3
ERR4810495,sensitive,rpoB,CCA,0.25
ERR4810495,sensitive,rpoB,CGG,1.66
ERR4810495,sensitive,rpoB,GTC,1.69
ERR4810495,sensitive,rpoB,TTC,1.82
ERR4810495,sensitive,rpoB,AAG,1.76
ERR4810495,sensitive,rpoB,CTG,4.14
ERR4810495,sensitive,rpoB,GAA,0.37
ERR4810495,sensitive,rpoB,CTT,0.25
ERR4810495,sensitive,rpoB,GAG,1.63
ERR4810495,sensitive,rpoB,GTT,0.25
ERR4810495,sensitive,rpoB,CTC,0.74
ERR4810495,sensitive,rpoB,GAC,1.79
ERR4810495,sensitive,rpoB,ACC,2.6
ERR4810495,sensitive,rpoB,TGG,1.0
ERR4810495,sensitive,rpoB,ATC,2.63
ERR4810495,sensitive,rpoB,GGT,1.08
ERR4810495,sensitive,rpoB,GTG,2.02
ERR4810495,sensitive,rpoB,GGC,2.08
ERR4810495,sensitive,rpoB,TAC,1.75
ERR4810495,sensitive,rpoB,TCT,0.25
ERR4810495,sensitive,rpoB,GGG,0.71
ERR4810495,sensitive,rpoB,ATG,1.0
ERR4810495,sensitive,rpoB,CGT,0.8
ERR4810495,sensitive,rpoB,TGC,1.56
ERR4810495,sensitive,rpoB,ACG,1.02
ERR4810495,sensitive,rpoB,ATT,0.37
ERR4810495,sensitive,rpoB,CAC,1.82
ERR4810495,sensitive,rpoB,TTT,0.18
ERR4810495,sensitive,rpoB,CGA,0.29
ERR4810495,sensitive,rpoB,TCA,0.17
ERR4810495,sensitive,rpoB,TAT,0.25
ERR4810495,sensitive,rpoB,CAT,0.18
ERR4810495,sensitive,rpoB,ACT,0.25
ERR4810495,sensitive,rpoB,TGT,0.44
ERR4810495,sensitive,rpoB,AGG,0.07
ERR4810495,sensitive,rpoB,CTA,0.06
ERR4810495,sensitive,katG,GTG,1.46
ERR4810495,sensitive,katG,CCC,1.44
ERR4810495,sensitive,katG,GAG,1.45
ERR4810495,sensitive,katG,CAA,0.48
ERR4810495,sensitive,katG,CAC,1.67
ERR4810495,sensitive,katG,CCA,0.32
ERR4810495,sensitive,katG,ATT,0.6
ERR4810495,sensitive,katG,ACA,0.19
ERR4810495,sensitive,katG,GAA,0.55
ERR4810495,sensitive,katG,ACC,2.38
ERR4810495,sensitive,katG,GGA,0.25
ERR4810495,sensitive,katG,GCC,1.77
ERR4810495,sensitive,katG,GCT,0.47
ERR4810495,sensitive,katG,AGC,2.0
ERR4810495,sensitive,katG,AAC,1.93
ERR4810495,sensitive,katG,GGC,2.38
ERR4810495,sensitive,katG,TGT,1.33
ERR4810495,sensitive,katG,GTC,2.0
ERR4810495,sensitive,katG,GGT,0.71
ERR4810495,sensitive,katG,CAT,0.33
ERR4810495,sensitive,katG,ATG,1.0
ERR4810495,sensitive,katG,AAA,0.23
ERR4810495,sensitive,katG,TAC,1.52
ERR4810495,sensitive,katG,CAG,1.52
ERR4810495,sensitive,katG,GAC,1.52
ERR4810495,sensitive,katG,TGG,1.0
ERR4810495,sensitive,katG,CGG,1.89
ERR4810495,sensitive,katG,CTC,1.33
ERR4810495,sensitive,katG,AAT,0.07
ERR4810495,sensitive,katG,CTG,3.43
ERR4810495,sensitive,katG,AAG,1.77
ERR4810495,sensitive,katG,GTA,0.23
ERR4810495,sensitive,katG,CCG,2.0
ERR4810495,sensitive,katG,GCG,1.4
ERR4810495,sensitive,katG,TTC,1.77
ERR4810495,sensitive,katG,TAT,0.48
ERR4810495,sensitive,katG,ATC,2.28
ERR4810495,sensitive,katG,GTT,0.31
ERR4810495,sensitive,katG,ACG,1.14
ERR4810495,sensitive,katG,TCG,1.83
ERR4810495,sensitive,katG,GGG,0.66
ERR4810495,sensitive,katG,TTT,0.23
ERR4810495,sensitive,katG,CGC,2.91
ERR4810495,sensitive,katG,CTT,0.48
ERR4810495,sensitive,katG,TTG,0.57
ERR4810495,sensitive,katG,TCA,0.67
ERR4810495,sensitive,katG,TGC,0.67
ERR4810495,sensitive,katG,GAT,0.48
ERR4810495,sensitive,katG,CGT,0.51
ERR4810495,sensitive,katG,ACT,0.29
ERR4810495,sensitive,katG,AGT,0.5
ERR4810495,sensitive,katG,CCT,0.24
ERR4810495,sensitive,katG,TCC,1.0
ERR4810495,sensitive,katG,CGA,0.34
ERR4810495,sensitive,katG,AGA,0.17
ERR4810495,sensitive,katG,GCA,0.36
ERR4810495,sensitive,katG,CTA,0.1
ERR4810495,sensitive,katG,ATA,0.12
ERR4810495,sensitive,katG,TTA,0.1
ERR4810495,sensitive,katG,AGG,0.17
ERR4810495,sensitive,gyrA,ATG,1.0
ERR4810495,sensitive,gyrA,ACA,0.26
ERR4810495,sensitive,gyrA,GAC,1.68
ERR4810495,sensitive,gyrA,ACG,0.77
ERR4810495,sensitive,gyrA,TTG,0.91
ERR4810495,sensitive,gyrA,CCG,2.34
ERR4810495,sensitive,gyrA,CCT,0.28
ERR4810495,sensitive,gyrA,TCG,2.31
ERR4810495,sensitive,gyrA,CTC,0.53
ERR4810495,sensitive,gyrA,CGG,1.95
ERR4810495,sensitive,gyrA,ATC,2.56
ERR4810495,sensitive,gyrA,GAA,0.65
ERR4810495,sensitive,gyrA,GTT,0.7
ERR4810495,sensitive,gyrA,CAG,1.88
ERR4810495,sensitive,gyrA,GAG,1.35
ERR4810495,sensitive,gyrA,CGC,2.92
ERR4810495,sensitive,gyrA,AGC,1.38
ERR4810495,sensitive,gyrA,TAC,1.28
ERR4810495,sensitive,gyrA,TAT,0.72
ERR4810495,sensitive,gyrA,GCG,1.45
ERR4810495,sensitive,gyrA,GTG,1.74
ERR4810495,sensitive,gyrA,GTC,1.45
ERR4810495,sensitive,gyrA,GGC,2.26
ERR4810495,sensitive,gyrA,CTG,4.18
ERR4810495,sensitive,gyrA,GGG,0.64
ERR4810495,sensitive,gyrA,AAG,1.28
ERR4810495,sensitive,gyrA,CCC,0.97
ERR4810495,sensitive,gyrA,CAT,0.14
ERR4810495,sensitive,gyrA,GCA,0.43
ERR4810495,sensitive,gyrA,TTC,1.88
ERR4810495,sensitive,gyrA,GAT,0.32
ERR4810495,sensitive,gyrA,TCC,1.69
ERR4810495,sensitive,gyrA,CAC,1.86
ERR4810495,sensitive,gyrA,GCC,2.07
ERR4810495,sensitive,gyrA,ACC,2.55
ERR4810495,sensitive,gyrA,AAC,1.38
ERR4810495,sensitive,gyrA,TGG,1.0
ERR4810495,sensitive,gyrA,CCA,0.41
ERR4810495,sensitive,gyrA,AAT,0.62
ERR4810495,sensitive,gyrA,AGG,0.38
ERR4810495,sensitive,gyrA,CAA,0.12
ERR4810495,sensitive,gyrA,CTA,0.15
ERR4810495,sensitive,gyrA,TCA,0.31
ERR4810495,sensitive,gyrA,CGT,0.53
ERR4810495,sensitive,gyrA,AAA,0.72
ERR4810495,sensitive,gyrA,GGA,0.52
ERR4810495,sensitive,gyrA,GCT,0.05
ERR4810495,sensitive,gyrA,ACT,0.43
ERR4810495,sensitive,gyrA,ATT,0.44
ERR4810495,sensitive,gyrA,CGA,0.23
ERR4810495,sensitive,gyrA,GTA,0.12
ERR4810495,sensitive,gyrA,GGT,0.58
ERR4810495,sensitive,gyrA,TCT,0.15
ERR4810495,sensitive,gyrA,TTA,0.15
ERR4810495,sensitive,gyrA,CTT,0.08
ERR4810495,sensitive,gyrA,TTT,0.12
ERR4810495,sensitive,gyrA,TGC,1.0
ERR4810495,sensitive,gyrA,TGT,1.0
ERR4810495,sensitive,gyrA,AGT,0.15
ERR4810497,sensitive,rpoB,TTG,0.8
ERR4810497,sensitive,rpoB,GCA,0.24
ERR4810497,sensitive,rpoB,GAT,0.21
ERR4810497,sensitive,rpoB,TCC,1.52
ERR4810497,sensitive,rpoB,CGC,3.18
ERR4810497,sensitive,rpoB,CAG,1.76
ERR4810497,sensitive,rpoB,AGC,1.01
ERR4810497,sensitive,rpoB,AAA,0.24
ERR4810497,sensitive,rpoB,ACA,0.13
ERR4810497,sensitive,rpoB,GCC,2.17
ERR4810497,sensitive,rpoB,GCT,0.29
ERR4810497,sensitive,rpoB,AGT,0.59
ERR4810497,sensitive,rpoB,CCT,0.18
ERR4810497,sensitive,rpoB,CCG,2.65
ERR4810497,sensitive,rpoB,CAA,0.24
ERR4810497,sensitive,rpoB,TCG,2.45
ERR4810497,sensitive,rpoB,AAT,0.15
ERR4810497,sensitive,rpoB,AAC,1.85
ERR4810497,sensitive,rpoB,GTA,0.04
ERR4810497,sensitive,rpoB,CCC,0.92
ERR4810497,sensitive,rpoB,GGA,0.12
ERR4810497,sensitive,rpoB,GCG,1.3
ERR4810497,sensitive,rpoB,CCA,0.25
ERR4810497,sensitive,rpoB,CGG,1.66
ERR4810497,sensitive,rpoB,GTC,1.68
ERR4810497,sensitive,rpoB,TTC,1.82
ERR4810497,sensitive,rpoB,AAG,1.76
ERR4810497,sensitive,rpoB,CTG,4.14
ERR4810497,sensitive,rpoB,GAA,0.37
ERR4810497,sensitive,rpoB,CTT,0.25
ERR4810497,sensitive,rpoB,GAG,1.63
ERR4810497,sensitive,rpoB,GTT,0.29
ERR4810497,sensitive,rpoB,CTC,0.74
ERR4810497,sensitive,rpoB,GAC,1.79
ERR4810497,sensitive,rpoB,ACC,2.6
ERR4810497,sensitive,rpoB,TGG,1.0
ERR4810497,sensitive,rpoB,ATC,2.67
ERR4810497,sensitive,rpoB,GGT,1.08
ERR4810497,sensitive,rpoB,GTG,2.0
ERR4810497,sensitive,rpoB,GGC,2.08
ERR4810497,sensitive,rpoB,TAC,1.75
ERR4810497,sensitive,rpoB,TCT,0.25
ERR4810497,sensitive,rpoB,GGG,0.71
ERR4810497,sensitive,rpoB,ATG,1.0
ERR4810497,sensitive,rpoB,CGT,0.8
ERR4810497,sensitive,rpoB,TGC,1.56
ERR4810497,sensitive,rpoB,ACG,1.02
ERR4810497,sensitive,rpoB,ATT,0.33
ERR4810497,sensitive,rpoB,CAC,1.82
ERR4810497,sensitive,rpoB,TTT,0.18
ERR4810497,sensitive,rpoB,CGA,0.29
ERR4810497,sensitive,rpoB,TCA,0.17
ERR4810497,sensitive,rpoB,TAT,0.25
ERR4810497,sensitive,rpoB,CAT,0.18
ERR4810497,sensitive,rpoB,ACT,0.25
ERR4810497,sensitive,rpoB,TGT,0.44
ERR4810497,sensitive,rpoB,AGG,0.07
ERR4810497,sensitive,rpoB,CTA,0.06
ERR4810497,sensitive,katG,GTG,1.46
ERR4810497,sensitive,katG,CCC,1.44
ERR4810497,sensitive,katG,GAG,1.45
ERR4810497,sensitive,katG,CAA,0.48
ERR4810497,sensitive,katG,CAC,1.67
ERR4810497,sensitive,katG,CCA,0.32
ERR4810497,sensitive,katG,ATT,0.6
ERR4810497,sensitive,katG,ACA,0.19
ERR4810497,sensitive,katG,GAA,0.55
ERR4810497,sensitive,katG,ACC,2.38
ERR4810497,sensitive,katG,GGA,0.25
ERR4810497,sensitive,katG,GCC,1.77
ERR4810497,sensitive,katG,GCT,0.47
ERR4810497,sensitive,katG,AGC,2.0
ERR4810497,sensitive,katG,AAC,1.93
ERR4810497,sensitive,katG,GGC,2.38
ERR4810497,sensitive,katG,TGT,1.33
ERR4810497,sensitive,katG,GTC,2.0
ERR4810497,sensitive,katG,GGT,0.71
ERR4810497,sensitive,katG,CAT,0.33
ERR4810497,sensitive,katG,ATG,1.0
ERR4810497,sensitive,katG,AAA,0.23
ERR4810497,sensitive,katG,TAC,1.52
ERR4810497,sensitive,katG,CAG,1.52
ERR4810497,sensitive,katG,GAC,1.52
ERR4810497,sensitive,katG,TGG,1.0
ERR4810497,sensitive,katG,CGG,2.0
ERR4810497,sensitive,katG,CTC,1.35
ERR4810497,sensitive,katG,AAT,0.07
ERR4810497,sensitive,katG,CTG,3.39
ERR4810497,sensitive,katG,AAG,1.77
ERR4810497,sensitive,katG,GTA,0.23
ERR4810497,sensitive,katG,CCG,2.0
ERR4810497,sensitive,katG,GCG,1.4
ERR4810497,sensitive,katG,TTC,1.77
ERR4810497,sensitive,katG,TAT,0.48
ERR4810497,sensitive,katG,ATC,2.28
ERR4810497,sensitive,katG,GTT,0.31
ERR4810497,sensitive,katG,ACG,1.14
ERR4810497,sensitive,katG,TCG,1.83
ERR4810497,sensitive,katG,GGG,0.66
ERR4810497,sensitive,katG,TTT,0.23
ERR4810497,sensitive,katG,CGC,2.83
ERR4810497,sensitive,katG,CTT,0.48
ERR4810497,sensitive,katG,TTG,0.58
ERR4810497,sensitive,katG,TCA,0.67
ERR4810497,sensitive,katG,TGC,0.67
ERR4810497,sensitive,katG,GAT,0.48
ERR4810497,sensitive,katG,CGT,0.5
ERR4810497,sensitive,katG,ACT,0.29
ERR4810497,sensitive,katG,AGT,0.5
ERR4810497,sensitive,katG,CCT,0.24
ERR4810497,sensitive,katG,TCC,1.0
ERR4810497,sensitive,katG,CGA,0.33
ERR4810497,sensitive,katG,AGA,0.17
ERR4810497,sensitive,katG,GCA,0.36
ERR4810497,sensitive,katG,CTA,0.1
ERR4810497,sensitive,katG,ATA,0.12
ERR4810497,sensitive,katG,TTA,0.1
ERR4810497,sensitive,katG,AGG,0.17
ERR4810497,sensitive,gyrA,ATG,1.0
ERR4810497,sensitive,gyrA,ACA,0.26
ERR4810497,sensitive,gyrA,GAC,1.68
ERR4810497,sensitive,gyrA,ACG,0.77
ERR4810497,sensitive,gyrA,TTG,0.91
ERR4810497,sensitive,gyrA,CCG,2.34
ERR4810497,sensitive,gyrA,CCT,0.28
ERR4810497,sensitive,gyrA,TCG,2.31
ERR4810497,sensitive,gyrA,CTC,0.53
ERR4810497,sensitive,gyrA,CGG,1.95
ERR4810497,sensitive,gyrA,ATC,2.56
ERR4810497,sensitive,gyrA,GAA,0.65
ERR4810497,sensitive,gyrA,GTT,0.7
ERR4810497,sensitive,gyrA,CAG,1.88
ERR4810497,sensitive,gyrA,GAG,1.35
ERR4810497,sensitive,gyrA,CGC,2.92
ERR4810497,sensitive,gyrA,AGC,1.38
ERR4810497,sensitive,gyrA,TAC,1.28
ERR4810497,sensitive,gyrA,TAT,0.72
ERR4810497,sensitive,gyrA,GCG,1.45
ERR4810497,sensitive,gyrA,GTG,1.74
ERR4810497,sensitive,gyrA,GTC,1.45
ERR4810497,sensitive,gyrA,GGC,2.26
ERR4810497,sensitive,gyrA,CTG,4.1
ERR4810497,sensitive,gyrA,GGG,0.64
ERR4810497,sensitive,gyrA,AAG,1.28
ERR4810497,sensitive,gyrA,CCC,0.97
ERR4810497,sensitive,gyrA,CAT,0.14
ERR4810497,sensitive,gyrA,GCA,0.43
ERR4810497,sensitive,gyrA,TTC,1.88
ERR4810497,sensitive,gyrA,GAT,0.32
ERR4810497,sensitive,gyrA,TCC,1.69
ERR4810497,sensitive,gyrA,CAC,1.86
ERR4810497,sensitive,gyrA,GCC,2.07
ERR4810497,sensitive,gyrA,ACC,2.55
ERR4810497,sensitive,gyrA,AAC,1.38
ERR4810497,sensitive,gyrA,TGG,1.0
ERR4810497,sensitive,gyrA,CCA,0.41
ERR4810497,sensitive,gyrA,AAT,0.62
ERR4810497,sensitive,gyrA,AGG,0.38
ERR4810497,sensitive,gyrA,CAA,0.12
ERR4810497,sensitive,gyrA,CTA,0.23
ERR4810497,sensitive,gyrA,TCA,0.31
ERR4810497,sensitive,gyrA,CGT,0.53
ERR4810497,sensitive,gyrA,AAA,0.72
ERR4810497,sensitive,gyrA,GGA,0.52
ERR4810497,sensitive,gyrA,GCT,0.05
ERR4810497,sensitive,gyrA,ACT,0.43
ERR4810497,sensitive,gyrA,ATT,0.44
ERR4810497,sensitive,gyrA,CGA,0.23
ERR4810497,sensitive,gyrA,GTA,0.12
ERR4810497,sensitive,gyrA,GGT,0.58
ERR4810497,sensitive,gyrA,TCT,0.15
ERR4810497,sensitive,gyrA,TTA,0.15
ERR4810497,sensitive,gyrA,CTT,0.08
ERR4810497,sensitive,gyrA,TTT,0.12
ERR4810497,sensitive,gyrA,TGC,1.0
ERR4810497,sensitive,gyrA,TGT,1.0
ERR4810497,sensitive,gyrA,AGT,0.15
ERR4810498,sensitive,rpoB,TTG,0.8
ERR4810498,sensitive,rpoB,GCA,0.24
ERR4810498,sensitive,rpoB,GAT,0.21
ERR4810498,sensitive,rpoB,TCC,1.52
ERR4810498,sensitive,rpoB,CGC,3.18
ERR4810498,sensitive,rpoB,CAG,1.76
ERR4810498,sensitive,rpoB,AGC,1.01
ERR4810498,sensitive,rpoB,AAA,0.24
ERR4810498,sensitive,rpoB,ACA,0.13
ERR4810498,sensitive,rpoB,GCC,2.22
ERR4810498,sensitive,rpoB,GCT,0.24
ERR4810498,sensitive,rpoB,AGT,0.59
ERR4810498,sensitive,rpoB,CCT,0.18
ERR4810498,sensitive,rpoB,CCG,2.65
ERR4810498,sensitive,rpoB,CAA,0.24
ERR4810498,sensitive,rpoB,TCG,2.45
ERR4810498,sensitive,rpoB,AAT,0.15
ERR4810498,sensitive,rpoB,AAC,1.85
ERR4810498,sensitive,rpoB,GTA,0.04
ERR4810498,sensitive,rpoB,CCC,0.92
ERR4810498,sensitive,rpoB,GGA,0.12
ERR4810498,sensitive,rpoB,GCG,1.3
ERR4810498,sensitive,rpoB,CCA,0.25
ERR4810498,sensitive,rpoB,CGG,1.66
ERR4810498,sensitive,rpoB,GTC,1.69
ERR4810498,sensitive,rpoB,TTC,1.82
ERR4810498,sensitive,rpoB,AAG,1.76
ERR4810498,sensitive,rpoB,CTG,4.14
ERR4810498,sensitive,rpoB,GAA,0.37
ERR4810498,sensitive,rpoB,CTT,0.25
ERR4810498,sensitive,rpoB,GAG,1.63
ERR4810498,sensitive,rpoB,GTT,0.25
ERR4810498,sensitive,rpoB,CTC,0.74
ERR4810498,sensitive,rpoB,GAC,1.79
ERR4810498,sensitive,rpoB,ACC,2.6
ERR4810498,sensitive,rpoB,TGG,1.0
ERR4810498,sensitive,rpoB,ATC,2.63
ERR4810498,sensitive,rpoB,GGT,1.08
ERR4810498,sensitive,rpoB,GTG,2.02
ERR4810498,sensitive,rpoB,GGC,2.08
ERR4810498,sensitive,rpoB,TAC,1.75
ERR4810498,sensitive,rpoB,TCT,0.25
ERR4810498,sensitive,rpoB,GGG,0.71
ERR4810498,sensitive,rpoB,ATG,1.0
ERR4810498,sensitive,rpoB,CGT,0.8
ERR4810498,sensitive,rpoB,TGC,1.56
ERR4810498,sensitive,rpoB,ACG,1.02
ERR4810498,sensitive,rpoB,ATT,0.37
ERR4810498,sensitive,rpoB,CAC,1.82
ERR4810498,sensitive,rpoB,TTT,0.18
ERR4810498,sensitive,rpoB,CGA,0.29
ERR4810498,sensitive,rpoB,TCA,0.17
ERR4810498,sensitive,rpoB,TAT,0.25
ERR4810498,sensitive,rpoB,CAT,0.18
ERR4810498,sensitive,rpoB,ACT,0.25
ERR4810498,sensitive,rpoB,TGT,0.44
ERR4810498,sensitive,rpoB,AGG,0.07
ERR4810498,sensitive,rpoB,CTA,0.06
ERR4810498,sensitive,katG,GTG,1.46
ERR4810498,sensitive,katG,CCC,1.44
ERR4810498,sensitive,katG,GAG,1.45
ERR4810498,sensitive,katG,CAA,0.48
ERR4810498,sensitive,katG,CAC,1.67
ERR4810498,sensitive,katG,CCA,0.32
ERR4810498,sensitive,katG,ATT,0.6
ERR4810498,sensitive,katG,ACA,0.19
ERR4810498,sensitive,katG,GAA,0.55
ERR4810498,sensitive,katG,ACC,2.38
ERR4810498,sensitive,katG,GGA,0.25
ERR4810498,sensitive,katG,GCC,1.77
ERR4810498,sensitive,katG,GCT,0.47
ERR4810498,sensitive,katG,AGC,2.0
ERR4810498,sensitive,katG,AAC,1.93
ERR4810498,sensitive,katG,GGC,2.38
ERR4810498,sensitive,katG,TGT,1.33
ERR4810498,sensitive,katG,GTC,2.0
ERR4810498,sensitive,katG,GGT,0.71
ERR4810498,sensitive,katG,CAT,0.33
ERR4810498,sensitive,katG,ATG,1.0
ERR4810498,sensitive,katG,AAA,0.23
ERR4810498,sensitive,katG,TAC,1.52
ERR4810498,sensitive,katG,CAG,1.52
ERR4810498,sensitive,katG,GAC,1.52
ERR4810498,sensitive,katG,TGG,1.0
ERR4810498,sensitive,katG,CGG,1.89
ERR4810498,sensitive,katG,CTC,1.33
ERR4810498,sensitive,katG,AAT,0.07
ERR4810498,sensitive,katG,CTG,3.43
ERR4810498,sensitive,katG,AAG,1.77
ERR4810498,sensitive,katG,GTA,0.23
ERR4810498,sensitive,katG,CCG,2.0
ERR4810498,sensitive,katG,GCG,1.4
ERR4810498,sensitive,katG,TTC,1.77
ERR4810498,sensitive,katG,TAT,0.48
ERR4810498,sensitive,katG,ATC,2.28
ERR4810498,sensitive,katG,GTT,0.31
ERR4810498,sensitive,katG,ACG,1.14
ERR4810498,sensitive,katG,TCG,1.83
ERR4810498,sensitive,katG,GGG,0.66
ERR4810498,sensitive,katG,TTT,0.23
ERR4810498,sensitive,katG,CGC,2.91
ERR4810498,sensitive,katG,CTT,0.48
ERR4810498,sensitive,katG,TTG,0.57
ERR4810498,sensitive,katG,TCA,0.67
ERR4810498,sensitive,katG,TGC,0.67
ERR4810498,sensitive,katG,GAT,0.48
ERR4810498,sensitive,katG,CGT,0.51
ERR4810498,sensitive,katG,ACT,0.29
ERR4810498,sensitive,katG,AGT,0.5
ERR4810498,sensitive,katG,CCT,0.24
ERR4810498,sensitive,katG,TCC,1.0
ERR4810498,sensitive,katG,CGA,0.34
ERR4810498,sensitive,katG,AGA,0.17
ERR4810498,sensitive,katG,GCA,0.36
ERR4810498,sensitive,katG,CTA,0.1
ERR4810498,sensitive,katG,ATA,0.12
ERR4810498,sensitive,katG,TTA,0.1
ERR4810498,sensitive,katG,AGG,0.17
ERR4810498,sensitive,gyrA,ATG,1.0
ERR4810498,sensitive,gyrA,ACA,0.26
ERR4810498,sensitive,gyrA,GAC,1.68
ERR4810498,sensitive,gyrA,ACG,0.77
ERR4810498,sensitive,gyrA,TTG,0.91
ERR4810498,sensitive,gyrA,CCG,2.34
ERR4810498,sensitive,gyrA,CCT,0.28
ERR4810498,sensitive,gyrA,TCG,2.31
ERR4810498,sensitive,gyrA,CTC,0.53
ERR4810498,sensitive,gyrA,CGG,1.95
ERR4810498,sensitive,gyrA,ATC,2.56
ERR4810498,sensitive,gyrA,GAA,0.65
ERR4810498,sensitive,gyrA,GTT,0.7
ERR4810498,sensitive,gyrA,CAG,1.88
ERR4810498,sensitive,gyrA,GAG,1.35
ERR4810498,sensitive,gyrA,CGC,2.92
ERR4810498,sensitive,gyrA,AGC,1.38
ERR4810498,sensitive,gyrA,TAC,1.28
ERR4810498,sensitive,gyrA,TAT,0.72
ERR4810498,sensitive,gyrA,GCG,1.45
ERR4810498,sensitive,gyrA,GTG,1.74
ERR4810498,sensitive,gyrA,GTC,1.45
ERR4810498,sensitive,gyrA,GGC,2.26
ERR4810498,sensitive,gyrA,CTG,4.18
ERR4810498,sensitive,gyrA,GGG,0.64
ERR4810498,sensitive,gyrA,AAG,1.28
ERR4810498,sensitive,gyrA,CCC,0.97
ERR4810498,sensitive,gyrA,CAT,0.14
ERR4810498,sensitive,gyrA,GCA,0.43
ERR4810498,sensitive,gyrA,TTC,1.88
ERR4810498,sensitive,gyrA,GAT,0.32
ERR4810498,sensitive,gyrA,TCC,1.69
ERR4810498,sensitive,gyrA,CAC,1.86
ERR4810498,sensitive,gyrA,GCC,2.07
ERR4810498,sensitive,gyrA,ACC,2.55
ERR4810498,sensitive,gyrA,AAC,1.38
ERR4810498,sensitive,gyrA,TGG,1.0
ERR4810498,sensitive,gyrA,CCA,0.41
ERR4810498,sensitive,gyrA,AAT,0.62
ERR4810498,sensitive,gyrA,AGG,0.38
ERR4810498,sensitive,gyrA,CAA,0.12
ERR4810498,sensitive,gyrA,CTA,0.15
ERR4810498,sensitive,gyrA,TCA,0.31
ERR4810498,sensitive,gyrA,CGT,0.53
ERR4810498,sensitive,gyrA,AAA,0.72
ERR4810498,sensitive,gyrA,GGA,0.52
ERR4810498,sensitive,gyrA,GCT,0.05
ERR4810498,sensitive,gyrA,ACT,0.43
ERR4810498,sensitive,gyrA,ATT,0.44
ERR4810498,sensitive,gyrA,CGA,0.23
ERR4810498,sensitive,gyrA,GTA,0.12
ERR4810498,sensitive,gyrA,GGT,0.58
ERR4810498,sensitive,gyrA,TCT,0.15
ERR4810498,sensitive,gyrA,TTA,0.15
ERR4810498,sensitive,gyrA,CTT,0.08
ERR4810498,sensitive,gyrA,TTT,0.12
ERR4810498,sensitive,gyrA,TGC,1.0
ERR4810498,sensitive,gyrA,TGT,1.0
ERR4810498,sensitive,gyrA,AGT,0.15
ERR4810507,sensitive,rpoB,TTG,0.8
ERR4810507,sensitive,rpoB,GCA,0.24
ERR4810507,sensitive,rpoB,GAT,0.21
ERR4810507,sensitive,rpoB,TCC,1.52
ERR4810507,sensitive,rpoB,CGC,3.18
ERR4810507,sensitive,rpoB,CAG,1.76
ERR4810507,sensitive,rpoB,AGC,1.01
ERR4810507,sensitive,rpoB,AAA,0.24
ERR4810507,sensitive,rpoB,ACA,0.13
ERR4810507,sensitive,rpoB,GCC,2.17
ERR4810507,sensitive,rpoB,GCT,0.29
ERR4810507,sensitive,rpoB,AGT,0.59
ERR4810507,sensitive,rpoB,CCT,0.18
ERR4810507,sensitive,rpoB,CCG,2.65
ERR4810507,sensitive,rpoB,CAA,0.24
ERR4810507,sensitive,rpoB,TCG,2.45
ERR4810507,sensitive,rpoB,AAT,0.15
ERR4810507,sensitive,rpoB,AAC,1.85
ERR4810507,sensitive,rpoB,GTA,0.04
ERR4810507,sensitive,rpoB,CCC,0.92
ERR4810507,sensitive,rpoB,GGA,0.12
ERR4810507,sensitive,rpoB,GCG,1.3
ERR4810507,sensitive,rpoB,CCA,0.25
ERR4810507,sensitive,rpoB,CGG,1.66
ERR4810507,sensitive,rpoB,GTC,1.69
ERR4810507,sensitive,rpoB,TTC,1.82
ERR4810507,sensitive,rpoB,AAG,1.76
ERR4810507,sensitive,rpoB,CTG,4.14
ERR4810507,sensitive,rpoB,GAA,0.37
ERR4810507,sensitive,rpoB,CTT,0.25
ERR4810507,sensitive,rpoB,GAG,1.63
ERR4810507,sensitive,rpoB,GTT,0.25
ERR4810507,sensitive,rpoB,CTC,0.74
ERR4810507,sensitive,rpoB,GAC,1.79
ERR4810507,sensitive,rpoB,ACC,2.6
ERR4810507,sensitive,rpoB,TGG,1.0
ERR4810507,sensitive,rpoB,ATC,2.63
ERR4810507,sensitive,rpoB,GGT,1.08
ERR4810507,sensitive,rpoB,GTG,2.02
ERR4810507,sensitive,rpoB,GGC,2.08
ERR4810507,sensitive,rpoB,TAC,1.75
ERR4810507,sensitive,rpoB,TCT,0.25
ERR4810507,sensitive,rpoB,GGG,0.71
ERR4810507,sensitive,rpoB,ATG,1.0
ERR4810507,sensitive,rpoB,CGT,0.8
ERR4810507,sensitive,rpoB,TGC,1.56
ERR4810507,sensitive,rpoB,ACG,1.02
ERR4810507,sensitive,rpoB,ATT,0.37
ERR4810507,sensitive,rpoB,CAC,1.82
ERR4810507,sensitive,rpoB,TTT,0.18
ERR4810507,sensitive,rpoB,CGA,0.29
ERR4810507,sensitive,rpoB,TCA,0.17
ERR4810507,sensitive,rpoB,TAT,0.25
ERR4810507,sensitive,rpoB,CAT,0.18
ERR4810507,sensitive,rpoB,ACT,0.25
ERR4810507,sensitive,rpoB,TGT,0.44
ERR4810507,sensitive,rpoB,AGG,0.07
ERR4810507,sensitive,rpoB,CTA,0.06
ERR4810507,sensitive,katG,GTG,1.46
ERR4810507,sensitive,katG,CCC,1.44
ERR4810507,sensitive,katG,GAG,1.45
ERR4810507,sensitive,katG,CAA,0.48
ERR4810507,sensitive,katG,CAC,1.67
ERR4810507,sensitive,katG,CCA,0.32
ERR4810507,sensitive,katG,ATT,0.6
ERR4810507,sensitive,katG,ACA,0.19
ERR4810507,sensitive,katG,GAA,0.55
ERR4810507,sensitive,katG,ACC,2.38
ERR4810507,sensitive,katG,GGA,0.25
ERR4810507,sensitive,katG,GCC,1.77
ERR4810507,sensitive,katG,GCT,0.47
ERR4810507,sensitive,katG,AGC,2.0
ERR4810507,sensitive,katG,AAC,1.93
ERR4810507,sensitive,katG,GGC,2.38
ERR4810507,sensitive,katG,TGT,1.33
ERR4810507,sensitive,katG,GTC,2.0
ERR4810507,sensitive,katG,GGT,0.71
ERR4810507,sensitive,katG,CAT,0.33
ERR4810507,sensitive,katG,ATG,1.0
ERR4810507,sensitive,katG,AAA,0.23
ERR4810507,sensitive,katG,TAC,1.52
ERR4810507,sensitive,katG,CAG,1.52
ERR4810507,sensitive,katG,GAC,1.52
ERR4810507,sensitive,katG,TGG,1.0
ERR4810507,sensitive,katG,CGG,2.0
ERR4810507,sensitive,katG,CTC,1.35
ERR4810507,sensitive,katG,AAT,0.07
ERR4810507,sensitive,katG,CTG,3.39
ERR4810507,sensitive,katG,AAG,1.77
ERR4810507,sensitive,katG,GTA,0.23
ERR4810507,sensitive,katG,CCG,2.0
ERR4810507,sensitive,katG,GCG,1.4
ERR4810507,sensitive,katG,TTC,1.77
ERR4810507,sensitive,katG,TAT,0.48
ERR4810507,sensitive,katG,ATC,2.28
ERR4810507,sensitive,katG,GTT,0.31
ERR4810507,sensitive,katG,ACG,1.14
ERR4810507,sensitive,katG,TCG,1.83
ERR4810507,sensitive,katG,GGG,0.66
ERR4810507,sensitive,katG,TTT,0.23
ERR4810507,sensitive,katG,CGC,2.83
ERR4810507,sensitive,katG,CTT,0.48
ERR4810507,sensitive,katG,TTG,0.58
ERR4810507,sensitive,katG,TCA,0.67
ERR4810507,sensitive,katG,TGC,0.67
ERR4810507,sensitive,katG,GAT,0.48
ERR4810507,sensitive,katG,CGT,0.5
ERR4810507,sensitive,katG,ACT,0.29
ERR4810507,sensitive,katG,AGT,0.5
ERR4810507,sensitive,katG,CCT,0.24
ERR4810507,sensitive,katG,TCC,1.0
ERR4810507,sensitive,katG,CGA,0.33
ERR4810507,sensitive,katG,AGA,0.17
ERR4810507,sensitive,katG,GCA,0.36
ERR4810507,sensitive,katG,CTA,0.1
ERR4810507,sensitive,katG,ATA,0.12
ERR4810507,sensitive,katG,TTA,0.1
ERR4810507,sensitive,katG,AGG,0.17
ERR4810507,sensitive,gyrA,ATG,1.0
ERR4810507,sensitive,gyrA,ACA,0.26
ERR4810507,sensitive,gyrA,GAC,1.68
ERR4810507,sensitive,gyrA,ACG,0.77
ERR4810507,sensitive,gyrA,TTG,0.91
ERR4810507,sensitive,gyrA,CCG,2.34
ERR4810507,sensitive,gyrA,CCT,0.28
ERR4810507,sensitive,gyrA,TCG,2.31
ERR4810507,sensitive,gyrA,CTC,0.53
ERR4810507,sensitive,gyrA,CGG,1.95
ERR4810507,sensitive,gyrA,ATC,2.56
ERR4810507,sensitive,gyrA,GAA,0.65
ERR4810507,sensitive,gyrA,GTT,0.7
ERR4810507,sensitive,gyrA,CAG,1.88
ERR4810507,sensitive,gyrA,GAG,1.35
ERR4810507,sensitive,gyrA,CGC,2.92
ERR4810507,sensitive,gyrA,AGC,1.38
ERR4810507,sensitive,gyrA,TAC,1.28
ERR4810507,sensitive,gyrA,TAT,0.72
ERR4810507,sensitive,gyrA,GCG,1.45
ERR4810507,sensitive,gyrA,GTG,1.74
ERR4810507,sensitive,gyrA,GTC,1.45
ERR4810507,sensitive,gyrA,GGC,2.26
ERR4810507,sensitive,gyrA,CTG,4.1
ERR4810507,sensitive,gyrA,GGG,0.64
ERR4810507,sensitive,gyrA,AAG,1.28
ERR4810507,sensitive,gyrA,CCC,0.97
ERR4810507,sensitive,gyrA,CAT,0.14
ERR4810507,sensitive,gyrA,GCA,0.43
ERR4810507,sensitive,gyrA,TTC,1.88
ERR4810507,sensitive,gyrA,GAT,0.32
ERR4810507,sensitive,gyrA,TCC,1.69
ERR4810507,sensitive,gyrA,CAC,1.86
ERR4810507,sensitive,gyrA,GCC,2.07
ERR4810507,sensitive,gyrA,ACC,2.55
ERR4810507,sensitive,gyrA,AAC,1.38
ERR4810507,sensitive,gyrA,TGG,1.0
ERR4810507,sensitive,gyrA,CCA,0.41
ERR4810507,sensitive,gyrA,AAT,0.62
ERR4810507,sensitive,gyrA,AGG,0.38
ERR4810507,sensitive,gyrA,CAA,0.12
ERR4810507,sensitive,gyrA,CTA,0.23
ERR4810507,sensitive,gyrA,TCA,0.31
ERR4810507,sensitive,gyrA,CGT,0.53
ERR4810507,sensitive,gyrA,AAA,0.72
ERR4810507,sensitive,gyrA,GGA,0.52
ERR4810507,sensitive,gyrA,GCT,0.05
ERR4810507,sensitive,gyrA,ACT,0.43
ERR4810507,sensitive,gyrA,ATT,0.44
ERR4810507,sensitive,gyrA,CGA,0.23
ERR4810507,sensitive,gyrA,GTA,0.12
ERR4810507,sensitive,gyrA,GGT,0.58
ERR4810507,sensitive,gyrA,TCT,0.15
ERR4810507,sensitive,gyrA,TTA,0.15
ERR4810507,sensitive,gyrA,CTT,0.08
ERR4810507,sensitive,gyrA,TTT,0.12
ERR4810507,sensitive,gyrA,TGC,1.0
ERR4810507,sensitive,gyrA,TGT,1.0
ERR4810507,sensitive,gyrA,AGT,0.15
ERR4810509,sensitive,rpoB,TTG,0.8
ERR4810509,sensitive,rpoB,GCA,0.24
ERR4810509,sensitive,rpoB,GAT,0.21
ERR4810509,sensitive,rpoB,TCC,1.52
ERR4810509,sensitive,rpoB,CGC,3.18
ERR4810509,sensitive,rpoB,CAG,1.76
ERR4810509,sensitive,rpoB,AGC,1.01
ERR4810509,sensitive,rpoB,AAA,0.24
ERR4810509,sensitive,rpoB,ACA,0.13
ERR4810509,sensitive,rpoB,GCC,2.22
ERR4810509,sensitive,rpoB,GCT,0.24
ERR4810509,sensitive,rpoB,AGT,0.59
ERR4810509,sensitive,rpoB,CCT,0.18
ERR4810509,sensitive,rpoB,CCG,2.65
ERR4810509,sensitive,rpoB,CAA,0.24
ERR4810509,sensitive,rpoB,TCG,2.45
ERR4810509,sensitive,rpoB,AAT,0.15
ERR4810509,sensitive,rpoB,AAC,1.85
ERR4810509,sensitive,rpoB,GTA,0.04
ERR4810509,sensitive,rpoB,CCC,0.92
ERR4810509,sensitive,rpoB,GGA,0.12
ERR4810509,sensitive,rpoB,GCG,1.3
ERR4810509,sensitive,rpoB,CCA,0.25
ERR4810509,sensitive,rpoB,CGG,1.66
ERR4810509,sensitive,rpoB,GTC,1.69
ERR4810509,sensitive,rpoB,TTC,1.82
ERR4810509,sensitive,rpoB,AAG,1.76
ERR4810509,sensitive,rpoB,CTG,4.14
ERR4810509,sensitive,rpoB,GAA,0.37
ERR4810509,sensitive,rpoB,CTT,0.25
ERR4810509,sensitive,rpoB,GAG,1.63
ERR4810509,sensitive,rpoB,GTT,0.25
ERR4810509,sensitive,rpoB,CTC,0.74
ERR4810509,sensitive,rpoB,GAC,1.79
ERR4810509,sensitive,rpoB,ACC,2.6
ERR4810509,sensitive,rpoB,TGG,1.0
ERR4810509,sensitive,rpoB,ATC,2.63
ERR4810509,sensitive,rpoB,GGT,1.08
ERR4810509,sensitive,rpoB,GTG,2.02
ERR4810509,sensitive,rpoB,GGC,2.08
ERR4810509,sensitive,rpoB,TAC,1.75
ERR4810509,sensitive,rpoB,TCT,0.25
ERR4810509,sensitive,rpoB,GGG,0.71
ERR4810509,sensitive,rpoB,ATG,1.0
ERR4810509,sensitive,rpoB,CGT,0.8
ERR4810509,sensitive,rpoB,TGC,1.56
ERR4810509,sensitive,rpoB,ACG,1.02
ERR4810509,sensitive,rpoB,ATT,0.37
ERR4810509,sensitive,rpoB,CAC,1.82
ERR4810509,sensitive,rpoB,TTT,0.18
ERR4810509,sensitive,rpoB,CGA,0.29
ERR4810509,sensitive,rpoB,TCA,0.17
ERR4810509,sensitive,rpoB,TAT,0.25
ERR4810509,sensitive,rpoB,CAT,0.18
ERR4810509,sensitive,rpoB,ACT,0.25
ERR4810509,sensitive,rpoB,TGT,0.44
ERR4810509,sensitive,rpoB,AGG,0.07
ERR4810509,sensitive,rpoB,CTA,0.06
ERR4810509,sensitive,katG,GTG,1.46
ERR4810509,sensitive,katG,CCC,1.44
ERR4810509,sensitive,katG,GAG,1.45
ERR4810509,sensitive,katG,CAA,0.48
ERR4810509,sensitive,katG,CAC,1.67
ERR4810509,sensitive,katG,CCA,0.32
ERR4810509,sensitive,katG,ATT,0.6
ERR4810509,sensitive,katG,ACA,0.19
ERR4810509,sensitive,katG,GAA,0.55
ERR4810509,sensitive,katG,ACC,2.38
ERR4810509,sensitive,katG,GGA,0.25
ERR4810509,sensitive,katG,GCC,1.77
ERR4810509,sensitive,katG,GCT,0.47
ERR4810509,sensitive,katG,AGC,2.0
ERR4810509,sensitive,katG,AAC,1.93
ERR4810509,sensitive,katG,GGC,2.38
ERR4810509,sensitive,katG,TGT,1.33
ERR4810509,sensitive,katG,GTC,2.0
ERR4810509,sensitive,katG,GGT,0.71
ERR4810509,sensitive,katG,CAT,0.33
ERR4810509,sensitive,katG,ATG,1.0
ERR4810509,sensitive,katG,AAA,0.23
ERR4810509,sensitive,katG,TAC,1.52
ERR4810509,sensitive,katG,CAG,1.52
ERR4810509,sensitive,katG,GAC,1.52
ERR4810509,sensitive,katG,TGG,1.0
ERR4810509,sensitive,katG,CGG,1.89
ERR4810509,sensitive,katG,CTC,1.33
ERR4810509,sensitive,katG,AAT,0.07
ERR4810509,sensitive,katG,CTG,3.43
ERR4810509,sensitive,katG,AAG,1.77
ERR4810509,sensitive,katG,GTA,0.23
ERR4810509,sensitive,katG,CCG,2.0
ERR4810509,sensitive,katG,GCG,1.4
ERR4810509,sensitive,katG,TTC,1.77
ERR4810509,sensitive,katG,TAT,0.48
ERR4810509,sensitive,katG,ATC,2.28
ERR4810509,sensitive,katG,GTT,0.31
ERR4810509,sensitive,katG,ACG,1.14
ERR4810509,sensitive,katG,TCG,1.83
ERR4810509,sensitive,katG,GGG,0.66
ERR4810509,sensitive,katG,TTT,0.23
ERR4810509,sensitive,katG,CGC,2.91
ERR4810509,sensitive,katG,CTT,0.48
ERR4810509,sensitive,katG,TTG,0.57
ERR4810509,sensitive,katG,TCA,0.67
ERR4810509,sensitive,katG,TGC,0.67
ERR4810509,sensitive,katG,GAT,0.48
ERR4810509,sensitive,katG,CGT,0.51
ERR4810509,sensitive,katG,ACT,0.29
ERR4810509,sensitive,katG,AGT,0.5
ERR4810509,sensitive,katG,CCT,0.24
ERR4810509,sensitive,katG,TCC,1.0
ERR4810509,sensitive,katG,CGA,0.34
ERR4810509,sensitive,katG,AGA,0.17
ERR4810509,sensitive,katG,GCA,0.36
ERR4810509,sensitive,katG,CTA,0.1
ERR4810509,sensitive,katG,ATA,0.12
ERR4810509,sensitive,katG,TTA,0.1
ERR4810509,sensitive,katG,AGG,0.17
ERR4810509,sensitive,gyrA,ATG,1.0
ERR4810509,sensitive,gyrA,ACA,0.26
ERR4810509,sensitive,gyrA,GAC,1.68
ERR4810509,sensitive,gyrA,ACG,0.77
ERR4810509,sensitive,gyrA,TTG,0.91
ERR4810509,sensitive,gyrA,CCG,2.34
ERR4810509,sensitive,gyrA,CCT,0.28
ERR4810509,sensitive,gyrA,TCG,2.31
ERR4810509,sensitive,gyrA,CTC,0.53
ERR4810509,sensitive,gyrA,CGG,1.95
ERR4810509,sensitive,gyrA,ATC,2.56
ERR4810509,sensitive,gyrA,GAA,0.65
ERR4810509,sensitive,gyrA,GTT,0.7
ERR4810509,sensitive,gyrA,CAG,1.88
ERR4810509,sensitive,gyrA,GAG,1.35
ERR4810509,sensitive,gyrA,CGC,2.92
ERR4810509,sensitive,gyrA,AGC,1.38
ERR4810509,sensitive,gyrA,TAC,1.28
ERR4810509,sensitive,gyrA,TAT,0.72
ERR4810509,sensitive,gyrA,GCG,1.45
ERR4810509,sensitive,gyrA,GTG,1.74
ERR4810509,sensitive,gyrA,GTC,1.45
ERR4810509,sensitive,gyrA,GGC,2.26
ERR4810509,sensitive,gyrA,CTG,4.18
ERR4810509,sensitive,gyrA,GGG,0.64
ERR4810509,sensitive,gyrA,AAG,1.28
ERR4810509,sensitive,gyrA,CCC,0.97
ERR4810509,sensitive,gyrA,CAT,0.14
ERR4810509,sensitive,gyrA,GCA,0.43
ERR4810509,sensitive,gyrA,TTC,1.88
ERR4810509,sensitive,gyrA,GAT,0.32
ERR4810509,sensitive,gyrA,TCC,1.69
ERR4810509,sensitive,gyrA,CAC,1.86
ERR4810509,sensitive,gyrA,GCC,2.07
ERR4810509,sensitive,gyrA,ACC,2.55
ERR4810509,sensitive,gyrA,AAC,1.38
ERR4810509,sensitive,gyrA,TGG,1.0
ERR4810509,sensitive,gyrA,CCA,0.41
ERR4810509,sensitive,gyrA,AAT,0.62
ERR4810509,sensitive,gyrA,AGG,0.38
ERR4810509,sensitive,gyrA,CAA,0.12
ERR4810509,sensitive,gyrA,CTA,0.15
ERR4810509,sensitive,gyrA,TCA,0.31
ERR4810509,sensitive,gyrA,CGT,0.53
ERR4810509,sensitive,gyrA,AAA,0.72
ERR4810509,sensitive,gyrA,GGA,0.52
ERR4810509,sensitive,gyrA,GCT,0.05
ERR4810509,sensitive,gyrA,ACT,0.43
ERR4810509,sensitive,gyrA,ATT,0.44
ERR4810509,sensitive,gyrA,CGA,0.23
ERR4810509,sensitive,gyrA,GTA,0.12
ERR4810509,sensitive,gyrA,GGT,0.58
ERR4810509,sensitive,gyrA,TCT,0.15
ERR4810509,sensitive,gyrA,TTA,0.15
ERR4810509,sensitive,gyrA,CTT,0.08
ERR4810509,sensitive,gyrA,TTT,0.12
ERR4810509,sensitive,gyrA,TGC,1.0
ERR4810509,sensitive,gyrA,TGT,1.0
ERR4810509,sensitive,gyrA,AGT,0.15
ERR4810512,sensitive,rpoB,TTG,0.8
ERR4810512,sensitive,rpoB,GCA,0.24
ERR4810512,sensitive,rpoB,GAT,0.21
ERR4810512,sensitive,rpoB,TCC,1.52
ERR4810512,sensitive,rpoB,CGC,3.18
ERR4810512,sensitive,rpoB,CAG,1.76
ERR4810512,sensitive,rpoB,AGC,1.01
ERR4810512,sensitive,rpoB,AAA,0.24
ERR4810512,sensitive,rpoB,ACA,0.13
ERR4810512,sensitive,rpoB,GCC,2.22
ERR4810512,sensitive,rpoB,GCT,0.24
ERR4810512,sensitive,rpoB,AGT,0.59
ERR4810512,sensitive,rpoB,CCT,0.18
ERR4810512,sensitive,rpoB,CCG,2.65
ERR4810512,sensitive,rpoB,CAA,0.24
ERR4810512,sensitive,rpoB,TCG,2.45
ERR4810512,sensitive,rpoB,AAT,0.15
ERR4810512,sensitive,rpoB,AAC,1.85
ERR4810512,sensitive,rpoB,GTA,0.04
ERR4810512,sensitive,rpoB,CCC,0.92
ERR4810512,sensitive,rpoB,GGA,0.12
ERR4810512,sensitive,rpoB,GCG,1.3
ERR4810512,sensitive,rpoB,CCA,0.25
ERR4810512,sensitive,rpoB,CGG,1.66
ERR4810512,sensitive,rpoB,GTC,1.69
ERR4810512,sensitive,rpoB,TTC,1.82
ERR4810512,sensitive,rpoB,AAG,1.76
ERR4810512,sensitive,rpoB,CTG,4.14
ERR4810512,sensitive,rpoB,GAA,0.37
ERR4810512,sensitive,rpoB,CTT,0.25
ERR4810512,sensitive,rpoB,GAG,1.63
ERR4810512,sensitive,rpoB,GTT,0.25
ERR4810512,sensitive,rpoB,CTC,0.74
ERR4810512,sensitive,rpoB,GAC,1.79
ERR4810512,sensitive,rpoB,ACC,2.6
ERR4810512,sensitive,rpoB,TGG,1.0
ERR4810512,sensitive,rpoB,ATC,2.63
ERR4810512,sensitive,rpoB,GGT,1.08
ERR4810512,sensitive,rpoB,GTG,2.02
ERR4810512,sensitive,rpoB,GGC,2.08
ERR4810512,sensitive,rpoB,TAC,1.75
ERR4810512,sensitive,rpoB,TCT,0.25
ERR4810512,sensitive,rpoB,GGG,0.71
ERR4810512,sensitive,rpoB,ATG,1.0
ERR4810512,sensitive,rpoB,CGT,0.8
ERR4810512,sensitive,rpoB,TGC,1.56
ERR4810512,sensitive,rpoB,ACG,1.02
ERR4810512,sensitive,rpoB,ATT,0.37
ERR4810512,sensitive,rpoB,CAC,1.82
ERR4810512,sensitive,rpoB,TTT,0.18
ERR4810512,sensitive,rpoB,CGA,0.29
ERR4810512,sensitive,rpoB,TCA,0.17
ERR4810512,sensitive,rpoB,TAT,0.25
ERR4810512,sensitive,rpoB,CAT,0.18
ERR4810512,sensitive,rpoB,ACT,0.25
ERR4810512,sensitive,rpoB,TGT,0.44
ERR4810512,sensitive,rpoB,AGG,0.07
ERR4810512,sensitive,rpoB,CTA,0.06
ERR4810512,sensitive,katG,GTG,1.46
ERR4810512,sensitive,katG,CCC,1.44
ERR4810512,sensitive,katG,GAG,1.45
ERR4810512,sensitive,katG,CAA,0.48
ERR4810512,sensitive,katG,CAC,1.67
ERR4810512,sensitive,katG,CCA,0.32
ERR4810512,sensitive,katG,ATT,0.6
ERR4810512,sensitive,katG,ACA,0.19
ERR4810512,sensitive,katG,GAA,0.55
ERR4810512,sensitive,katG,ACC,2.38
ERR4810512,sensitive,katG,GGA,0.25
ERR4810512,sensitive,katG,GCC,1.77
ERR4810512,sensitive,katG,GCT,0.47
ERR4810512,sensitive,katG,AGC,2.0
ERR4810512,sensitive,katG,AAC,1.93
ERR4810512,sensitive,katG,GGC,2.38
ERR4810512,sensitive,katG,TGT,1.33
ERR4810512,sensitive,katG,GTC,2.0
ERR4810512,sensitive,katG,GGT,0.71
ERR4810512,sensitive,katG,CAT,0.33
ERR4810512,sensitive,katG,ATG,1.0
ERR4810512,sensitive,katG,AAA,0.23
ERR4810512,sensitive,katG,TAC,1.52
ERR4810512,sensitive,katG,CAG,1.52
ERR4810512,sensitive,katG,GAC,1.52
ERR4810512,sensitive,katG,TGG,1.0
ERR4810512,sensitive,katG,CGG,1.89
ERR4810512,sensitive,katG,CTC,1.33
ERR4810512,sensitive,katG,AAT,0.07
ERR4810512,sensitive,katG,CTG,3.43
ERR4810512,sensitive,katG,AAG,1.77
ERR4810512,sensitive,katG,GTA,0.23
ERR4810512,sensitive,katG,CCG,2.0
ERR4810512,sensitive,katG,GCG,1.4
ERR4810512,sensitive,katG,TTC,1.77
ERR4810512,sensitive,katG,TAT,0.48
ERR4810512,sensitive,katG,ATC,2.28
ERR4810512,sensitive,katG,GTT,0.31
ERR4810512,sensitive,katG,ACG,1.14
ERR4810512,sensitive,katG,TCG,1.83
ERR4810512,sensitive,katG,GGG,0.66
ERR4810512,sensitive,katG,TTT,0.23
ERR4810512,sensitive,katG,CGC,2.91
ERR4810512,sensitive,katG,CTT,0.48
ERR4810512,sensitive,katG,TTG,0.57
ERR4810512,sensitive,katG,TCA,0.67
ERR4810512,sensitive,katG,TGC,0.67
ERR4810512,sensitive,katG,GAT,0.48
ERR4810512,sensitive,katG,CGT,0.51
ERR4810512,sensitive,katG,ACT,0.29
ERR4810512,sensitive,katG,AGT,0.5
ERR4810512,sensitive,katG,CCT,0.24
ERR4810512,sensitive,katG,TCC,1.0
ERR4810512,sensitive,katG,CGA,0.34
ERR4810512,sensitive,katG,AGA,0.17
ERR4810512,sensitive,katG,GCA,0.36
ERR4810512,sensitive,katG,CTA,0.1
ERR4810512,sensitive,katG,ATA,0.12
ERR4810512,sensitive,katG,TTA,0.1
ERR4810512,sensitive,katG,AGG,0.17
ERR4810512,sensitive,gyrA,ATG,1.0
ERR4810512,sensitive,gyrA,ACA,0.26
ERR4810512,sensitive,gyrA,GAC,1.68
ERR4810512,sensitive,gyrA,ACG,0.77
ERR4810512,sensitive,gyrA,TTG,0.91
ERR4810512,sensitive,gyrA,CCG,2.34
ERR4810512,sensitive,gyrA,CCT,0.28
ERR4810512,sensitive,gyrA,TCG,2.31
ERR4810512,sensitive,gyrA,CTC,0.53
ERR4810512,sensitive,gyrA,CGG,1.95
ERR4810512,sensitive,gyrA,ATC,2.56
ERR4810512,sensitive,gyrA,GAA,0.65
ERR4810512,sensitive,gyrA,GTT,0.7
ERR4810512,sensitive,gyrA,CAG,1.88
ERR4810512,sensitive,gyrA,GAG,1.35
ERR4810512,sensitive,gyrA,CGC,2.92
ERR4810512,sensitive,gyrA,AGC,1.38
ERR4810512,sensitive,gyrA,TAC,1.28
ERR4810512,sensitive,gyrA,TAT,0.72
ERR4810512,sensitive,gyrA,GCG,1.45
ERR4810512,sensitive,gyrA,GTG,1.74
ERR4810512,sensitive,gyrA,GTC,1.45
ERR4810512,sensitive,gyrA,GGC,2.26
ERR4810512,sensitive,gyrA,CTG,4.18
ERR4810512,sensitive,gyrA,GGG,0.64
ERR4810512,sensitive,gyrA,AAG,1.28
ERR4810512,sensitive,gyrA,CCC,0.97
ERR4810512,sensitive,gyrA,CAT,0.14
ERR4810512,sensitive,gyrA,GCA,0.43
ERR4810512,sensitive,gyrA,TTC,1.88
ERR4810512,sensitive,gyrA,GAT,0.32
ERR4810512,sensitive,gyrA,TCC,1.69
ERR4810512,sensitive,gyrA,CAC,1.86
ERR4810512,sensitive,gyrA,GCC,2.07
ERR4810512,sensitive,gyrA,ACC,2.55
ERR4810512,sensitive,gyrA,AAC,1.38
ERR4810512,sensitive,gyrA,TGG,1.0
ERR4810512,sensitive,gyrA,CCA,0.41
ERR4810512,sensitive,gyrA,AAT,0.62
ERR4810512,sensitive,gyrA,AGG,0.38
ERR4810512,sensitive,gyrA,CAA,0.12
ERR4810512,sensitive,gyrA,CTA,0.15
ERR4810512,sensitive,gyrA,TCA,0.31
ERR4810512,sensitive,gyrA,CGT,0.53
ERR4810512,sensitive,gyrA,AAA,0.72
ERR4810512,sensitive,gyrA,GGA,0.52
ERR4810512,sensitive,gyrA,GCT,0.05
ERR4810512,sensitive,gyrA,ACT,0.43
ERR4810512,sensitive,gyrA,ATT,0.44
ERR4810512,sensitive,gyrA,CGA,0.23
ERR4810512,sensitive,gyrA,GTA,0.12
ERR4810512,sensitive,gyrA,GGT,0.58
ERR4810512,sensitive,gyrA,TCT,0.15
ERR4810512,sensitive,gyrA,TTA,0.15
ERR4810512,sensitive,gyrA,CTT,0.08
ERR4810512,sensitive,gyrA,TTT,0.12
ERR4810512,sensitive,gyrA,TGC,1.0
ERR4810512,sensitive,gyrA,TGT,1.0
ERR4810512,sensitive,gyrA,AGT,0.15
ERR4810516,sensitive,rpoB,TTG,0.8
ERR4810516,sensitive,rpoB,GCA,0.24
ERR4810516,sensitive,rpoB,GAT,0.21
ERR4810516,sensitive,rpoB,TCC,1.52
ERR4810516,sensitive,rpoB,CGC,3.18
ERR4810516,sensitive,rpoB,CAG,1.76
ERR4810516,sensitive,rpoB,AGC,1.01
ERR4810516,sensitive,rpoB,AAA,0.24
ERR4810516,sensitive,rpoB,ACA,0.13
ERR4810516,sensitive,rpoB,GCC,2.22
ERR4810516,sensitive,rpoB,GCT,0.24
ERR4810516,sensitive,rpoB,AGT,0.59
ERR4810516,sensitive,rpoB,CCT,0.18
ERR4810516,sensitive,rpoB,CCG,2.65
ERR4810516,sensitive,rpoB,CAA,0.24
ERR4810516,sensitive,rpoB,TCG,2.45
ERR4810516,sensitive,rpoB,AAT,0.15
ERR4810516,sensitive,rpoB,AAC,1.85
ERR4810516,sensitive,rpoB,GTA,0.04
ERR4810516,sensitive,rpoB,CCC,0.92
ERR4810516,sensitive,rpoB,GGA,0.12
ERR4810516,sensitive,rpoB,GCG,1.3
ERR4810516,sensitive,rpoB,CCA,0.25
ERR4810516,sensitive,rpoB,CGG,1.66
ERR4810516,sensitive,rpoB,GTC,1.69
ERR4810516,sensitive,rpoB,TTC,1.82
ERR4810516,sensitive,rpoB,AAG,1.76
ERR4810516,sensitive,rpoB,CTG,4.14
ERR4810516,sensitive,rpoB,GAA,0.37
ERR4810516,sensitive,rpoB,CTT,0.25
ERR4810516,sensitive,rpoB,GAG,1.63
ERR4810516,sensitive,rpoB,GTT,0.25
ERR4810516,sensitive,rpoB,CTC,0.74
ERR4810516,sensitive,rpoB,GAC,1.79
ERR4810516,sensitive,rpoB,ACC,2.6
ERR4810516,sensitive,rpoB,TGG,1.0
ERR4810516,sensitive,rpoB,ATC,2.63
ERR4810516,sensitive,rpoB,GGT,1.08
ERR4810516,sensitive,rpoB,GTG,2.02
ERR4810516,sensitive,rpoB,GGC,2.08
ERR4810516,sensitive,rpoB,TAC,1.75
ERR4810516,sensitive,rpoB,TCT,0.25
ERR4810516,sensitive,rpoB,GGG,0.71
ERR4810516,sensitive,rpoB,ATG,1.0
ERR4810516,sensitive,rpoB,CGT,0.8
ERR4810516,sensitive,rpoB,TGC,1.56
ERR4810516,sensitive,rpoB,ACG,1.02
ERR4810516,sensitive,rpoB,ATT,0.37
ERR4810516,sensitive,rpoB,CAC,1.82
ERR4810516,sensitive,rpoB,TTT,0.18
ERR4810516,sensitive,rpoB,CGA,0.29
ERR4810516,sensitive,rpoB,TCA,0.17
ERR4810516,sensitive,rpoB,TAT,0.25
ERR4810516,sensitive,rpoB,CAT,0.18
ERR4810516,sensitive,rpoB,ACT,0.25
ERR4810516,sensitive,rpoB,TGT,0.44
ERR4810516,sensitive,rpoB,AGG,0.07
ERR4810516,sensitive,rpoB,CTA,0.06
ERR4810516,sensitive,katG,GTG,1.46
ERR4810516,sensitive,katG,CCC,1.44
ERR4810516,sensitive,katG,GAG,1.45
ERR4810516,sensitive,katG,CAA,0.48
ERR4810516,sensitive,katG,CAC,1.67
ERR4810516,sensitive,katG,CCA,0.32
ERR4810516,sensitive,katG,ATT,0.6
ERR4810516,sensitive,katG,ACA,0.19
ERR4810516,sensitive,katG,GAA,0.55
ERR4810516,sensitive,katG,ACC,2.38
ERR4810516,sensitive,katG,GGA,0.25
ERR4810516,sensitive,katG,GCC,1.77
ERR4810516,sensitive,katG,GCT,0.47
ERR4810516,sensitive,katG,AGC,2.0
ERR4810516,sensitive,katG,AAC,1.93
ERR4810516,sensitive,katG,GGC,2.38
ERR4810516,sensitive,katG,TGT,1.33
ERR4810516,sensitive,katG,GTC,2.0
ERR4810516,sensitive,katG,GGT,0.71
ERR4810516,sensitive,katG,CAT,0.33
ERR4810516,sensitive,katG,ATG,1.0
ERR4810516,sensitive,katG,AAA,0.23
ERR4810516,sensitive,katG,TAC,1.52
ERR4810516,sensitive,katG,CAG,1.52
ERR4810516,sensitive,katG,GAC,1.52
ERR4810516,sensitive,katG,TGG,1.0
ERR4810516,sensitive,katG,CGG,1.89
ERR4810516,sensitive,katG,CTC,1.33
ERR4810516,sensitive,katG,AAT,0.07
ERR4810516,sensitive,katG,CTG,3.43
ERR4810516,sensitive,katG,AAG,1.77
ERR4810516,sensitive,katG,GTA,0.23
ERR4810516,sensitive,katG,CCG,2.0
ERR4810516,sensitive,katG,GCG,1.4
ERR4810516,sensitive,katG,TTC,1.77
ERR4810516,sensitive,katG,TAT,0.48
ERR4810516,sensitive,katG,ATC,2.28
ERR4810516,sensitive,katG,GTT,0.31
ERR4810516,sensitive,katG,ACG,1.14
ERR4810516,sensitive,katG,TCG,1.83
ERR4810516,sensitive,katG,GGG,0.66
ERR4810516,sensitive,katG,TTT,0.23
ERR4810516,sensitive,katG,CGC,2.91
ERR4810516,sensitive,katG,CTT,0.48
ERR4810516,sensitive,katG,TTG,0.57
ERR4810516,sensitive,katG,TCA,0.67
ERR4810516,sensitive,katG,TGC,0.67
ERR4810516,sensitive,katG,GAT,0.48
ERR4810516,sensitive,katG,CGT,0.51
ERR4810516,sensitive,katG,ACT,0.29
ERR4810516,sensitive,katG,AGT,0.5
ERR4810516,sensitive,katG,CCT,0.24
ERR4810516,sensitive,katG,TCC,1.0
ERR4810516,sensitive,katG,CGA,0.34
ERR4810516,sensitive,katG,AGA,0.17
ERR4810516,sensitive,katG,GCA,0.36
ERR4810516,sensitive,katG,CTA,0.1
ERR4810516,sensitive,katG,ATA,0.12
ERR4810516,sensitive,katG,TTA,0.1
ERR4810516,sensitive,katG,AGG,0.17
ERR4810516,sensitive,gyrA,ATG,1.0
ERR4810516,sensitive,gyrA,ACA,0.26
ERR4810516,sensitive,gyrA,GAC,1.68
ERR4810516,sensitive,gyrA,ACG,0.77
ERR4810516,sensitive,gyrA,TTG,0.91
ERR4810516,sensitive,gyrA,CCG,2.34
ERR4810516,sensitive,gyrA,CCT,0.28
ERR4810516,sensitive,gyrA,TCG,2.31
ERR4810516,sensitive,gyrA,CTC,0.53
ERR4810516,sensitive,gyrA,CGG,1.95
ERR4810516,sensitive,gyrA,ATC,2.56
ERR4810516,sensitive,gyrA,GAA,0.65
ERR4810516,sensitive,gyrA,GTT,0.7
ERR4810516,sensitive,gyrA,CAG,1.88
ERR4810516,sensitive,gyrA,GAG,1.35
ERR4810516,sensitive,gyrA,CGC,2.92
ERR4810516,sensitive,gyrA,AGC,1.38
ERR4810516,sensitive,gyrA,TAC,1.28
ERR4810516,sensitive,gyrA,TAT,0.72
ERR4810516,sensitive,gyrA,GCG,1.45
ERR4810516,sensitive,gyrA,GTG,1.74
ERR4810516,sensitive,gyrA,GTC,1.45
ERR4810516,sensitive,gyrA,GGC,2.26
ERR4810516,sensitive,gyrA,CTG,4.18
ERR4810516,sensitive,gyrA,GGG,0.64
ERR4810516,sensitive,gyrA,AAG,1.28
ERR4810516,sensitive,gyrA,CCC,0.97
ERR4810516,sensitive,gyrA,CAT,0.14
ERR4810516,sensitive,gyrA,GCA,0.43
ERR4810516,sensitive,gyrA,TTC,1.88
ERR4810516,sensitive,gyrA,GAT,0.32
ERR4810516,sensitive,gyrA,TCC,1.69
ERR4810516,sensitive,gyrA,CAC,1.86
ERR4810516,sensitive,gyrA,GCC,2.07
ERR4810516,sensitive,gyrA,ACC,2.55
ERR4810516,sensitive,gyrA,AAC,1.38
ERR4810516,sensitive,gyrA,TGG,1.0
ERR4810516,sensitive,gyrA,CCA,0.41
ERR4810516,sensitive,gyrA,AAT,0.62
ERR4810516,sensitive,gyrA,AGG,0.38
ERR4810516,sensitive,gyrA,CAA,0.12
ERR4810516,sensitive,gyrA,CTA,0.15
ERR4810516,sensitive,gyrA,TCA,0.31
ERR4810516,sensitive,gyrA,CGT,0.53
ERR4810516,sensitive,gyrA,AAA,0.72
ERR4810516,sensitive,gyrA,GGA,0.52
ERR4810516,sensitive,gyrA,GCT,0.05
ERR4810516,sensitive,gyrA,ACT,0.43
ERR4810516,sensitive,gyrA,ATT,0.44
ERR4810516,sensitive,gyrA,CGA,0.23
ERR4810516,sensitive,gyrA,GTA,0.12
ERR4810516,sensitive,gyrA,GGT,0.58
ERR4810516,sensitive,gyrA,TCT,0.15
ERR4810516,sensitive,gyrA,TTA,0.15
ERR4810516,sensitive,gyrA,CTT,0.08
ERR4810516,sensitive,gyrA,TTT,0.12
ERR4810516,sensitive,gyrA,TGC,1.0
ERR4810516,sensitive,gyrA,TGT,1.0
ERR4810516,sensitive,gyrA,AGT,0.15
ERR4810518,sensitive,rpoB,TTG,0.8
ERR4810518,sensitive,rpoB,GCA,0.24
ERR4810518,sensitive,rpoB,GAT,0.21
ERR4810518,sensitive,rpoB,TCC,1.52
ERR4810518,sensitive,rpoB,CGC,3.18
ERR4810518,sensitive,rpoB,CAG,1.76
ERR4810518,sensitive,rpoB,AGC,1.01
ERR4810518,sensitive,rpoB,AAA,0.24
ERR4810518,sensitive,rpoB,ACA,0.13
ERR4810518,sensitive,rpoB,GCC,2.17
ERR4810518,sensitive,rpoB,GCT,0.29
ERR4810518,sensitive,rpoB,AGT,0.59
ERR4810518,sensitive,rpoB,CCT,0.18
ERR4810518,sensitive,rpoB,CCG,2.65
ERR4810518,sensitive,rpoB,CAA,0.24
ERR4810518,sensitive,rpoB,TCG,2.45
ERR4810518,sensitive,rpoB,AAT,0.15
ERR4810518,sensitive,rpoB,AAC,1.85
ERR4810518,sensitive,rpoB,GTA,0.04
ERR4810518,sensitive,rpoB,CCC,0.92
ERR4810518,sensitive,rpoB,GGA,0.12
ERR4810518,sensitive,rpoB,GCG,1.3
ERR4810518,sensitive,rpoB,CCA,0.25
ERR4810518,sensitive,rpoB,CGG,1.66
ERR4810518,sensitive,rpoB,GTC,1.69
ERR4810518,sensitive,rpoB,TTC,1.82
ERR4810518,sensitive,rpoB,AAG,1.76
ERR4810518,sensitive,rpoB,CTG,4.14
ERR4810518,sensitive,rpoB,GAA,0.37
ERR4810518,sensitive,rpoB,CTT,0.25
ERR4810518,sensitive,rpoB,GAG,1.63
ERR4810518,sensitive,rpoB,GTT,0.25
ERR4810518,sensitive,rpoB,CTC,0.74
ERR4810518,sensitive,rpoB,GAC,1.79
ERR4810518,sensitive,rpoB,ACC,2.6
ERR4810518,sensitive,rpoB,TGG,1.0
ERR4810518,sensitive,rpoB,ATC,2.63
ERR4810518,sensitive,rpoB,GGT,1.08
ERR4810518,sensitive,rpoB,GTG,2.02
ERR4810518,sensitive,rpoB,GGC,2.08
ERR4810518,sensitive,rpoB,TAC,1.75
ERR4810518,sensitive,rpoB,TCT,0.25
ERR4810518,sensitive,rpoB,GGG,0.71
ERR4810518,sensitive,rpoB,ATG,1.0
ERR4810518,sensitive,rpoB,CGT,0.8
ERR4810518,sensitive,rpoB,TGC,1.56
ERR4810518,sensitive,rpoB,ACG,1.02
ERR4810518,sensitive,rpoB,ATT,0.37
ERR4810518,sensitive,rpoB,CAC,1.82
ERR4810518,sensitive,rpoB,TTT,0.18
ERR4810518,sensitive,rpoB,CGA,0.29
ERR4810518,sensitive,rpoB,TCA,0.17
ERR4810518,sensitive,rpoB,TAT,0.25
ERR4810518,sensitive,rpoB,CAT,0.18
ERR4810518,sensitive,rpoB,ACT,0.25
ERR4810518,sensitive,rpoB,TGT,0.44
ERR4810518,sensitive,rpoB,AGG,0.07
ERR4810518,sensitive,rpoB,CTA,0.06
ERR4810518,sensitive,katG,GTG,1.46
ERR4810518,sensitive,katG,CCC,1.44
ERR4810518,sensitive,katG,GAG,1.45
ERR4810518,sensitive,katG,CAA,0.48
ERR4810518,sensitive,katG,CAC,1.67
ERR4810518,sensitive,katG,CCA,0.32
ERR4810518,sensitive,katG,ATT,0.6
ERR4810518,sensitive,katG,ACA,0.19
ERR4810518,sensitive,katG,GAA,0.55
ERR4810518,sensitive,katG,ACC,2.38
ERR4810518,sensitive,katG,GGA,0.25
ERR4810518,sensitive,katG,GCC,1.77
ERR4810518,sensitive,katG,GCT,0.47
ERR4810518,sensitive,katG,AGC,2.0
ERR4810518,sensitive,katG,AAC,1.93
ERR4810518,sensitive,katG,GGC,2.38
ERR4810518,sensitive,katG,TGT,1.33
ERR4810518,sensitive,katG,GTC,2.0
ERR4810518,sensitive,katG,GGT,0.71
ERR4810518,sensitive,katG,CAT,0.33
ERR4810518,sensitive,katG,ATG,1.0
ERR4810518,sensitive,katG,AAA,0.23
ERR4810518,sensitive,katG,TAC,1.52
ERR4810518,sensitive,katG,CAG,1.52
ERR4810518,sensitive,katG,GAC,1.52
ERR4810518,sensitive,katG,TGG,1.0
ERR4810518,sensitive,katG,CGG,2.0
ERR4810518,sensitive,katG,CTC,1.35
ERR4810518,sensitive,katG,AAT,0.07
ERR4810518,sensitive,katG,CTG,3.39
ERR4810518,sensitive,katG,AAG,1.77
ERR4810518,sensitive,katG,GTA,0.23
ERR4810518,sensitive,katG,CCG,2.0
ERR4810518,sensitive,katG,GCG,1.4
ERR4810518,sensitive,katG,TTC,1.77
ERR4810518,sensitive,katG,TAT,0.48
ERR4810518,sensitive,katG,ATC,2.28
ERR4810518,sensitive,katG,GTT,0.31
ERR4810518,sensitive,katG,ACG,1.14
ERR4810518,sensitive,katG,TCG,1.83
ERR4810518,sensitive,katG,GGG,0.66
ERR4810518,sensitive,katG,TTT,0.23
ERR4810518,sensitive,katG,CGC,2.83
ERR4810518,sensitive,katG,CTT,0.48
ERR4810518,sensitive,katG,TTG,0.58
ERR4810518,sensitive,katG,TCA,0.67
ERR4810518,sensitive,katG,TGC,0.67
ERR4810518,sensitive,katG,GAT,0.48
ERR4810518,sensitive,katG,CGT,0.5
ERR4810518,sensitive,katG,ACT,0.29
ERR4810518,sensitive,katG,AGT,0.5
ERR4810518,sensitive,katG,CCT,0.24
ERR4810518,sensitive,katG,TCC,1.0
ERR4810518,sensitive,katG,CGA,0.33
ERR4810518,sensitive,katG,AGA,0.17
ERR4810518,sensitive,katG,GCA,0.36
ERR4810518,sensitive,katG,CTA,0.1
ERR4810518,sensitive,katG,ATA,0.12
ERR4810518,sensitive,katG,TTA,0.1
ERR4810518,sensitive,katG,AGG,0.17
ERR4810518,sensitive,gyrA,ATG,1.0
ERR4810518,sensitive,gyrA,ACA,0.26
ERR4810518,sensitive,gyrA,GAC,1.68
ERR4810518,sensitive,gyrA,ACG,0.77
ERR4810518,sensitive,gyrA,TTG,0.91
ERR4810518,sensitive,gyrA,CCG,2.34
ERR4810518,sensitive,gyrA,CCT,0.28
ERR4810518,sensitive,gyrA,TCG,2.31
ERR4810518,sensitive,gyrA,CTC,0.53
ERR4810518,sensitive,gyrA,CGG,1.95
ERR4810518,sensitive,gyrA,ATC,2.56
ERR4810518,sensitive,gyrA,GAA,0.65
ERR4810518,sensitive,gyrA,GTT,0.7
ERR4810518,sensitive,gyrA,CAG,1.88
ERR4810518,sensitive,gyrA,GAG,1.35
ERR4810518,sensitive,gyrA,CGC,2.92
ERR4810518,sensitive,gyrA,AGC,1.38
ERR4810518,sensitive,gyrA,TAC,1.28
ERR4810518,sensitive,gyrA,TAT,0.72
ERR4810518,sensitive,gyrA,GCG,1.45
ERR4810518,sensitive,gyrA,GTG,1.74
ERR4810518,sensitive,gyrA,GTC,1.45
ERR4810518,sensitive,gyrA,GGC,2.26
ERR4810518,sensitive,gyrA,CTG,4.1
ERR4810518,sensitive,gyrA,GGG,0.64
ERR4810518,sensitive,gyrA,AAG,1.28
ERR4810518,sensitive,gyrA,CCC,0.97
ERR4810518,sensitive,gyrA,CAT,0.14
ERR4810518,sensitive,gyrA,GCA,0.43
ERR4810518,sensitive,gyrA,TTC,1.88
ERR4810518,sensitive,gyrA,GAT,0.32
ERR4810518,sensitive,gyrA,TCC,1.69
ERR4810518,sensitive,gyrA,CAC,1.86
ERR4810518,sensitive,gyrA,GCC,2.07
ERR4810518,sensitive,gyrA,ACC,2.55
ERR4810518,sensitive,gyrA,AAC,1.38
ERR4810518,sensitive,gyrA,TGG,1.0
ERR4810518,sensitive,gyrA,CCA,0.41
ERR4810518,sensitive,gyrA,AAT,0.62
ERR4810518,sensitive,gyrA,AGG,0.38
ERR4810518,sensitive,gyrA,CAA,0.12
ERR4810518,sensitive,gyrA,CTA,0.23
ERR4810518,sensitive,gyrA,TCA,0.31
ERR4810518,sensitive,gyrA,CGT,0.53
ERR4810518,sensitive,gyrA,AAA,0.72
ERR4810518,sensitive,gyrA,GGA,0.52
ERR4810518,sensitive,gyrA,GCT,0.05
ERR4810518,sensitive,gyrA,ACT,0.43
ERR4810518,sensitive,gyrA,ATT,0.44
ERR4810518,sensitive,gyrA,CGA,0.23
ERR4810518,sensitive,gyrA,GTA,0.12
ERR4810518,sensitive,gyrA,GGT,0.58
ERR4810518,sensitive,gyrA,TCT,0.15
ERR4810518,sensitive,gyrA,TTA,0.15
ERR4810518,sensitive,gyrA,CTT,0.08
ERR4810518,sensitive,gyrA,TTT,0.12
ERR4810518,sensitive,gyrA,TGC,1.0
ERR4810518,sensitive,gyrA,TGT,1.0
ERR4810518,sensitive,gyrA,AGT,0.15
ERR4810520,sensitive,rpoB,TTG,0.8
ERR4810520,sensitive,rpoB,GCA,0.24
ERR4810520,sensitive,rpoB,GAT,0.21
ERR4810520,sensitive,rpoB,TCC,1.52
ERR4810520,sensitive,rpoB,CGC,3.18
ERR4810520,sensitive,rpoB,CAG,1.76
ERR4810520,sensitive,rpoB,AGC,1.01
ERR4810520,sensitive,rpoB,AAA,0.24
ERR4810520,sensitive,rpoB,ACA,0.13
ERR4810520,sensitive,rpoB,GCC,2.17
ERR4810520,sensitive,rpoB,GCT,0.29
ERR4810520,sensitive,rpoB,AGT,0.59
ERR4810520,sensitive,rpoB,CCT,0.18
ERR4810520,sensitive,rpoB,CCG,2.65
ERR4810520,sensitive,rpoB,CAA,0.24
ERR4810520,sensitive,rpoB,TCG,2.45
ERR4810520,sensitive,rpoB,AAT,0.15
ERR4810520,sensitive,rpoB,AAC,1.85
ERR4810520,sensitive,rpoB,GTA,0.04
ERR4810520,sensitive,rpoB,CCC,0.92
ERR4810520,sensitive,rpoB,GGA,0.12
ERR4810520,sensitive,rpoB,GCG,1.3
ERR4810520,sensitive,rpoB,CCA,0.25
ERR4810520,sensitive,rpoB,CGG,1.66
ERR4810520,sensitive,rpoB,GTC,1.69
ERR4810520,sensitive,rpoB,TTC,1.82
ERR4810520,sensitive,rpoB,AAG,1.76
ERR4810520,sensitive,rpoB,CTG,4.14
ERR4810520,sensitive,rpoB,GAA,0.37
ERR4810520,sensitive,rpoB,CTT,0.25
ERR4810520,sensitive,rpoB,GAG,1.63
ERR4810520,sensitive,rpoB,GTT,0.25
ERR4810520,sensitive,rpoB,CTC,0.74
ERR4810520,sensitive,rpoB,GAC,1.79
ERR4810520,sensitive,rpoB,ACC,2.6
ERR4810520,sensitive,rpoB,TGG,1.0
ERR4810520,sensitive,rpoB,ATC,2.63
ERR4810520,sensitive,rpoB,GGT,1.08
ERR4810520,sensitive,rpoB,GTG,2.02
ERR4810520,sensitive,rpoB,GGC,2.08
ERR4810520,sensitive,rpoB,TAC,1.75
ERR4810520,sensitive,rpoB,TCT,0.25
ERR4810520,sensitive,rpoB,GGG,0.71
ERR4810520,sensitive,rpoB,ATG,1.0
ERR4810520,sensitive,rpoB,CGT,0.8
ERR4810520,sensitive,rpoB,TGC,1.56
ERR4810520,sensitive,rpoB,ACG,1.02
ERR4810520,sensitive,rpoB,ATT,0.37
ERR4810520,sensitive,rpoB,CAC,1.82
ERR4810520,sensitive,rpoB,TTT,0.18
ERR4810520,sensitive,rpoB,CGA,0.29
ERR4810520,sensitive,rpoB,TCA,0.17
ERR4810520,sensitive,rpoB,TAT,0.25
ERR4810520,sensitive,rpoB,CAT,0.18
ERR4810520,sensitive,rpoB,ACT,0.25
ERR4810520,sensitive,rpoB,TGT,0.44
ERR4810520,sensitive,rpoB,AGG,0.07
ERR4810520,sensitive,rpoB,CTA,0.06
ERR4810520,sensitive,katG,GTG,1.46
ERR4810520,sensitive,katG,CCC,1.44
ERR4810520,sensitive,katG,GAG,1.45
ERR4810520,sensitive,katG,CAA,0.48
ERR4810520,sensitive,katG,CAC,1.67
ERR4810520,sensitive,katG,CCA,0.32
ERR4810520,sensitive,katG,ATT,0.6
ERR4810520,sensitive,katG,ACA,0.19
ERR4810520,sensitive,katG,GAA,0.55
ERR4810520,sensitive,katG,ACC,2.38
ERR4810520,sensitive,katG,GGA,0.25
ERR4810520,sensitive,katG,GCC,1.77
ERR4810520,sensitive,katG,GCT,0.47
ERR4810520,sensitive,katG,AGC,2.0
ERR4810520,sensitive,katG,AAC,1.93
ERR4810520,sensitive,katG,GGC,2.38
ERR4810520,sensitive,katG,TGT,1.33
ERR4810520,sensitive,katG,GTC,2.0
ERR4810520,sensitive,katG,GGT,0.71
ERR4810520,sensitive,katG,CAT,0.33
ERR4810520,sensitive,katG,ATG,1.0
ERR4810520,sensitive,katG,AAA,0.23
ERR4810520,sensitive,katG,TAC,1.52
ERR4810520,sensitive,katG,CAG,1.52
ERR4810520,sensitive,katG,GAC,1.52
ERR4810520,sensitive,katG,TGG,1.0
ERR4810520,sensitive,katG,CGG,2.0
ERR4810520,sensitive,katG,CTC,1.35
ERR4810520,sensitive,katG,AAT,0.07
ERR4810520,sensitive,katG,CTG,3.39
ERR4810520,sensitive,katG,AAG,1.77
ERR4810520,sensitive,katG,GTA,0.23
ERR4810520,sensitive,katG,CCG,2.0
ERR4810520,sensitive,katG,GCG,1.4
ERR4810520,sensitive,katG,TTC,1.77
ERR4810520,sensitive,katG,TAT,0.48
ERR4810520,sensitive,katG,ATC,2.28
ERR4810520,sensitive,katG,GTT,0.31
ERR4810520,sensitive,katG,ACG,1.14
ERR4810520,sensitive,katG,TCG,1.83
ERR4810520,sensitive,katG,GGG,0.66
ERR4810520,sensitive,katG,TTT,0.23
ERR4810520,sensitive,katG,CGC,2.83
ERR4810520,sensitive,katG,CTT,0.48
ERR4810520,sensitive,katG,TTG,0.58
ERR4810520,sensitive,katG,TCA,0.67
ERR4810520,sensitive,katG,TGC,0.67
ERR4810520,sensitive,katG,GAT,0.48
ERR4810520,sensitive,katG,CGT,0.5
ERR4810520,sensitive,katG,ACT,0.29
ERR4810520,sensitive,katG,AGT,0.5
ERR4810520,sensitive,katG,CCT,0.24
ERR4810520,sensitive,katG,TCC,1.0
ERR4810520,sensitive,katG,CGA,0.33
ERR4810520,sensitive,katG,AGA,0.17
ERR4810520,sensitive,katG,GCA,0.36
ERR4810520,sensitive,katG,CTA,0.1
ERR4810520,sensitive,katG,ATA,0.12
ERR4810520,sensitive,katG,TTA,0.1
ERR4810520,sensitive,katG,AGG,0.17
ERR4810520,sensitive,gyrA,ATG,1.0
ERR4810520,sensitive,gyrA,ACA,0.26
ERR4810520,sensitive,gyrA,GAC,1.68
ERR4810520,sensitive,gyrA,ACG,0.77
ERR4810520,sensitive,gyrA,TTG,0.91
ERR4810520,sensitive,gyrA,CCG,2.34
ERR4810520,sensitive,gyrA,CCT,0.28
ERR4810520,sensitive,gyrA,TCG,2.31
ERR4810520,sensitive,gyrA,CTC,0.53
ERR4810520,sensitive,gyrA,CGG,1.95
ERR4810520,sensitive,gyrA,ATC,2.56
ERR4810520,sensitive,gyrA,GAA,0.65
ERR4810520,sensitive,gyrA,GTT,0.7
ERR4810520,sensitive,gyrA,CAG,1.88
ERR4810520,sensitive,gyrA,GAG,1.35
ERR4810520,sensitive,gyrA,CGC,2.92
ERR4810520,sensitive,gyrA,AGC,1.38
ERR4810520,sensitive,gyrA,TAC,1.28
ERR4810520,sensitive,gyrA,TAT,0.72
ERR4810520,sensitive,gyrA,GCG,1.45
ERR4810520,sensitive,gyrA,GTG,1.74
ERR4810520,sensitive,gyrA,GTC,1.45
ERR4810520,sensitive,gyrA,GGC,2.26
ERR4810520,sensitive,gyrA,CTG,4.1
ERR4810520,sensitive,gyrA,GGG,0.64
ERR4810520,sensitive,gyrA,AAG,1.28
ERR4810520,sensitive,gyrA,CCC,0.97
ERR4810520,sensitive,gyrA,CAT,0.14
ERR4810520,sensitive,gyrA,GCA,0.43
ERR4810520,sensitive,gyrA,TTC,1.88
ERR4810520,sensitive,gyrA,GAT,0.32
ERR4810520,sensitive,gyrA,TCC,1.69
ERR4810520,sensitive,gyrA,CAC,1.86
ERR4810520,sensitive,gyrA,GCC,2.07
ERR4810520,sensitive,gyrA,ACC,2.55
ERR4810520,sensitive,gyrA,AAC,1.38
ERR4810520,sensitive,gyrA,TGG,1.0
ERR4810520,sensitive,gyrA,CCA,0.41
ERR4810520,sensitive,gyrA,AAT,0.62
ERR4810520,sensitive,gyrA,AGG,0.38
ERR4810520,sensitive,gyrA,CAA,0.12
ERR4810520,sensitive,gyrA,CTA,0.23
ERR4810520,sensitive,gyrA,TCA,0.31
ERR4810520,sensitive,gyrA,CGT,0.53
ERR4810520,sensitive,gyrA,AAA,0.72
ERR4810520,sensitive,gyrA,GGA,0.52
ERR4810520,sensitive,gyrA,GCT,0.05
ERR4810520,sensitive,gyrA,ACT,0.43
ERR4810520,sensitive,gyrA,ATT,0.44
ERR4810520,sensitive,gyrA,CGA,0.23
ERR4810520,sensitive,gyrA,GTA,0.12
ERR4810520,sensitive,gyrA,GGT,0.58
ERR4810520,sensitive,gyrA,TCT,0.15
ERR4810520,sensitive,gyrA,TTA,0.15
ERR4810520,sensitive,gyrA,CTT,0.08
ERR4810520,sensitive,gyrA,TTT,0.12
ERR4810520,sensitive,gyrA,TGC,1.0
ERR4810520,sensitive,gyrA,TGT,1.0
ERR4810520,sensitive,gyrA,AGT,0.15
ERR4810522,sensitive,rpoB,TTG,0.8
ERR4810522,sensitive,rpoB,GCA,0.24
ERR4810522,sensitive,rpoB,GAT,0.21
ERR4810522,sensitive,rpoB,TCC,1.52
ERR4810522,sensitive,rpoB,CGC,3.18
ERR4810522,sensitive,rpoB,CAG,1.76
ERR4810522,sensitive,rpoB,AGC,1.01
ERR4810522,sensitive,rpoB,AAA,0.24
ERR4810522,sensitive,rpoB,ACA,0.13
ERR4810522,sensitive,rpoB,GCC,2.22
ERR4810522,sensitive,rpoB,GCT,0.24
ERR4810522,sensitive,rpoB,AGT,0.59
ERR4810522,sensitive,rpoB,CCT,0.18
ERR4810522,sensitive,rpoB,CCG,2.65
ERR4810522,sensitive,rpoB,CAA,0.24
ERR4810522,sensitive,rpoB,TCG,2.45
ERR4810522,sensitive,rpoB,AAT,0.15
ERR4810522,sensitive,rpoB,AAC,1.85
ERR4810522,sensitive,rpoB,GTA,0.04
ERR4810522,sensitive,rpoB,CCC,0.92
ERR4810522,sensitive,rpoB,GGA,0.12
ERR4810522,sensitive,rpoB,GCG,1.3
ERR4810522,sensitive,rpoB,CCA,0.25
ERR4810522,sensitive,rpoB,CGG,1.66
ERR4810522,sensitive,rpoB,GTC,1.69
ERR4810522,sensitive,rpoB,TTC,1.82
ERR4810522,sensitive,rpoB,AAG,1.76
ERR4810522,sensitive,rpoB,CTG,4.14
ERR4810522,sensitive,rpoB,GAA,0.37
ERR4810522,sensitive,rpoB,CTT,0.25
ERR4810522,sensitive,rpoB,GAG,1.63
ERR4810522,sensitive,rpoB,GTT,0.25
ERR4810522,sensitive,rpoB,CTC,0.74
ERR4810522,sensitive,rpoB,GAC,1.79
ERR4810522,sensitive,rpoB,ACC,2.6
ERR4810522,sensitive,rpoB,TGG,1.0
ERR4810522,sensitive,rpoB,ATC,2.63
ERR4810522,sensitive,rpoB,GGT,1.08
ERR4810522,sensitive,rpoB,GTG,2.02
ERR4810522,sensitive,rpoB,GGC,2.08
ERR4810522,sensitive,rpoB,TAC,1.75
ERR4810522,sensitive,rpoB,TCT,0.25
ERR4810522,sensitive,rpoB,GGG,0.71
ERR4810522,sensitive,rpoB,ATG,1.0
ERR4810522,sensitive,rpoB,CGT,0.8
ERR4810522,sensitive,rpoB,TGC,1.56
ERR4810522,sensitive,rpoB,ACG,1.02
ERR4810522,sensitive,rpoB,ATT,0.37
ERR4810522,sensitive,rpoB,CAC,1.82
ERR4810522,sensitive,rpoB,TTT,0.18
ERR4810522,sensitive,rpoB,CGA,0.29
ERR4810522,sensitive,rpoB,TCA,0.17
ERR4810522,sensitive,rpoB,TAT,0.25
ERR4810522,sensitive,rpoB,CAT,0.18
ERR4810522,sensitive,rpoB,ACT,0.25
ERR4810522,sensitive,rpoB,TGT,0.44
ERR4810522,sensitive,rpoB,AGG,0.07
ERR4810522,sensitive,rpoB,CTA,0.06
ERR4810522,sensitive,katG,GTG,1.46
ERR4810522,sensitive,katG,CCC,1.44
ERR4810522,sensitive,katG,GAG,1.45
ERR4810522,sensitive,katG,CAA,0.48
ERR4810522,sensitive,katG,CAC,1.67
ERR4810522,sensitive,katG,CCA,0.32
ERR4810522,sensitive,katG,ATT,0.6
ERR4810522,sensitive,katG,ACA,0.19
ERR4810522,sensitive,katG,GAA,0.55
ERR4810522,sensitive,katG,ACC,2.38
ERR4810522,sensitive,katG,GGA,0.25
ERR4810522,sensitive,katG,GCC,1.77
ERR4810522,sensitive,katG,GCT,0.47
ERR4810522,sensitive,katG,AGC,2.0
ERR4810522,sensitive,katG,AAC,1.93
ERR4810522,sensitive,katG,GGC,2.38
ERR4810522,sensitive,katG,TGT,1.33
ERR4810522,sensitive,katG,GTC,2.0
ERR4810522,sensitive,katG,GGT,0.71
ERR4810522,sensitive,katG,CAT,0.33
ERR4810522,sensitive,katG,ATG,1.0
ERR4810522,sensitive,katG,AAA,0.23
ERR4810522,sensitive,katG,TAC,1.52
ERR4810522,sensitive,katG,CAG,1.52
ERR4810522,sensitive,katG,GAC,1.52
ERR4810522,sensitive,katG,TGG,1.0
ERR4810522,sensitive,katG,CGG,1.89
ERR4810522,sensitive,katG,CTC,1.33
ERR4810522,sensitive,katG,AAT,0.07
ERR4810522,sensitive,katG,CTG,3.43
ERR4810522,sensitive,katG,AAG,1.77
ERR4810522,sensitive,katG,GTA,0.23
ERR4810522,sensitive,katG,CCG,2.0
ERR4810522,sensitive,katG,GCG,1.4
ERR4810522,sensitive,katG,TTC,1.77
ERR4810522,sensitive,katG,TAT,0.48
ERR4810522,sensitive,katG,ATC,2.28
ERR4810522,sensitive,katG,GTT,0.31
ERR4810522,sensitive,katG,ACG,1.14
ERR4810522,sensitive,katG,TCG,1.83
ERR4810522,sensitive,katG,GGG,0.66
ERR4810522,sensitive,katG,TTT,0.23
ERR4810522,sensitive,katG,CGC,2.91
ERR4810522,sensitive,katG,CTT,0.48
ERR4810522,sensitive,katG,TTG,0.57
ERR4810522,sensitive,katG,TCA,0.67
ERR4810522,sensitive,katG,TGC,0.67
ERR4810522,sensitive,katG,GAT,0.48
ERR4810522,sensitive,katG,CGT,0.51
ERR4810522,sensitive,katG,ACT,0.29
ERR4810522,sensitive,katG,AGT,0.5
ERR4810522,sensitive,katG,CCT,0.24
ERR4810522,sensitive,katG,TCC,1.0
ERR4810522,sensitive,katG,CGA,0.34
ERR4810522,sensitive,katG,AGA,0.17
ERR4810522,sensitive,katG,GCA,0.36
ERR4810522,sensitive,katG,CTA,0.1
ERR4810522,sensitive,katG,ATA,0.12
ERR4810522,sensitive,katG,TTA,0.1
ERR4810522,sensitive,katG,AGG,0.17
ERR4810522,sensitive,gyrA,ATG,1.0
ERR4810522,sensitive,gyrA,ACA,0.26
ERR4810522,sensitive,gyrA,GAC,1.68
ERR4810522,sensitive,gyrA,ACG,0.77
ERR4810522,sensitive,gyrA,TTG,0.91
ERR4810522,sensitive,gyrA,CCG,2.34
ERR4810522,sensitive,gyrA,CCT,0.28
ERR4810522,sensitive,gyrA,TCG,2.31
ERR4810522,sensitive,gyrA,CTC,0.53
ERR4810522,sensitive,gyrA,CGG,1.95
ERR4810522,sensitive,gyrA,ATC,2.56
ERR4810522,sensitive,gyrA,GAA,0.65
ERR4810522,sensitive,gyrA,GTT,0.7
ERR4810522,sensitive,gyrA,CAG,1.88
ERR4810522,sensitive,gyrA,GAG,1.35
ERR4810522,sensitive,gyrA,CGC,2.92
ERR4810522,sensitive,gyrA,AGC,1.38
ERR4810522,sensitive,gyrA,TAC,1.28
ERR4810522,sensitive,gyrA,TAT,0.72
ERR4810522,sensitive,gyrA,GCG,1.45
ERR4810522,sensitive,gyrA,GTG,1.74
ERR4810522,sensitive,gyrA,GTC,1.45
ERR4810522,sensitive,gyrA,GGC,2.26
ERR4810522,sensitive,gyrA,CTG,4.18
ERR4810522,sensitive,gyrA,GGG,0.64
ERR4810522,sensitive,gyrA,AAG,1.28
ERR4810522,sensitive,gyrA,CCC,0.97
ERR4810522,sensitive,gyrA,CAT,0.14
ERR4810522,sensitive,gyrA,GCA,0.43
ERR4810522,sensitive,gyrA,TTC,1.88
ERR4810522,sensitive,gyrA,GAT,0.32
ERR4810522,sensitive,gyrA,TCC,1.69
ERR4810522,sensitive,gyrA,CAC,1.86
ERR4810522,sensitive,gyrA,GCC,2.07
ERR4810522,sensitive,gyrA,ACC,2.55
ERR4810522,sensitive,gyrA,AAC,1.38
ERR4810522,sensitive,gyrA,TGG,1.0
ERR4810522,sensitive,gyrA,CCA,0.41
ERR4810522,sensitive,gyrA,AAT,0.62
ERR4810522,sensitive,gyrA,AGG,0.38
ERR4810522,sensitive,gyrA,CAA,0.12
ERR4810522,sensitive,gyrA,CTA,0.15
ERR4810522,sensitive,gyrA,TCA,0.31
ERR4810522,sensitive,gyrA,CGT,0.53
ERR4810522,sensitive,gyrA,AAA,0.72
ERR4810522,sensitive,gyrA,GGA,0.52
ERR4810522,sensitive,gyrA,GCT,0.05
ERR4810522,sensitive,gyrA,ACT,0.43
ERR4810522,sensitive,gyrA,ATT,0.44
ERR4810522,sensitive,gyrA,CGA,0.23
ERR4810522,sensitive,gyrA,GTA,0.12
ERR4810522,sensitive,gyrA,GGT,0.58
ERR4810522,sensitive,gyrA,TCT,0.15
ERR4810522,sensitive,gyrA,TTA,0.15
ERR4810522,sensitive,gyrA,CTT,0.08
ERR4810522,sensitive,gyrA,TTT,0.12
ERR4810522,sensitive,gyrA,TGC,1.0
ERR4810522,sensitive,gyrA,TGT,1.0
ERR4810522,sensitive,gyrA,AGT,0.15
ERR4810524,sensitive,rpoB,TTG,0.8
ERR4810524,sensitive,rpoB,GCA,0.24
ERR4810524,sensitive,rpoB,GAT,0.21
ERR4810524,sensitive,rpoB,TCC,1.52
ERR4810524,sensitive,rpoB,CGC,3.18
ERR4810524,sensitive,rpoB,CAG,1.76
ERR4810524,sensitive,rpoB,AGC,1.01
ERR4810524,sensitive,rpoB,AAA,0.24
ERR4810524,sensitive,rpoB,ACA,0.13
ERR4810524,sensitive,rpoB,GCC,2.17
ERR4810524,sensitive,rpoB,GCT,0.29
ERR4810524,sensitive,rpoB,AGT,0.59
ERR4810524,sensitive,rpoB,CCT,0.18
ERR4810524,sensitive,rpoB,CCG,2.65
ERR4810524,sensitive,rpoB,CAA,0.24
ERR4810524,sensitive,rpoB,TCG,2.45
ERR4810524,sensitive,rpoB,AAT,0.15
ERR4810524,sensitive,rpoB,AAC,1.85
ERR4810524,sensitive,rpoB,GTA,0.04
ERR4810524,sensitive,rpoB,CCC,0.92
ERR4810524,sensitive,rpoB,GGA,0.12
ERR4810524,sensitive,rpoB,GCG,1.3
ERR4810524,sensitive,rpoB,CCA,0.25
ERR4810524,sensitive,rpoB,CGG,1.66
ERR4810524,sensitive,rpoB,GTC,1.69
ERR4810524,sensitive,rpoB,TTC,1.82
ERR4810524,sensitive,rpoB,AAG,1.76
ERR4810524,sensitive,rpoB,CTG,4.14
ERR4810524,sensitive,rpoB,GAA,0.37
ERR4810524,sensitive,rpoB,CTT,0.25
ERR4810524,sensitive,rpoB,GAG,1.63
ERR4810524,sensitive,rpoB,GTT,0.25
ERR4810524,sensitive,rpoB,CTC,0.74
ERR4810524,sensitive,rpoB,GAC,1.79
ERR4810524,sensitive,rpoB,ACC,2.6
ERR4810524,sensitive,rpoB,TGG,1.0
ERR4810524,sensitive,rpoB,ATC,2.63
ERR4810524,sensitive,rpoB,GGT,1.08
ERR4810524,sensitive,rpoB,GTG,2.02
ERR4810524,sensitive,rpoB,GGC,2.08
ERR4810524,sensitive,rpoB,TAC,1.75
ERR4810524,sensitive,rpoB,TCT,0.25
ERR4810524,sensitive,rpoB,GGG,0.71
ERR4810524,sensitive,rpoB,ATG,1.0
ERR4810524,sensitive,rpoB,CGT,0.8
ERR4810524,sensitive,rpoB,TGC,1.56
ERR4810524,sensitive,rpoB,ACG,1.02
ERR4810524,sensitive,rpoB,ATT,0.37
ERR4810524,sensitive,rpoB,CAC,1.82
ERR4810524,sensitive,rpoB,TTT,0.18
ERR4810524,sensitive,rpoB,CGA,0.29
ERR4810524,sensitive,rpoB,TCA,0.17
ERR4810524,sensitive,rpoB,TAT,0.25
ERR4810524,sensitive,rpoB,CAT,0.18
ERR4810524,sensitive,rpoB,ACT,0.25
ERR4810524,sensitive,rpoB,TGT,0.44
ERR4810524,sensitive,rpoB,AGG,0.07
ERR4810524,sensitive,rpoB,CTA,0.06
ERR4810524,sensitive,katG,GTG,1.46
ERR4810524,sensitive,katG,CCC,1.44
ERR4810524,sensitive,katG,GAG,1.45
ERR4810524,sensitive,katG,CAA,0.48
ERR4810524,sensitive,katG,CAC,1.67
ERR4810524,sensitive,katG,CCA,0.32
ERR4810524,sensitive,katG,ATT,0.6
ERR4810524,sensitive,katG,ACA,0.19
ERR4810524,sensitive,katG,GAA,0.55
ERR4810524,sensitive,katG,ACC,2.38
ERR4810524,sensitive,katG,GGA,0.25
ERR4810524,sensitive,katG,GCC,1.77
ERR4810524,sensitive,katG,GCT,0.47
ERR4810524,sensitive,katG,AGC,2.0
ERR4810524,sensitive,katG,AAC,1.93
ERR4810524,sensitive,katG,GGC,2.38
ERR4810524,sensitive,katG,TGT,1.33
ERR4810524,sensitive,katG,GTC,2.0
ERR4810524,sensitive,katG,GGT,0.71
ERR4810524,sensitive,katG,CAT,0.33
ERR4810524,sensitive,katG,ATG,1.0
ERR4810524,sensitive,katG,AAA,0.23
ERR4810524,sensitive,katG,TAC,1.52
ERR4810524,sensitive,katG,CAG,1.52
ERR4810524,sensitive,katG,GAC,1.52
ERR4810524,sensitive,katG,TGG,1.0
ERR4810524,sensitive,katG,CGG,2.0
ERR4810524,sensitive,katG,CTC,1.35
ERR4810524,sensitive,katG,AAT,0.07
ERR4810524,sensitive,katG,CTG,3.39
ERR4810524,sensitive,katG,AAG,1.77
ERR4810524,sensitive,katG,GTA,0.23
ERR4810524,sensitive,katG,CCG,2.0
ERR4810524,sensitive,katG,GCG,1.4
ERR4810524,sensitive,katG,TTC,1.77
ERR4810524,sensitive,katG,TAT,0.48
ERR4810524,sensitive,katG,ATC,2.28
ERR4810524,sensitive,katG,GTT,0.31
ERR4810524,sensitive,katG,ACG,1.14
ERR4810524,sensitive,katG,TCG,1.83
ERR4810524,sensitive,katG,GGG,0.66
ERR4810524,sensitive,katG,TTT,0.23
ERR4810524,sensitive,katG,CGC,2.83
ERR4810524,sensitive,katG,CTT,0.48
ERR4810524,sensitive,katG,TTG,0.58
ERR4810524,sensitive,katG,TCA,0.67
ERR4810524,sensitive,katG,TGC,0.67
ERR4810524,sensitive,katG,GAT,0.48
ERR4810524,sensitive,katG,CGT,0.5
ERR4810524,sensitive,katG,ACT,0.29
ERR4810524,sensitive,katG,AGT,0.5
ERR4810524,sensitive,katG,CCT,0.24
ERR4810524,sensitive,katG,TCC,1.0
ERR4810524,sensitive,katG,CGA,0.33
ERR4810524,sensitive,katG,AGA,0.17
ERR4810524,sensitive,katG,GCA,0.36
ERR4810524,sensitive,katG,CTA,0.1
ERR4810524,sensitive,katG,ATA,0.12
ERR4810524,sensitive,katG,TTA,0.1
ERR4810524,sensitive,katG,AGG,0.17
ERR4810524,sensitive,gyrA,ATG,1.0
ERR4810524,sensitive,gyrA,ACA,0.26
ERR4810524,sensitive,gyrA,GAC,1.68
ERR4810524,sensitive,gyrA,ACG,0.77
ERR4810524,sensitive,gyrA,TTG,0.91
ERR4810524,sensitive,gyrA,CCG,2.34
ERR4810524,sensitive,gyrA,CCT,0.28
ERR4810524,sensitive,gyrA,TCG,2.31
ERR4810524,sensitive,gyrA,CTC,0.53
ERR4810524,sensitive,gyrA,CGG,1.95
ERR4810524,sensitive,gyrA,ATC,2.56
ERR4810524,sensitive,gyrA,GAA,0.65
ERR4810524,sensitive,gyrA,GTT,0.7
ERR4810524,sensitive,gyrA,CAG,1.88
ERR4810524,sensitive,gyrA,GAG,1.35
ERR4810524,sensitive,gyrA,CGC,2.92
ERR4810524,sensitive,gyrA,AGC,1.38
ERR4810524,sensitive,gyrA,TAC,1.28
ERR4810524,sensitive,gyrA,TAT,0.72
ERR4810524,sensitive,gyrA,GCG,1.45
ERR4810524,sensitive,gyrA,GTG,1.74
ERR4810524,sensitive,gyrA,GTC,1.45
ERR4810524,sensitive,gyrA,GGC,2.26
ERR4810524,sensitive,gyrA,CTG,4.1
ERR4810524,sensitive,gyrA,GGG,0.64
ERR4810524,sensitive,gyrA,AAG,1.28
ERR4810524,sensitive,gyrA,CCC,0.97
ERR4810524,sensitive,gyrA,CAT,0.14
ERR4810524,sensitive,gyrA,GCA,0.43
ERR4810524,sensitive,gyrA,TTC,1.88
ERR4810524,sensitive,gyrA,GAT,0.32
ERR4810524,sensitive,gyrA,TCC,1.69
ERR4810524,sensitive,gyrA,CAC,1.86
ERR4810524,sensitive,gyrA,GCC,2.07
ERR4810524,sensitive,gyrA,ACC,2.55
ERR4810524,sensitive,gyrA,AAC,1.38
ERR4810524,sensitive,gyrA,TGG,1.0
ERR4810524,sensitive,gyrA,CCA,0.41
ERR4810524,sensitive,gyrA,AAT,0.62
ERR4810524,sensitive,gyrA,AGG,0.38
ERR4810524,sensitive,gyrA,CAA,0.12
ERR4810524,sensitive,gyrA,CTA,0.23
ERR4810524,sensitive,gyrA,TCA,0.31
ERR4810524,sensitive,gyrA,CGT,0.53
ERR4810524,sensitive,gyrA,AAA,0.72
ERR4810524,sensitive,gyrA,GGA,0.52
ERR4810524,sensitive,gyrA,GCT,0.05
ERR4810524,sensitive,gyrA,ACT,0.43
ERR4810524,sensitive,gyrA,ATT,0.44
ERR4810524,sensitive,gyrA,CGA,0.23
ERR4810524,sensitive,gyrA,GTA,0.12
ERR4810524,sensitive,gyrA,GGT,0.58
ERR4810524,sensitive,gyrA,TCT,0.15
ERR4810524,sensitive,gyrA,TTA,0.15
ERR4810524,sensitive,gyrA,CTT,0.08
ERR4810524,sensitive,gyrA,TTT,0.12
ERR4810524,sensitive,gyrA,TGC,1.0
ERR4810524,sensitive,gyrA,TGT,1.0
ERR4810524,sensitive,gyrA,AGT,0.15
ERR4810526,sensitive,rpoB,TTG,0.8
ERR4810526,sensitive,rpoB,GCA,0.24
ERR4810526,sensitive,rpoB,GAT,0.21
ERR4810526,sensitive,rpoB,TCC,1.52
ERR4810526,sensitive,rpoB,CGC,3.18
ERR4810526,sensitive,rpoB,CAG,1.76
ERR4810526,sensitive,rpoB,AGC,1.01
ERR4810526,sensitive,rpoB,AAA,0.24
ERR4810526,sensitive,rpoB,ACA,0.13
ERR4810526,sensitive,rpoB,GCC,2.17
ERR4810526,sensitive,rpoB,GCT,0.29
ERR4810526,sensitive,rpoB,AGT,0.59
ERR4810526,sensitive,rpoB,CCT,0.18
ERR4810526,sensitive,rpoB,CCG,2.65
ERR4810526,sensitive,rpoB,CAA,0.24
ERR4810526,sensitive,rpoB,TCG,2.45
ERR4810526,sensitive,rpoB,AAT,0.15
ERR4810526,sensitive,rpoB,AAC,1.85
ERR4810526,sensitive,rpoB,GTA,0.04
ERR4810526,sensitive,rpoB,CCC,0.92
ERR4810526,sensitive,rpoB,GGA,0.12
ERR4810526,sensitive,rpoB,GCG,1.3
ERR4810526,sensitive,rpoB,CCA,0.25
ERR4810526,sensitive,rpoB,CGG,1.66
ERR4810526,sensitive,rpoB,GTC,1.69
ERR4810526,sensitive,rpoB,TTC,1.82
ERR4810526,sensitive,rpoB,AAG,1.76
ERR4810526,sensitive,rpoB,CTG,4.14
ERR4810526,sensitive,rpoB,GAA,0.37
ERR4810526,sensitive,rpoB,CTT,0.31
ERR4810526,sensitive,rpoB,GAG,1.63
ERR4810526,sensitive,rpoB,GTT,0.25
ERR4810526,sensitive,rpoB,CTC,0.68
ERR4810526,sensitive,rpoB,GAC,1.79
ERR4810526,sensitive,rpoB,ACC,2.6
ERR4810526,sensitive,rpoB,TGG,1.0
ERR4810526,sensitive,rpoB,ATC,2.63
ERR4810526,sensitive,rpoB,GGT,1.08
ERR4810526,sensitive,rpoB,GTG,2.02
ERR4810526,sensitive,rpoB,GGC,2.08
ERR4810526,sensitive,rpoB,TAC,1.75
ERR4810526,sensitive,rpoB,TCT,0.25
ERR4810526,sensitive,rpoB,GGG,0.71
ERR4810526,sensitive,rpoB,ATG,1.0
ERR4810526,sensitive,rpoB,CGT,0.8
ERR4810526,sensitive,rpoB,TGC,1.56
ERR4810526,sensitive,rpoB,ACG,1.02
ERR4810526,sensitive,rpoB,ATT,0.37
ERR4810526,sensitive,rpoB,CAC,1.82
ERR4810526,sensitive,rpoB,TTT,0.18
ERR4810526,sensitive,rpoB,CGA,0.29
ERR4810526,sensitive,rpoB,TCA,0.17
ERR4810526,sensitive,rpoB,TAT,0.25
ERR4810526,sensitive,rpoB,CAT,0.18
ERR4810526,sensitive,rpoB,ACT,0.25
ERR4810526,sensitive,rpoB,TGT,0.44
ERR4810526,sensitive,rpoB,AGG,0.07
ERR4810526,sensitive,rpoB,CTA,0.06
ERR4810526,sensitive,katG,GTG,1.46
ERR4810526,sensitive,katG,CCC,1.44
ERR4810526,sensitive,katG,GAG,1.45
ERR4810526,sensitive,katG,CAA,0.48
ERR4810526,sensitive,katG,CAC,1.67
ERR4810526,sensitive,katG,CCA,0.32
ERR4810526,sensitive,katG,ATT,0.6
ERR4810526,sensitive,katG,ACA,0.19
ERR4810526,sensitive,katG,GAA,0.55
ERR4810526,sensitive,katG,ACC,2.38
ERR4810526,sensitive,katG,GGA,0.25
ERR4810526,sensitive,katG,GCC,1.77
ERR4810526,sensitive,katG,GCT,0.47
ERR4810526,sensitive,katG,AGC,2.0
ERR4810526,sensitive,katG,AAC,1.93
ERR4810526,sensitive,katG,GGC,2.38
ERR4810526,sensitive,katG,TGT,1.33
ERR4810526,sensitive,katG,GTC,2.0
ERR4810526,sensitive,katG,GGT,0.71
ERR4810526,sensitive,katG,CAT,0.33
ERR4810526,sensitive,katG,ATG,1.0
ERR4810526,sensitive,katG,AAA,0.23
ERR4810526,sensitive,katG,TAC,1.52
ERR4810526,sensitive,katG,CAG,1.52
ERR4810526,sensitive,katG,GAC,1.52
ERR4810526,sensitive,katG,TGG,1.0
ERR4810526,sensitive,katG,CGG,2.0
ERR4810526,sensitive,katG,CTC,1.35
ERR4810526,sensitive,katG,AAT,0.07
ERR4810526,sensitive,katG,CTG,3.39
ERR4810526,sensitive,katG,AAG,1.77
ERR4810526,sensitive,katG,GTA,0.23
ERR4810526,sensitive,katG,CCG,2.0
ERR4810526,sensitive,katG,GCG,1.4
ERR4810526,sensitive,katG,TTC,1.77
ERR4810526,sensitive,katG,TAT,0.48
ERR4810526,sensitive,katG,ATC,2.28
ERR4810526,sensitive,katG,GTT,0.31
ERR4810526,sensitive,katG,ACG,1.14
ERR4810526,sensitive,katG,TCG,1.83
ERR4810526,sensitive,katG,GGG,0.66
ERR4810526,sensitive,katG,TTT,0.23
ERR4810526,sensitive,katG,CGC,2.83
ERR4810526,sensitive,katG,CTT,0.48
ERR4810526,sensitive,katG,TTG,0.58
ERR4810526,sensitive,katG,TCA,0.67
ERR4810526,sensitive,katG,TGC,0.67
ERR4810526,sensitive,katG,GAT,0.48
ERR4810526,sensitive,katG,CGT,0.5
ERR4810526,sensitive,katG,ACT,0.29
ERR4810526,sensitive,katG,AGT,0.5
ERR4810526,sensitive,katG,CCT,0.24
ERR4810526,sensitive,katG,TCC,1.0
ERR4810526,sensitive,katG,CGA,0.33
ERR4810526,sensitive,katG,AGA,0.17
ERR4810526,sensitive,katG,GCA,0.36
ERR4810526,sensitive,katG,CTA,0.1
ERR4810526,sensitive,katG,ATA,0.12
ERR4810526,sensitive,katG,TTA,0.1
ERR4810526,sensitive,katG,AGG,0.17
ERR4810526,sensitive,gyrA,ATG,1.0
ERR4810526,sensitive,gyrA,ACA,0.26
ERR4810526,sensitive,gyrA,GAC,1.68
ERR4810526,sensitive,gyrA,ACG,0.77
ERR4810526,sensitive,gyrA,TTG,0.91
ERR4810526,sensitive,gyrA,CCG,2.34
ERR4810526,sensitive,gyrA,CCT,0.28
ERR4810526,sensitive,gyrA,TCG,2.31
ERR4810526,sensitive,gyrA,CTC,0.53
ERR4810526,sensitive,gyrA,CGG,1.95
ERR4810526,sensitive,gyrA,ATC,2.56
ERR4810526,sensitive,gyrA,GAA,0.65
ERR4810526,sensitive,gyrA,GTT,0.7
ERR4810526,sensitive,gyrA,CAG,1.88
ERR4810526,sensitive,gyrA,GAG,1.35
ERR4810526,sensitive,gyrA,CGC,2.92
ERR4810526,sensitive,gyrA,AGC,1.38
ERR4810526,sensitive,gyrA,TAC,1.28
ERR4810526,sensitive,gyrA,TAT,0.72
ERR4810526,sensitive,gyrA,GCG,1.45
ERR4810526,sensitive,gyrA,GTG,1.74
ERR4810526,sensitive,gyrA,GTC,1.45
ERR4810526,sensitive,gyrA,GGC,2.26
ERR4810526,sensitive,gyrA,CTG,4.18
ERR4810526,sensitive,gyrA,GGG,0.64
ERR4810526,sensitive,gyrA,AAG,1.28
ERR4810526,sensitive,gyrA,CCC,0.97
ERR4810526,sensitive,gyrA,CAT,0.14
ERR4810526,sensitive,gyrA,GCA,0.43
ERR4810526,sensitive,gyrA,TTC,1.88
ERR4810526,sensitive,gyrA,GAT,0.32
ERR4810526,sensitive,gyrA,TCC,1.69
ERR4810526,sensitive,gyrA,CAC,1.86
ERR4810526,sensitive,gyrA,GCC,2.07
ERR4810526,sensitive,gyrA,ACC,2.55
ERR4810526,sensitive,gyrA,AAC,1.38
ERR4810526,sensitive,gyrA,TGG,1.0
ERR4810526,sensitive,gyrA,CCA,0.41
ERR4810526,sensitive,gyrA,AAT,0.62
ERR4810526,sensitive,gyrA,AGG,0.38
ERR4810526,sensitive,gyrA,CAA,0.12
ERR4810526,sensitive,gyrA,CTA,0.15
ERR4810526,sensitive,gyrA,TCA,0.31
ERR4810526,sensitive,gyrA,CGT,0.53
ERR4810526,sensitive,gyrA,AAA,0.72
ERR4810526,sensitive,gyrA,GGA,0.52
ERR4810526,sensitive,gyrA,GCT,0.05
ERR4810526,sensitive,gyrA,ACT,0.43
ERR4810526,sensitive,gyrA,ATT,0.44
ERR4810526,sensitive,gyrA,CGA,0.23
ERR4810526,sensitive,gyrA,GTA,0.12
ERR4810526,sensitive,gyrA,GGT,0.58
ERR4810526,sensitive,gyrA,TCT,0.15
ERR4810526,sensitive,gyrA,TTA,0.15
ERR4810526,sensitive,gyrA,CTT,0.08
ERR4810526,sensitive,gyrA,TTT,0.12
ERR4810526,sensitive,gyrA,TGC,1.0
ERR4810526,sensitive,gyrA,TGT,1.0
ERR4810526,sensitive,gyrA,AGT,0.15
ERR4810529,sensitive,rpoB,TTG,0.8
ERR4810529,sensitive,rpoB,GCA,0.24
ERR4810529,sensitive,rpoB,GAT,0.21
ERR4810529,sensitive,rpoB,TCC,1.52
ERR4810529,sensitive,rpoB,CGC,3.18
ERR4810529,sensitive,rpoB,CAG,1.76
ERR4810529,sensitive,rpoB,AGC,1.01
ERR4810529,sensitive,rpoB,AAA,0.24
ERR4810529,sensitive,rpoB,ACA,0.13
ERR4810529,sensitive,rpoB,GCC,2.17
ERR4810529,sensitive,rpoB,GCT,0.29
ERR4810529,sensitive,rpoB,AGT,0.59
ERR4810529,sensitive,rpoB,CCT,0.18
ERR4810529,sensitive,rpoB,CCG,2.65
ERR4810529,sensitive,rpoB,CAA,0.24
ERR4810529,sensitive,rpoB,TCG,2.45
ERR4810529,sensitive,rpoB,AAT,0.15
ERR4810529,sensitive,rpoB,AAC,1.85
ERR4810529,sensitive,rpoB,GTA,0.04
ERR4810529,sensitive,rpoB,CCC,0.92
ERR4810529,sensitive,rpoB,GGA,0.12
ERR4810529,sensitive,rpoB,GCG,1.3
ERR4810529,sensitive,rpoB,CCA,0.25
ERR4810529,sensitive,rpoB,CGG,1.66
ERR4810529,sensitive,rpoB,GTC,1.69
ERR4810529,sensitive,rpoB,TTC,1.82
ERR4810529,sensitive,rpoB,AAG,1.76
ERR4810529,sensitive,rpoB,CTG,4.14
ERR4810529,sensitive,rpoB,GAA,0.37
ERR4810529,sensitive,rpoB,CTT,0.25
ERR4810529,sensitive,rpoB,GAG,1.63
ERR4810529,sensitive,rpoB,GTT,0.25
ERR4810529,sensitive,rpoB,CTC,0.74
ERR4810529,sensitive,rpoB,GAC,1.79
ERR4810529,sensitive,rpoB,ACC,2.6
ERR4810529,sensitive,rpoB,TGG,1.0
ERR4810529,sensitive,rpoB,ATC,2.63
ERR4810529,sensitive,rpoB,GGT,1.08
ERR4810529,sensitive,rpoB,GTG,2.02
ERR4810529,sensitive,rpoB,GGC,2.08
ERR4810529,sensitive,rpoB,TAC,1.75
ERR4810529,sensitive,rpoB,TCT,0.25
ERR4810529,sensitive,rpoB,GGG,0.71
ERR4810529,sensitive,rpoB,ATG,1.0
ERR4810529,sensitive,rpoB,CGT,0.8
ERR4810529,sensitive,rpoB,TGC,1.56
ERR4810529,sensitive,rpoB,ACG,1.02
ERR4810529,sensitive,rpoB,ATT,0.37
ERR4810529,sensitive,rpoB,CAC,1.82
ERR4810529,sensitive,rpoB,TTT,0.18
ERR4810529,sensitive,rpoB,CGA,0.29
ERR4810529,sensitive,rpoB,TCA,0.17
ERR4810529,sensitive,rpoB,TAT,0.25
ERR4810529,sensitive,rpoB,CAT,0.18
ERR4810529,sensitive,rpoB,ACT,0.25
ERR4810529,sensitive,rpoB,TGT,0.44
ERR4810529,sensitive,rpoB,AGG,0.07
ERR4810529,sensitive,rpoB,CTA,0.06
ERR4810529,sensitive,katG,GTG,1.46
ERR4810529,sensitive,katG,CCC,1.44
ERR4810529,sensitive,katG,GAG,1.45
ERR4810529,sensitive,katG,CAA,0.48
ERR4810529,sensitive,katG,CAC,1.67
ERR4810529,sensitive,katG,CCA,0.32
ERR4810529,sensitive,katG,ATT,0.6
ERR4810529,sensitive,katG,ACA,0.19
ERR4810529,sensitive,katG,GAA,0.55
ERR4810529,sensitive,katG,ACC,2.38
ERR4810529,sensitive,katG,GGA,0.25
ERR4810529,sensitive,katG,GCC,1.77
ERR4810529,sensitive,katG,GCT,0.47
ERR4810529,sensitive,katG,AGC,2.0
ERR4810529,sensitive,katG,AAC,1.93
ERR4810529,sensitive,katG,GGC,2.38
ERR4810529,sensitive,katG,TGT,1.33
ERR4810529,sensitive,katG,GTC,2.0
ERR4810529,sensitive,katG,GGT,0.71
ERR4810529,sensitive,katG,CAT,0.33
ERR4810529,sensitive,katG,ATG,1.0
ERR4810529,sensitive,katG,AAA,0.23
ERR4810529,sensitive,katG,TAC,1.52
ERR4810529,sensitive,katG,CAG,1.52
ERR4810529,sensitive,katG,GAC,1.52
ERR4810529,sensitive,katG,TGG,1.0
ERR4810529,sensitive,katG,CGG,2.0
ERR4810529,sensitive,katG,CTC,1.35
ERR4810529,sensitive,katG,AAT,0.07
ERR4810529,sensitive,katG,CTG,3.39
ERR4810529,sensitive,katG,AAG,1.77
ERR4810529,sensitive,katG,GTA,0.23
ERR4810529,sensitive,katG,CCG,2.0
ERR4810529,sensitive,katG,GCG,1.4
ERR4810529,sensitive,katG,TTC,1.77
ERR4810529,sensitive,katG,TAT,0.48
ERR4810529,sensitive,katG,ATC,2.28
ERR4810529,sensitive,katG,GTT,0.31
ERR4810529,sensitive,katG,ACG,1.14
ERR4810529,sensitive,katG,TCG,1.83
ERR4810529,sensitive,katG,GGG,0.66
ERR4810529,sensitive,katG,TTT,0.23
ERR4810529,sensitive,katG,CGC,2.83
ERR4810529,sensitive,katG,CTT,0.48
ERR4810529,sensitive,katG,TTG,0.58
ERR4810529,sensitive,katG,TCA,0.67
ERR4810529,sensitive,katG,TGC,0.67
ERR4810529,sensitive,katG,GAT,0.48
ERR4810529,sensitive,katG,CGT,0.5
ERR4810529,sensitive,katG,ACT,0.29
ERR4810529,sensitive,katG,AGT,0.5
ERR4810529,sensitive,katG,CCT,0.24
ERR4810529,sensitive,katG,TCC,1.0
ERR4810529,sensitive,katG,CGA,0.33
ERR4810529,sensitive,katG,AGA,0.17
ERR4810529,sensitive,katG,GCA,0.36
ERR4810529,sensitive,katG,CTA,0.1
ERR4810529,sensitive,katG,ATA,0.12
ERR4810529,sensitive,katG,TTA,0.1
ERR4810529,sensitive,katG,AGG,0.17
ERR4810529,sensitive,gyrA,ATG,1.0
ERR4810529,sensitive,gyrA,ACA,0.26
ERR4810529,sensitive,gyrA,GAC,1.68
ERR4810529,sensitive,gyrA,ACG,0.77
ERR4810529,sensitive,gyrA,TTG,0.91
ERR4810529,sensitive,gyrA,CCG,2.34
ERR4810529,sensitive,gyrA,CCT,0.28
ERR4810529,sensitive,gyrA,TCG,2.31
ERR4810529,sensitive,gyrA,CTC,0.53
ERR4810529,sensitive,gyrA,CGG,1.95
ERR4810529,sensitive,gyrA,ATC,2.56
ERR4810529,sensitive,gyrA,GAA,0.65
ERR4810529,sensitive,gyrA,GTT,0.7
ERR4810529,sensitive,gyrA,CAG,1.82
ERR4810529,sensitive,gyrA,GAG,1.35
ERR4810529,sensitive,gyrA,CGC,2.92
ERR4810529,sensitive,gyrA,AGC,1.38
ERR4810529,sensitive,gyrA,TAC,1.28
ERR4810529,sensitive,gyrA,TAT,0.72
ERR4810529,sensitive,gyrA,GCG,1.45
ERR4810529,sensitive,gyrA,GTG,1.74
ERR4810529,sensitive,gyrA,GTC,1.45
ERR4810529,sensitive,gyrA,GGC,2.26
ERR4810529,sensitive,gyrA,CTG,4.1
ERR4810529,sensitive,gyrA,GGG,0.64
ERR4810529,sensitive,gyrA,AAG,1.28
ERR4810529,sensitive,gyrA,CCC,0.97
ERR4810529,sensitive,gyrA,CAT,0.14
ERR4810529,sensitive,gyrA,GCA,0.43
ERR4810529,sensitive,gyrA,TTC,1.88
ERR4810529,sensitive,gyrA,GAT,0.32
ERR4810529,sensitive,gyrA,TCC,1.69
ERR4810529,sensitive,gyrA,CAC,1.86
ERR4810529,sensitive,gyrA,GCC,2.07
ERR4810529,sensitive,gyrA,ACC,2.55
ERR4810529,sensitive,gyrA,AAC,1.38
ERR4810529,sensitive,gyrA,TGG,1.0
ERR4810529,sensitive,gyrA,CCA,0.41
ERR4810529,sensitive,gyrA,AAT,0.62
ERR4810529,sensitive,gyrA,AGG,0.38
ERR4810529,sensitive,gyrA,CAA,0.18
ERR4810529,sensitive,gyrA,CTA,0.23
ERR4810529,sensitive,gyrA,TCA,0.31
ERR4810529,sensitive,gyrA,CGT,0.53
ERR4810529,sensitive,gyrA,AAA,0.72
ERR4810529,sensitive,gyrA,GGA,0.52
ERR4810529,sensitive,gyrA,GCT,0.05
ERR4810529,sensitive,gyrA,ACT,0.43
ERR4810529,sensitive,gyrA,ATT,0.44
ERR4810529,sensitive,gyrA,CGA,0.23
ERR4810529,sensitive,gyrA,GTA,0.12
ERR4810529,sensitive,gyrA,GGT,0.58
ERR4810529,sensitive,gyrA,TCT,0.15
ERR4810529,sensitive,gyrA,TTA,0.15
ERR4810529,sensitive,gyrA,CTT,0.08
ERR4810529,sensitive,gyrA,TTT,0.12
ERR4810529,sensitive,gyrA,TGC,1.0
ERR4810529,sensitive,gyrA,TGT,1.0
ERR4810529,sensitive,gyrA,AGT,0.15
ERR4810531,sensitive,rpoB,TTG,0.8
ERR4810531,sensitive,rpoB,GCA,0.24
ERR4810531,sensitive,rpoB,GAT,0.21
ERR4810531,sensitive,rpoB,TCC,1.52
ERR4810531,sensitive,rpoB,CGC,3.18
ERR4810531,sensitive,rpoB,CAG,1.76
ERR4810531,sensitive,rpoB,AGC,1.01
ERR4810531,sensitive,rpoB,AAA,0.24
ERR4810531,sensitive,rpoB,ACA,0.13
ERR4810531,sensitive,rpoB,GCC,2.22
ERR4810531,sensitive,rpoB,GCT,0.24
ERR4810531,sensitive,rpoB,AGT,0.59
ERR4810531,sensitive,rpoB,CCT,0.18
ERR4810531,sensitive,rpoB,CCG,2.65
ERR4810531,sensitive,rpoB,CAA,0.24
ERR4810531,sensitive,rpoB,TCG,2.45
ERR4810531,sensitive,rpoB,AAT,0.15
ERR4810531,sensitive,rpoB,AAC,1.85
ERR4810531,sensitive,rpoB,GTA,0.04
ERR4810531,sensitive,rpoB,CCC,0.92
ERR4810531,sensitive,rpoB,GGA,0.12
ERR4810531,sensitive,rpoB,GCG,1.3
ERR4810531,sensitive,rpoB,CCA,0.25
ERR4810531,sensitive,rpoB,CGG,1.66
ERR4810531,sensitive,rpoB,GTC,1.69
ERR4810531,sensitive,rpoB,TTC,1.82
ERR4810531,sensitive,rpoB,AAG,1.76
ERR4810531,sensitive,rpoB,CTG,4.14
ERR4810531,sensitive,rpoB,GAA,0.37
ERR4810531,sensitive,rpoB,CTT,0.25
ERR4810531,sensitive,rpoB,GAG,1.63
ERR4810531,sensitive,rpoB,GTT,0.25
ERR4810531,sensitive,rpoB,CTC,0.74
ERR4810531,sensitive,rpoB,GAC,1.79
ERR4810531,sensitive,rpoB,ACC,2.6
ERR4810531,sensitive,rpoB,TGG,1.0
ERR4810531,sensitive,rpoB,ATC,2.63
ERR4810531,sensitive,rpoB,GGT,1.08
ERR4810531,sensitive,rpoB,GTG,2.02
ERR4810531,sensitive,rpoB,GGC,2.08
ERR4810531,sensitive,rpoB,TAC,1.75
ERR4810531,sensitive,rpoB,TCT,0.25
ERR4810531,sensitive,rpoB,GGG,0.71
ERR4810531,sensitive,rpoB,ATG,1.0
ERR4810531,sensitive,rpoB,CGT,0.8
ERR4810531,sensitive,rpoB,TGC,1.56
ERR4810531,sensitive,rpoB,ACG,1.02
ERR4810531,sensitive,rpoB,ATT,0.37
ERR4810531,sensitive,rpoB,CAC,1.82
ERR4810531,sensitive,rpoB,TTT,0.18
ERR4810531,sensitive,rpoB,CGA,0.29
ERR4810531,sensitive,rpoB,TCA,0.17
ERR4810531,sensitive,rpoB,TAT,0.25
ERR4810531,sensitive,rpoB,CAT,0.18
ERR4810531,sensitive,rpoB,ACT,0.25
ERR4810531,sensitive,rpoB,TGT,0.44
ERR4810531,sensitive,rpoB,AGG,0.07
ERR4810531,sensitive,rpoB,CTA,0.06
ERR4810531,sensitive,katG,GTG,1.46
ERR4810531,sensitive,katG,CCC,1.44
ERR4810531,sensitive,katG,GAG,1.45
ERR4810531,sensitive,katG,CAA,0.48
ERR4810531,sensitive,katG,CAC,1.67
ERR4810531,sensitive,katG,CCA,0.32
ERR4810531,sensitive,katG,ATT,0.6
ERR4810531,sensitive,katG,ACA,0.19
ERR4810531,sensitive,katG,GAA,0.55
ERR4810531,sensitive,katG,ACC,2.38
ERR4810531,sensitive,katG,GGA,0.25
ERR4810531,sensitive,katG,GCC,1.77
ERR4810531,sensitive,katG,GCT,0.47
ERR4810531,sensitive,katG,AGC,2.0
ERR4810531,sensitive,katG,AAC,1.93
ERR4810531,sensitive,katG,GGC,2.38
ERR4810531,sensitive,katG,TGT,1.33
ERR4810531,sensitive,katG,GTC,2.0
ERR4810531,sensitive,katG,GGT,0.71
ERR4810531,sensitive,katG,CAT,0.33
ERR4810531,sensitive,katG,ATG,1.0
ERR4810531,sensitive,katG,AAA,0.23
ERR4810531,sensitive,katG,TAC,1.52
ERR4810531,sensitive,katG,CAG,1.52
ERR4810531,sensitive,katG,GAC,1.52
ERR4810531,sensitive,katG,TGG,1.0
ERR4810531,sensitive,katG,CGG,1.89
ERR4810531,sensitive,katG,CTC,1.33
ERR4810531,sensitive,katG,AAT,0.07
ERR4810531,sensitive,katG,CTG,3.43
ERR4810531,sensitive,katG,AAG,1.77
ERR4810531,sensitive,katG,GTA,0.23
ERR4810531,sensitive,katG,CCG,2.0
ERR4810531,sensitive,katG,GCG,1.4
ERR4810531,sensitive,katG,TTC,1.77
ERR4810531,sensitive,katG,TAT,0.48
ERR4810531,sensitive,katG,ATC,2.28
ERR4810531,sensitive,katG,GTT,0.31
ERR4810531,sensitive,katG,ACG,1.14
ERR4810531,sensitive,katG,TCG,1.83
ERR4810531,sensitive,katG,GGG,0.66
ERR4810531,sensitive,katG,TTT,0.23
ERR4810531,sensitive,katG,CGC,2.91
ERR4810531,sensitive,katG,CTT,0.48
ERR4810531,sensitive,katG,TTG,0.57
ERR4810531,sensitive,katG,TCA,0.67
ERR4810531,sensitive,katG,TGC,0.67
ERR4810531,sensitive,katG,GAT,0.48
ERR4810531,sensitive,katG,CGT,0.51
ERR4810531,sensitive,katG,ACT,0.29
ERR4810531,sensitive,katG,AGT,0.5
ERR4810531,sensitive,katG,CCT,0.24
ERR4810531,sensitive,katG,TCC,1.0
ERR4810531,sensitive,katG,CGA,0.34
ERR4810531,sensitive,katG,AGA,0.17
ERR4810531,sensitive,katG,GCA,0.36
ERR4810531,sensitive,katG,CTA,0.1
ERR4810531,sensitive,katG,ATA,0.12
ERR4810531,sensitive,katG,TTA,0.1
ERR4810531,sensitive,katG,AGG,0.17
ERR4810531,sensitive,gyrA,ATG,1.0
ERR4810531,sensitive,gyrA,ACA,0.26
ERR4810531,sensitive,gyrA,GAC,1.68
ERR4810531,sensitive,gyrA,ACG,0.77
ERR4810531,sensitive,gyrA,TTG,0.91
ERR4810531,sensitive,gyrA,CCG,2.34
ERR4810531,sensitive,gyrA,CCT,0.28
ERR4810531,sensitive,gyrA,TCG,2.31
ERR4810531,sensitive,gyrA,CTC,0.53
ERR4810531,sensitive,gyrA,CGG,1.95
ERR4810531,sensitive,gyrA,ATC,2.56
ERR4810531,sensitive,gyrA,GAA,0.65
ERR4810531,sensitive,gyrA,GTT,0.7
ERR4810531,sensitive,gyrA,CAG,1.88
ERR4810531,sensitive,gyrA,GAG,1.35
ERR4810531,sensitive,gyrA,CGC,2.92
ERR4810531,sensitive,gyrA,AGC,1.38
ERR4810531,sensitive,gyrA,TAC,1.28
ERR4810531,sensitive,gyrA,TAT,0.72
ERR4810531,sensitive,gyrA,GCG,1.45
ERR4810531,sensitive,gyrA,GTG,1.74
ERR4810531,sensitive,gyrA,GTC,1.45
ERR4810531,sensitive,gyrA,GGC,2.26
ERR4810531,sensitive,gyrA,CTG,4.18
ERR4810531,sensitive,gyrA,GGG,0.64
ERR4810531,sensitive,gyrA,AAG,1.28
ERR4810531,sensitive,gyrA,CCC,0.97
ERR4810531,sensitive,gyrA,CAT,0.14
ERR4810531,sensitive,gyrA,GCA,0.43
ERR4810531,sensitive,gyrA,TTC,1.88
ERR4810531,sensitive,gyrA,GAT,0.32
ERR4810531,sensitive,gyrA,TCC,1.69
ERR4810531,sensitive,gyrA,CAC,1.86
ERR4810531,sensitive,gyrA,GCC,2.07
ERR4810531,sensitive,gyrA,ACC,2.55
ERR4810531,sensitive,gyrA,AAC,1.38
ERR4810531,sensitive,gyrA,TGG,1.0
ERR4810531,sensitive,gyrA,CCA,0.41
ERR4810531,sensitive,gyrA,AAT,0.62
ERR4810531,sensitive,gyrA,AGG,0.38
ERR4810531,sensitive,gyrA,CAA,0.12
ERR4810531,sensitive,gyrA,CTA,0.15
ERR4810531,sensitive,gyrA,TCA,0.31
ERR4810531,sensitive,gyrA,CGT,0.53
ERR4810531,sensitive,gyrA,AAA,0.72
ERR4810531,sensitive,gyrA,GGA,0.52
ERR4810531,sensitive,gyrA,GCT,0.05
ERR4810531,sensitive,gyrA,ACT,0.43
ERR4810531,sensitive,gyrA,ATT,0.44
ERR4810531,sensitive,gyrA,CGA,0.23
ERR4810531,sensitive,gyrA,GTA,0.12
ERR4810531,sensitive,gyrA,GGT,0.58
ERR4810531,sensitive,gyrA,TCT,0.15
ERR4810531,sensitive,gyrA,TTA,0.15
ERR4810531,sensitive,gyrA,CTT,0.08
ERR4810531,sensitive,gyrA,TTT,0.12
ERR4810531,sensitive,gyrA,TGC,1.0
ERR4810531,sensitive,gyrA,TGT,1.0
ERR4810531,sensitive,gyrA,AGT,0.15
ERR4810533,sensitive,rpoB,TTG,0.8
ERR4810533,sensitive,rpoB,GCA,0.24
ERR4810533,sensitive,rpoB,GAT,0.21
ERR4810533,sensitive,rpoB,TCC,1.52
ERR4810533,sensitive,rpoB,CGC,3.18
ERR4810533,sensitive,rpoB,CAG,1.76
ERR4810533,sensitive,rpoB,AGC,1.01
ERR4810533,sensitive,rpoB,AAA,0.24
ERR4810533,sensitive,rpoB,ACA,0.13
ERR4810533,sensitive,rpoB,GCC,2.22
ERR4810533,sensitive,rpoB,GCT,0.24
ERR4810533,sensitive,rpoB,AGT,0.59
ERR4810533,sensitive,rpoB,CCT,0.18
ERR4810533,sensitive,rpoB,CCG,2.65
ERR4810533,sensitive,rpoB,CAA,0.24
ERR4810533,sensitive,rpoB,TCG,2.45
ERR4810533,sensitive,rpoB,AAT,0.15
ERR4810533,sensitive,rpoB,AAC,1.85
ERR4810533,sensitive,rpoB,GTA,0.04
ERR4810533,sensitive,rpoB,CCC,0.92
ERR4810533,sensitive,rpoB,GGA,0.12
ERR4810533,sensitive,rpoB,GCG,1.3
ERR4810533,sensitive,rpoB,CCA,0.25
ERR4810533,sensitive,rpoB,CGG,1.66
ERR4810533,sensitive,rpoB,GTC,1.69
ERR4810533,sensitive,rpoB,TTC,1.82
ERR4810533,sensitive,rpoB,AAG,1.76
ERR4810533,sensitive,rpoB,CTG,4.14
ERR4810533,sensitive,rpoB,GAA,0.37
ERR4810533,sensitive,rpoB,CTT,0.25
ERR4810533,sensitive,rpoB,GAG,1.63
ERR4810533,sensitive,rpoB,GTT,0.25
ERR4810533,sensitive,rpoB,CTC,0.74
ERR4810533,sensitive,rpoB,GAC,1.79
ERR4810533,sensitive,rpoB,ACC,2.6
ERR4810533,sensitive,rpoB,TGG,1.0
ERR4810533,sensitive,rpoB,ATC,2.63
ERR4810533,sensitive,rpoB,GGT,1.08
ERR4810533,sensitive,rpoB,GTG,2.02
ERR4810533,sensitive,rpoB,GGC,2.08
ERR4810533,sensitive,rpoB,TAC,1.75
ERR4810533,sensitive,rpoB,TCT,0.25
ERR4810533,sensitive,rpoB,GGG,0.71
ERR4810533,sensitive,rpoB,ATG,1.0
ERR4810533,sensitive,rpoB,CGT,0.8
ERR4810533,sensitive,rpoB,TGC,1.56
ERR4810533,sensitive,rpoB,ACG,1.02
ERR4810533,sensitive,rpoB,ATT,0.37
ERR4810533,sensitive,rpoB,CAC,1.82
ERR4810533,sensitive,rpoB,TTT,0.18
ERR4810533,sensitive,rpoB,CGA,0.29
ERR4810533,sensitive,rpoB,TCA,0.17
ERR4810533,sensitive,rpoB,TAT,0.25
ERR4810533,sensitive,rpoB,CAT,0.18
ERR4810533,sensitive,rpoB,ACT,0.25
ERR4810533,sensitive,rpoB,TGT,0.44
ERR4810533,sensitive,rpoB,AGG,0.07
ERR4810533,sensitive,rpoB,CTA,0.06
ERR4810533,sensitive,katG,GTG,1.46
ERR4810533,sensitive,katG,CCC,1.44
ERR4810533,sensitive,katG,GAG,1.45
ERR4810533,sensitive,katG,CAA,0.48
ERR4810533,sensitive,katG,CAC,1.67
ERR4810533,sensitive,katG,CCA,0.32
ERR4810533,sensitive,katG,ATT,0.6
ERR4810533,sensitive,katG,ACA,0.19
ERR4810533,sensitive,katG,GAA,0.55
ERR4810533,sensitive,katG,ACC,2.38
ERR4810533,sensitive,katG,GGA,0.25
ERR4810533,sensitive,katG,GCC,1.77
ERR4810533,sensitive,katG,GCT,0.47
ERR4810533,sensitive,katG,AGC,2.0
ERR4810533,sensitive,katG,AAC,1.93
ERR4810533,sensitive,katG,GGC,2.38
ERR4810533,sensitive,katG,TGT,1.33
ERR4810533,sensitive,katG,GTC,2.0
ERR4810533,sensitive,katG,GGT,0.71
ERR4810533,sensitive,katG,CAT,0.33
ERR4810533,sensitive,katG,ATG,1.0
ERR4810533,sensitive,katG,AAA,0.23
ERR4810533,sensitive,katG,TAC,1.52
ERR4810533,sensitive,katG,CAG,1.52
ERR4810533,sensitive,katG,GAC,1.52
ERR4810533,sensitive,katG,TGG,1.0
ERR4810533,sensitive,katG,CGG,1.89
ERR4810533,sensitive,katG,CTC,1.33
ERR4810533,sensitive,katG,AAT,0.07
ERR4810533,sensitive,katG,CTG,3.43
ERR4810533,sensitive,katG,AAG,1.77
ERR4810533,sensitive,katG,GTA,0.23
ERR4810533,sensitive,katG,CCG,2.0
ERR4810533,sensitive,katG,GCG,1.4
ERR4810533,sensitive,katG,TTC,1.77
ERR4810533,sensitive,katG,TAT,0.48
ERR4810533,sensitive,katG,ATC,2.28
ERR4810533,sensitive,katG,GTT,0.31
ERR4810533,sensitive,katG,ACG,1.14
ERR4810533,sensitive,katG,TCG,1.83
ERR4810533,sensitive,katG,GGG,0.66
ERR4810533,sensitive,katG,TTT,0.23
ERR4810533,sensitive,katG,CGC,2.91
ERR4810533,sensitive,katG,CTT,0.48
ERR4810533,sensitive,katG,TTG,0.57
ERR4810533,sensitive,katG,TCA,0.67
ERR4810533,sensitive,katG,TGC,0.67
ERR4810533,sensitive,katG,GAT,0.48
ERR4810533,sensitive,katG,CGT,0.51
ERR4810533,sensitive,katG,ACT,0.29
ERR4810533,sensitive,katG,AGT,0.5
ERR4810533,sensitive,katG,CCT,0.24
ERR4810533,sensitive,katG,TCC,1.0
ERR4810533,sensitive,katG,CGA,0.34
ERR4810533,sensitive,katG,AGA,0.17
ERR4810533,sensitive,katG,GCA,0.36
ERR4810533,sensitive,katG,CTA,0.1
ERR4810533,sensitive,katG,ATA,0.12
ERR4810533,sensitive,katG,TTA,0.1
ERR4810533,sensitive,katG,AGG,0.17
ERR4810533,sensitive,gyrA,ATG,1.0
ERR4810533,sensitive,gyrA,ACA,0.26
ERR4810533,sensitive,gyrA,GAC,1.68
ERR4810533,sensitive,gyrA,ACG,0.77
ERR4810533,sensitive,gyrA,TTG,0.91
ERR4810533,sensitive,gyrA,CCG,2.34
ERR4810533,sensitive,gyrA,CCT,0.28
ERR4810533,sensitive,gyrA,TCG,2.31
ERR4810533,sensitive,gyrA,CTC,0.53
ERR4810533,sensitive,gyrA,CGG,1.95
ERR4810533,sensitive,gyrA,ATC,2.56
ERR4810533,sensitive,gyrA,GAA,0.65
ERR4810533,sensitive,gyrA,GTT,0.7
ERR4810533,sensitive,gyrA,CAG,1.88
ERR4810533,sensitive,gyrA,GAG,1.35
ERR4810533,sensitive,gyrA,CGC,2.92
ERR4810533,sensitive,gyrA,AGC,1.38
ERR4810533,sensitive,gyrA,TAC,1.28
ERR4810533,sensitive,gyrA,TAT,0.72
ERR4810533,sensitive,gyrA,GCG,1.45
ERR4810533,sensitive,gyrA,GTG,1.74
ERR4810533,sensitive,gyrA,GTC,1.45
ERR4810533,sensitive,gyrA,GGC,2.26
ERR4810533,sensitive,gyrA,CTG,4.18
ERR4810533,sensitive,gyrA,GGG,0.64
ERR4810533,sensitive,gyrA,AAG,1.28
ERR4810533,sensitive,gyrA,CCC,0.97
ERR4810533,sensitive,gyrA,CAT,0.14
ERR4810533,sensitive,gyrA,GCA,0.43
ERR4810533,sensitive,gyrA,TTC,1.88
ERR4810533,sensitive,gyrA,GAT,0.32
ERR4810533,sensitive,gyrA,TCC,1.69
ERR4810533,sensitive,gyrA,CAC,1.86
ERR4810533,sensitive,gyrA,GCC,2.07
ERR4810533,sensitive,gyrA,ACC,2.55
ERR4810533,sensitive,gyrA,AAC,1.38
ERR4810533,sensitive,gyrA,TGG,1.0
ERR4810533,sensitive,gyrA,CCA,0.41
ERR4810533,sensitive,gyrA,AAT,0.62
ERR4810533,sensitive,gyrA,AGG,0.38
ERR4810533,sensitive,gyrA,CAA,0.12
ERR4810533,sensitive,gyrA,CTA,0.15
ERR4810533,sensitive,gyrA,TCA,0.31
ERR4810533,sensitive,gyrA,CGT,0.53
ERR4810533,sensitive,gyrA,AAA,0.72
ERR4810533,sensitive,gyrA,GGA,0.52
ERR4810533,sensitive,gyrA,GCT,0.05
ERR4810533,sensitive,gyrA,ACT,0.43
ERR4810533,sensitive,gyrA,ATT,0.44
ERR4810533,sensitive,gyrA,CGA,0.23
ERR4810533,sensitive,gyrA,GTA,0.12
ERR4810533,sensitive,gyrA,GGT,0.58
ERR4810533,sensitive,gyrA,TCT,0.15
ERR4810533,sensitive,gyrA,TTA,0.15
ERR4810533,sensitive,gyrA,CTT,0.08
ERR4810533,sensitive,gyrA,TTT,0.12
ERR4810533,sensitive,gyrA,TGC,1.0
ERR4810533,sensitive,gyrA,TGT,1.0
ERR4810533,sensitive,gyrA,AGT,0.15
ERR4810535,sensitive,rpoB,TTG,0.8
ERR4810535,sensitive,rpoB,GCA,0.24
ERR4810535,sensitive,rpoB,GAT,0.21
ERR4810535,sensitive,rpoB,TCC,1.52
ERR4810535,sensitive,rpoB,CGC,3.18
ERR4810535,sensitive,rpoB,CAG,1.76
ERR4810535,sensitive,rpoB,AGC,1.01
ERR4810535,sensitive,rpoB,AAA,0.24
ERR4810535,sensitive,rpoB,ACA,0.13
ERR4810535,sensitive,rpoB,GCC,2.22
ERR4810535,sensitive,rpoB,GCT,0.24
ERR4810535,sensitive,rpoB,AGT,0.59
ERR4810535,sensitive,rpoB,CCT,0.18
ERR4810535,sensitive,rpoB,CCG,2.65
ERR4810535,sensitive,rpoB,CAA,0.24
ERR4810535,sensitive,rpoB,TCG,2.45
ERR4810535,sensitive,rpoB,AAT,0.15
ERR4810535,sensitive,rpoB,AAC,1.85
ERR4810535,sensitive,rpoB,GTA,0.04
ERR4810535,sensitive,rpoB,CCC,0.92
ERR4810535,sensitive,rpoB,GGA,0.12
ERR4810535,sensitive,rpoB,GCG,1.3
ERR4810535,sensitive,rpoB,CCA,0.25
ERR4810535,sensitive,rpoB,CGG,1.66
ERR4810535,sensitive,rpoB,GTC,1.69
ERR4810535,sensitive,rpoB,TTC,1.82
ERR4810535,sensitive,rpoB,AAG,1.76
ERR4810535,sensitive,rpoB,CTG,4.14
ERR4810535,sensitive,rpoB,GAA,0.37
ERR4810535,sensitive,rpoB,CTT,0.25
ERR4810535,sensitive,rpoB,GAG,1.63
ERR4810535,sensitive,rpoB,GTT,0.25
ERR4810535,sensitive,rpoB,CTC,0.74
ERR4810535,sensitive,rpoB,GAC,1.79
ERR4810535,sensitive,rpoB,ACC,2.6
ERR4810535,sensitive,rpoB,TGG,1.0
ERR4810535,sensitive,rpoB,ATC,2.63
ERR4810535,sensitive,rpoB,GGT,1.08
ERR4810535,sensitive,rpoB,GTG,2.02
ERR4810535,sensitive,rpoB,GGC,2.08
ERR4810535,sensitive,rpoB,TAC,1.75
ERR4810535,sensitive,rpoB,TCT,0.25
ERR4810535,sensitive,rpoB,GGG,0.71
ERR4810535,sensitive,rpoB,ATG,1.0
ERR4810535,sensitive,rpoB,CGT,0.8
ERR4810535,sensitive,rpoB,TGC,1.56
ERR4810535,sensitive,rpoB,ACG,1.02
ERR4810535,sensitive,rpoB,ATT,0.37
ERR4810535,sensitive,rpoB,CAC,1.82
ERR4810535,sensitive,rpoB,TTT,0.18
ERR4810535,sensitive,rpoB,CGA,0.29
ERR4810535,sensitive,rpoB,TCA,0.17
ERR4810535,sensitive,rpoB,TAT,0.25
ERR4810535,sensitive,rpoB,CAT,0.18
ERR4810535,sensitive,rpoB,ACT,0.25
ERR4810535,sensitive,rpoB,TGT,0.44
ERR4810535,sensitive,rpoB,AGG,0.07
ERR4810535,sensitive,rpoB,CTA,0.06
ERR4810535,sensitive,katG,GTG,1.46
ERR4810535,sensitive,katG,CCC,1.44
ERR4810535,sensitive,katG,GAG,1.45
ERR4810535,sensitive,katG,CAA,0.48
ERR4810535,sensitive,katG,CAC,1.67
ERR4810535,sensitive,katG,CCA,0.32
ERR4810535,sensitive,katG,ATT,0.6
ERR4810535,sensitive,katG,ACA,0.19
ERR4810535,sensitive,katG,GAA,0.55
ERR4810535,sensitive,katG,ACC,2.38
ERR4810535,sensitive,katG,GGA,0.25
ERR4810535,sensitive,katG,GCC,1.77
ERR4810535,sensitive,katG,GCT,0.47
ERR4810535,sensitive,katG,AGC,2.0
ERR4810535,sensitive,katG,AAC,1.93
ERR4810535,sensitive,katG,GGC,2.38
ERR4810535,sensitive,katG,TGT,1.33
ERR4810535,sensitive,katG,GTC,2.0
ERR4810535,sensitive,katG,GGT,0.71
ERR4810535,sensitive,katG,CAT,0.33
ERR4810535,sensitive,katG,ATG,1.0
ERR4810535,sensitive,katG,AAA,0.23
ERR4810535,sensitive,katG,TAC,1.52
ERR4810535,sensitive,katG,CAG,1.52
ERR4810535,sensitive,katG,GAC,1.52
ERR4810535,sensitive,katG,TGG,1.0
ERR4810535,sensitive,katG,CGG,1.89
ERR4810535,sensitive,katG,CTC,1.33
ERR4810535,sensitive,katG,AAT,0.07
ERR4810535,sensitive,katG,CTG,3.43
ERR4810535,sensitive,katG,AAG,1.77
ERR4810535,sensitive,katG,GTA,0.23
ERR4810535,sensitive,katG,CCG,2.0
ERR4810535,sensitive,katG,GCG,1.4
ERR4810535,sensitive,katG,TTC,1.77
ERR4810535,sensitive,katG,TAT,0.48
ERR4810535,sensitive,katG,ATC,2.28
ERR4810535,sensitive,katG,GTT,0.31
ERR4810535,sensitive,katG,ACG,1.14
ERR4810535,sensitive,katG,TCG,1.83
ERR4810535,sensitive,katG,GGG,0.66
ERR4810535,sensitive,katG,TTT,0.23
ERR4810535,sensitive,katG,CGC,2.91
ERR4810535,sensitive,katG,CTT,0.48
ERR4810535,sensitive,katG,TTG,0.57
ERR4810535,sensitive,katG,TCA,0.67
ERR4810535,sensitive,katG,TGC,0.67
ERR4810535,sensitive,katG,GAT,0.48
ERR4810535,sensitive,katG,CGT,0.51
ERR4810535,sensitive,katG,ACT,0.29
ERR4810535,sensitive,katG,AGT,0.5
ERR4810535,sensitive,katG,CCT,0.24
ERR4810535,sensitive,katG,TCC,1.0
ERR4810535,sensitive,katG,CGA,0.34
ERR4810535,sensitive,katG,AGA,0.17
ERR4810535,sensitive,katG,GCA,0.36
ERR4810535,sensitive,katG,CTA,0.1
ERR4810535,sensitive,katG,ATA,0.12
ERR4810535,sensitive,katG,TTA,0.1
ERR4810535,sensitive,katG,AGG,0.17
ERR4810535,sensitive,gyrA,ATG,1.0
ERR4810535,sensitive,gyrA,ACA,0.26
ERR4810535,sensitive,gyrA,GAC,1.68
ERR4810535,sensitive,gyrA,ACG,0.77
ERR4810535,sensitive,gyrA,TTG,0.91
ERR4810535,sensitive,gyrA,CCG,2.34
ERR4810535,sensitive,gyrA,CCT,0.28
ERR4810535,sensitive,gyrA,TCG,2.31
ERR4810535,sensitive,gyrA,CTC,0.53
ERR4810535,sensitive,gyrA,CGG,1.95
ERR4810535,sensitive,gyrA,ATC,2.56
ERR4810535,sensitive,gyrA,GAA,0.65
ERR4810535,sensitive,gyrA,GTT,0.7
ERR4810535,sensitive,gyrA,CAG,1.88
ERR4810535,sensitive,gyrA,GAG,1.35
ERR4810535,sensitive,gyrA,CGC,2.92
ERR4810535,sensitive,gyrA,AGC,1.38
ERR4810535,sensitive,gyrA,TAC,1.28
ERR4810535,sensitive,gyrA,TAT,0.72
ERR4810535,sensitive,gyrA,GCG,1.45
ERR4810535,sensitive,gyrA,GTG,1.74
ERR4810535,sensitive,gyrA,GTC,1.45
ERR4810535,sensitive,gyrA,GGC,2.26
ERR4810535,sensitive,gyrA,CTG,4.18
ERR4810535,sensitive,gyrA,GGG,0.64
ERR4810535,sensitive,gyrA,AAG,1.28
ERR4810535,sensitive,gyrA,CCC,0.97
ERR4810535,sensitive,gyrA,CAT,0.14
ERR4810535,sensitive,gyrA,GCA,0.43
ERR4810535,sensitive,gyrA,TTC,1.88
ERR4810535,sensitive,gyrA,GAT,0.32
ERR4810535,sensitive,gyrA,TCC,1.69
ERR4810535,sensitive,gyrA,CAC,1.86
ERR4810535,sensitive,gyrA,GCC,2.07
ERR4810535,sensitive,gyrA,ACC,2.55
ERR4810535,sensitive,gyrA,AAC,1.38
ERR4810535,sensitive,gyrA,TGG,1.0
ERR4810535,sensitive,gyrA,CCA,0.41
ERR4810535,sensitive,gyrA,AAT,0.62
ERR4810535,sensitive,gyrA,AGG,0.38
ERR4810535,sensitive,gyrA,CAA,0.12
ERR4810535,sensitive,gyrA,CTA,0.15
ERR4810535,sensitive,gyrA,TCA,0.31
ERR4810535,sensitive,gyrA,CGT,0.53
ERR4810535,sensitive,gyrA,AAA,0.72
ERR4810535,sensitive,gyrA,GGA,0.52
ERR4810535,sensitive,gyrA,GCT,0.05
ERR4810535,sensitive,gyrA,ACT,0.43
ERR4810535,sensitive,gyrA,ATT,0.44
ERR4810535,sensitive,gyrA,CGA,0.23
ERR4810535,sensitive,gyrA,GTA,0.12
ERR4810535,sensitive,gyrA,GGT,0.58
ERR4810535,sensitive,gyrA,TCT,0.15
ERR4810535,sensitive,gyrA,TTA,0.15
ERR4810535,sensitive,gyrA,CTT,0.08
ERR4810535,sensitive,gyrA,TTT,0.12
ERR4810535,sensitive,gyrA,TGC,1.0
ERR4810535,sensitive,gyrA,TGT,1.0
ERR4810535,sensitive,gyrA,AGT,0.15
ERR4810536,sensitive,rpoB,TTG,0.8
ERR4810536,sensitive,rpoB,GCA,0.24
ERR4810536,sensitive,rpoB,GAT,0.21
ERR4810536,sensitive,rpoB,TCC,1.52
ERR4810536,sensitive,rpoB,CGC,3.18
ERR4810536,sensitive,rpoB,CAG,1.76
ERR4810536,sensitive,rpoB,AGC,1.01
ERR4810536,sensitive,rpoB,AAA,0.24
ERR4810536,sensitive,rpoB,ACA,0.13
ERR4810536,sensitive,rpoB,GCC,2.22
ERR4810536,sensitive,rpoB,GCT,0.24
ERR4810536,sensitive,rpoB,AGT,0.59
ERR4810536,sensitive,rpoB,CCT,0.18
ERR4810536,sensitive,rpoB,CCG,2.65
ERR4810536,sensitive,rpoB,CAA,0.24
ERR4810536,sensitive,rpoB,TCG,2.45
ERR4810536,sensitive,rpoB,AAT,0.15
ERR4810536,sensitive,rpoB,AAC,1.85
ERR4810536,sensitive,rpoB,GTA,0.04
ERR4810536,sensitive,rpoB,CCC,0.92
ERR4810536,sensitive,rpoB,GGA,0.12
ERR4810536,sensitive,rpoB,GCG,1.3
ERR4810536,sensitive,rpoB,CCA,0.25
ERR4810536,sensitive,rpoB,CGG,1.66
ERR4810536,sensitive,rpoB,GTC,1.69
ERR4810536,sensitive,rpoB,TTC,1.82
ERR4810536,sensitive,rpoB,AAG,1.76
ERR4810536,sensitive,rpoB,CTG,4.14
ERR4810536,sensitive,rpoB,GAA,0.37
ERR4810536,sensitive,rpoB,CTT,0.25
ERR4810536,sensitive,rpoB,GAG,1.63
ERR4810536,sensitive,rpoB,GTT,0.25
ERR4810536,sensitive,rpoB,CTC,0.74
ERR4810536,sensitive,rpoB,GAC,1.79
ERR4810536,sensitive,rpoB,ACC,2.6
ERR4810536,sensitive,rpoB,TGG,1.0
ERR4810536,sensitive,rpoB,ATC,2.63
ERR4810536,sensitive,rpoB,GGT,1.08
ERR4810536,sensitive,rpoB,GTG,2.02
ERR4810536,sensitive,rpoB,GGC,2.08
ERR4810536,sensitive,rpoB,TAC,1.75
ERR4810536,sensitive,rpoB,TCT,0.25
ERR4810536,sensitive,rpoB,GGG,0.71
ERR4810536,sensitive,rpoB,ATG,1.0
ERR4810536,sensitive,rpoB,CGT,0.8
ERR4810536,sensitive,rpoB,TGC,1.56
ERR4810536,sensitive,rpoB,ACG,1.02
ERR4810536,sensitive,rpoB,ATT,0.37
ERR4810536,sensitive,rpoB,CAC,1.82
ERR4810536,sensitive,rpoB,TTT,0.18
ERR4810536,sensitive,rpoB,CGA,0.29
ERR4810536,sensitive,rpoB,TCA,0.17
ERR4810536,sensitive,rpoB,TAT,0.25
ERR4810536,sensitive,rpoB,CAT,0.18
ERR4810536,sensitive,rpoB,ACT,0.25
ERR4810536,sensitive,rpoB,TGT,0.44
ERR4810536,sensitive,rpoB,AGG,0.07
ERR4810536,sensitive,rpoB,CTA,0.06
ERR4810536,sensitive,katG,GTG,1.46
ERR4810536,sensitive,katG,CCC,1.44
ERR4810536,sensitive,katG,GAG,1.45
ERR4810536,sensitive,katG,CAA,0.48
ERR4810536,sensitive,katG,CAC,1.67
ERR4810536,sensitive,katG,CCA,0.32
ERR4810536,sensitive,katG,ATT,0.6
ERR4810536,sensitive,katG,ACA,0.19
ERR4810536,sensitive,katG,GAA,0.55
ERR4810536,sensitive,katG,ACC,2.38
ERR4810536,sensitive,katG,GGA,0.25
ERR4810536,sensitive,katG,GCC,1.77
ERR4810536,sensitive,katG,GCT,0.47
ERR4810536,sensitive,katG,AGC,2.0
ERR4810536,sensitive,katG,AAC,1.93
ERR4810536,sensitive,katG,GGC,2.38
ERR4810536,sensitive,katG,TGT,1.33
ERR4810536,sensitive,katG,GTC,2.0
ERR4810536,sensitive,katG,GGT,0.71
ERR4810536,sensitive,katG,CAT,0.33
ERR4810536,sensitive,katG,ATG,1.0
ERR4810536,sensitive,katG,AAA,0.23
ERR4810536,sensitive,katG,TAC,1.52
ERR4810536,sensitive,katG,CAG,1.52
ERR4810536,sensitive,katG,GAC,1.52
ERR4810536,sensitive,katG,TGG,1.0
ERR4810536,sensitive,katG,CGG,1.89
ERR4810536,sensitive,katG,CTC,1.33
ERR4810536,sensitive,katG,AAT,0.07
ERR4810536,sensitive,katG,CTG,3.43
ERR4810536,sensitive,katG,AAG,1.77
ERR4810536,sensitive,katG,GTA,0.23
ERR4810536,sensitive,katG,CCG,2.0
ERR4810536,sensitive,katG,GCG,1.4
ERR4810536,sensitive,katG,TTC,1.77
ERR4810536,sensitive,katG,TAT,0.48
ERR4810536,sensitive,katG,ATC,2.28
ERR4810536,sensitive,katG,GTT,0.31
ERR4810536,sensitive,katG,ACG,1.14
ERR4810536,sensitive,katG,TCG,1.83
ERR4810536,sensitive,katG,GGG,0.66
ERR4810536,sensitive,katG,TTT,0.23
ERR4810536,sensitive,katG,CGC,2.91
ERR4810536,sensitive,katG,CTT,0.48
ERR4810536,sensitive,katG,TTG,0.57
ERR4810536,sensitive,katG,TCA,0.67
ERR4810536,sensitive,katG,TGC,0.67
ERR4810536,sensitive,katG,GAT,0.48
ERR4810536,sensitive,katG,CGT,0.51
ERR4810536,sensitive,katG,ACT,0.29
ERR4810536,sensitive,katG,AGT,0.5
ERR4810536,sensitive,katG,CCT,0.24
ERR4810536,sensitive,katG,TCC,1.0
ERR4810536,sensitive,katG,CGA,0.34
ERR4810536,sensitive,katG,AGA,0.17
ERR4810536,sensitive,katG,GCA,0.36
ERR4810536,sensitive,katG,CTA,0.1
ERR4810536,sensitive,katG,ATA,0.12
ERR4810536,sensitive,katG,TTA,0.1
ERR4810536,sensitive,katG,AGG,0.17
ERR4810536,sensitive,gyrA,ATG,1.0
ERR4810536,sensitive,gyrA,ACA,0.26
ERR4810536,sensitive,gyrA,GAC,1.68
ERR4810536,sensitive,gyrA,ACG,0.77
ERR4810536,sensitive,gyrA,TTG,0.91
ERR4810536,sensitive,gyrA,CCG,2.34
ERR4810536,sensitive,gyrA,CCT,0.28
ERR4810536,sensitive,gyrA,TCG,2.31
ERR4810536,sensitive,gyrA,CTC,0.53
ERR4810536,sensitive,gyrA,CGG,1.95
ERR4810536,sensitive,gyrA,ATC,2.56
ERR4810536,sensitive,gyrA,GAA,0.65
ERR4810536,sensitive,gyrA,GTT,0.7
ERR4810536,sensitive,gyrA,CAG,1.88
ERR4810536,sensitive,gyrA,GAG,1.35
ERR4810536,sensitive,gyrA,CGC,2.92
ERR4810536,sensitive,gyrA,AGC,1.38
ERR4810536,sensitive,gyrA,TAC,1.28
ERR4810536,sensitive,gyrA,TAT,0.72
ERR4810536,sensitive,gyrA,GCG,1.45
ERR4810536,sensitive,gyrA,GTG,1.74
ERR4810536,sensitive,gyrA,GTC,1.45
ERR4810536,sensitive,gyrA,GGC,2.26
ERR4810536,sensitive,gyrA,CTG,4.18
ERR4810536,sensitive,gyrA,GGG,0.64
ERR4810536,sensitive,gyrA,AAG,1.28
ERR4810536,sensitive,gyrA,CCC,0.97
ERR4810536,sensitive,gyrA,CAT,0.14
ERR4810536,sensitive,gyrA,GCA,0.43
ERR4810536,sensitive,gyrA,TTC,1.88
ERR4810536,sensitive,gyrA,GAT,0.32
ERR4810536,sensitive,gyrA,TCC,1.69
ERR4810536,sensitive,gyrA,CAC,1.86
ERR4810536,sensitive,gyrA,GCC,2.07
ERR4810536,sensitive,gyrA,ACC,2.55
ERR4810536,sensitive,gyrA,AAC,1.38
ERR4810536,sensitive,gyrA,TGG,1.0
ERR4810536,sensitive,gyrA,CCA,0.41
ERR4810536,sensitive,gyrA,AAT,0.62
ERR4810536,sensitive,gyrA,AGG,0.38
ERR4810536,sensitive,gyrA,CAA,0.12
ERR4810536,sensitive,gyrA,CTA,0.15
ERR4810536,sensitive,gyrA,TCA,0.31
ERR4810536,sensitive,gyrA,CGT,0.53
ERR4810536,sensitive,gyrA,AAA,0.72
ERR4810536,sensitive,gyrA,GGA,0.52
ERR4810536,sensitive,gyrA,GCT,0.05
ERR4810536,sensitive,gyrA,ACT,0.43
ERR4810536,sensitive,gyrA,ATT,0.44
ERR4810536,sensitive,gyrA,CGA,0.23
ERR4810536,sensitive,gyrA,GTA,0.12
ERR4810536,sensitive,gyrA,GGT,0.58
ERR4810536,sensitive,gyrA,TCT,0.15
ERR4810536,sensitive,gyrA,TTA,0.15
ERR4810536,sensitive,gyrA,CTT,0.08
ERR4810536,sensitive,gyrA,TTT,0.12
ERR4810536,sensitive,gyrA,TGC,1.0
ERR4810536,sensitive,gyrA,TGT,1.0
ERR4810536,sensitive,gyrA,AGT,0.15
ERR4810549,sensitive,rpoB,TTG,0.8
ERR4810549,sensitive,rpoB,GCA,0.24
ERR4810549,sensitive,rpoB,GAT,0.21
ERR4810549,sensitive,rpoB,TCC,1.52
ERR4810549,sensitive,rpoB,CGC,3.18
ERR4810549,sensitive,rpoB,CAG,1.76
ERR4810549,sensitive,rpoB,AGC,1.01
ERR4810549,sensitive,rpoB,AAA,0.24
ERR4810549,sensitive,rpoB,ACA,0.13
ERR4810549,sensitive,rpoB,GCC,2.17
ERR4810549,sensitive,rpoB,GCT,0.29
ERR4810549,sensitive,rpoB,AGT,0.59
ERR4810549,sensitive,rpoB,CCT,0.18
ERR4810549,sensitive,rpoB,CCG,2.65
ERR4810549,sensitive,rpoB,CAA,0.24
ERR4810549,sensitive,rpoB,TCG,2.45
ERR4810549,sensitive,rpoB,AAT,0.15
ERR4810549,sensitive,rpoB,AAC,1.85
ERR4810549,sensitive,rpoB,GTA,0.04
ERR4810549,sensitive,rpoB,CCC,0.92
ERR4810549,sensitive,rpoB,GGA,0.12
ERR4810549,sensitive,rpoB,GCG,1.3
ERR4810549,sensitive,rpoB,CCA,0.25
ERR4810549,sensitive,rpoB,CGG,1.66
ERR4810549,sensitive,rpoB,GTC,1.69
ERR4810549,sensitive,rpoB,TTC,1.82
ERR4810549,sensitive,rpoB,AAG,1.76
ERR4810549,sensitive,rpoB,CTG,4.14
ERR4810549,sensitive,rpoB,GAA,0.37
ERR4810549,sensitive,rpoB,CTT,0.25
ERR4810549,sensitive,rpoB,GAG,1.63
ERR4810549,sensitive,rpoB,GTT,0.25
ERR4810549,sensitive,rpoB,CTC,0.74
ERR4810549,sensitive,rpoB,GAC,1.79
ERR4810549,sensitive,rpoB,ACC,2.6
ERR4810549,sensitive,rpoB,TGG,1.0
ERR4810549,sensitive,rpoB,ATC,2.63
ERR4810549,sensitive,rpoB,GGT,1.08
ERR4810549,sensitive,rpoB,GTG,2.02
ERR4810549,sensitive,rpoB,GGC,2.08
ERR4810549,sensitive,rpoB,TAC,1.75
ERR4810549,sensitive,rpoB,TCT,0.25
ERR4810549,sensitive,rpoB,GGG,0.71
ERR4810549,sensitive,rpoB,ATG,1.0
ERR4810549,sensitive,rpoB,CGT,0.8
ERR4810549,sensitive,rpoB,TGC,1.56
ERR4810549,sensitive,rpoB,ACG,1.02
ERR4810549,sensitive,rpoB,ATT,0.37
ERR4810549,sensitive,rpoB,CAC,1.82
ERR4810549,sensitive,rpoB,TTT,0.18
ERR4810549,sensitive,rpoB,CGA,0.29
ERR4810549,sensitive,rpoB,TCA,0.17
ERR4810549,sensitive,rpoB,TAT,0.25
ERR4810549,sensitive,rpoB,CAT,0.18
ERR4810549,sensitive,rpoB,ACT,0.25
ERR4810549,sensitive,rpoB,TGT,0.44
ERR4810549,sensitive,rpoB,AGG,0.07
ERR4810549,sensitive,rpoB,CTA,0.06
ERR4810549,sensitive,katG,GTG,1.46
ERR4810549,sensitive,katG,CCC,1.44
ERR4810549,sensitive,katG,GAG,1.45
ERR4810549,sensitive,katG,CAA,0.48
ERR4810549,sensitive,katG,CAC,1.67
ERR4810549,sensitive,katG,CCA,0.32
ERR4810549,sensitive,katG,ATT,0.6
ERR4810549,sensitive,katG,ACA,0.19
ERR4810549,sensitive,katG,GAA,0.55
ERR4810549,sensitive,katG,ACC,2.38
ERR4810549,sensitive,katG,GGA,0.25
ERR4810549,sensitive,katG,GCC,1.77
ERR4810549,sensitive,katG,GCT,0.47
ERR4810549,sensitive,katG,AGC,2.0
ERR4810549,sensitive,katG,AAC,1.93
ERR4810549,sensitive,katG,GGC,2.38
ERR4810549,sensitive,katG,TGT,1.33
ERR4810549,sensitive,katG,GTC,2.0
ERR4810549,sensitive,katG,GGT,0.71
ERR4810549,sensitive,katG,CAT,0.33
ERR4810549,sensitive,katG,ATG,1.0
ERR4810549,sensitive,katG,AAA,0.23
ERR4810549,sensitive,katG,TAC,1.52
ERR4810549,sensitive,katG,CAG,1.52
ERR4810549,sensitive,katG,GAC,1.52
ERR4810549,sensitive,katG,TGG,1.0
ERR4810549,sensitive,katG,CGG,2.0
ERR4810549,sensitive,katG,CTC,1.35
ERR4810549,sensitive,katG,AAT,0.07
ERR4810549,sensitive,katG,CTG,3.39
ERR4810549,sensitive,katG,AAG,1.77
ERR4810549,sensitive,katG,GTA,0.23
ERR4810549,sensitive,katG,CCG,2.0
ERR4810549,sensitive,katG,GCG,1.4
ERR4810549,sensitive,katG,TTC,1.77
ERR4810549,sensitive,katG,TAT,0.48
ERR4810549,sensitive,katG,ATC,2.28
ERR4810549,sensitive,katG,GTT,0.31
ERR4810549,sensitive,katG,ACG,1.14
ERR4810549,sensitive,katG,TCG,1.83
ERR4810549,sensitive,katG,GGG,0.66
ERR4810549,sensitive,katG,TTT,0.23
ERR4810549,sensitive,katG,CGC,2.83
ERR4810549,sensitive,katG,CTT,0.48
ERR4810549,sensitive,katG,TTG,0.58
ERR4810549,sensitive,katG,TCA,0.67
ERR4810549,sensitive,katG,TGC,0.67
ERR4810549,sensitive,katG,GAT,0.48
ERR4810549,sensitive,katG,CGT,0.5
ERR4810549,sensitive,katG,ACT,0.29
ERR4810549,sensitive,katG,AGT,0.5
ERR4810549,sensitive,katG,CCT,0.24
ERR4810549,sensitive,katG,TCC,1.0
ERR4810549,sensitive,katG,CGA,0.33
ERR4810549,sensitive,katG,AGA,0.17
ERR4810549,sensitive,katG,GCA,0.36
ERR4810549,sensitive,katG,CTA,0.1
ERR4810549,sensitive,katG,ATA,0.12
ERR4810549,sensitive,katG,TTA,0.1
ERR4810549,sensitive,katG,AGG,0.17
ERR4810549,sensitive,gyrA,ATG,1.0
ERR4810549,sensitive,gyrA,ACA,0.26
ERR4810549,sensitive,gyrA,GAC,1.68
ERR4810549,sensitive,gyrA,ACG,0.77
ERR4810549,sensitive,gyrA,TTG,0.91
ERR4810549,sensitive,gyrA,CCG,2.34
ERR4810549,sensitive,gyrA,CCT,0.28
ERR4810549,sensitive,gyrA,TCG,2.31
ERR4810549,sensitive,gyrA,CTC,0.53
ERR4810549,sensitive,gyrA,CGG,1.95
ERR4810549,sensitive,gyrA,ATC,2.56
ERR4810549,sensitive,gyrA,GAA,0.65
ERR4810549,sensitive,gyrA,GTT,0.7
ERR4810549,sensitive,gyrA,CAG,1.88
ERR4810549,sensitive,gyrA,GAG,1.35
ERR4810549,sensitive,gyrA,CGC,2.92
ERR4810549,sensitive,gyrA,AGC,1.38
ERR4810549,sensitive,gyrA,TAC,1.28
ERR4810549,sensitive,gyrA,TAT,0.72
ERR4810549,sensitive,gyrA,GCG,1.45
ERR4810549,sensitive,gyrA,GTG,1.74
ERR4810549,sensitive,gyrA,GTC,1.45
ERR4810549,sensitive,gyrA,GGC,2.26
ERR4810549,sensitive,gyrA,CTG,4.1
ERR4810549,sensitive,gyrA,GGG,0.64
ERR4810549,sensitive,gyrA,AAG,1.28
ERR4810549,sensitive,gyrA,CCC,0.97
ERR4810549,sensitive,gyrA,CAT,0.14
ERR4810549,sensitive,gyrA,GCA,0.43
ERR4810549,sensitive,gyrA,TTC,1.88
ERR4810549,sensitive,gyrA,GAT,0.32
ERR4810549,sensitive,gyrA,TCC,1.69
ERR4810549,sensitive,gyrA,CAC,1.86
ERR4810549,sensitive,gyrA,GCC,2.07
ERR4810549,sensitive,gyrA,ACC,2.55
ERR4810549,sensitive,gyrA,AAC,1.38
ERR4810549,sensitive,gyrA,TGG,1.0
ERR4810549,sensitive,gyrA,CCA,0.41
ERR4810549,sensitive,gyrA,AAT,0.62
ERR4810549,sensitive,gyrA,AGG,0.38
ERR4810549,sensitive,gyrA,CAA,0.12
ERR4810549,sensitive,gyrA,CTA,0.23
ERR4810549,sensitive,gyrA,TCA,0.31
ERR4810549,sensitive,gyrA,CGT,0.53
ERR4810549,sensitive,gyrA,AAA,0.72
ERR4810549,sensitive,gyrA,GGA,0.52
ERR4810549,sensitive,gyrA,GCT,0.05
ERR4810549,sensitive,gyrA,ACT,0.43
ERR4810549,sensitive,gyrA,ATT,0.44
ERR4810549,sensitive,gyrA,CGA,0.23
ERR4810549,sensitive,gyrA,GTA,0.12
ERR4810549,sensitive,gyrA,GGT,0.58
ERR4810549,sensitive,gyrA,TCT,0.15
ERR4810549,sensitive,gyrA,TTA,0.15
ERR4810549,sensitive,gyrA,CTT,0.08
ERR4810549,sensitive,gyrA,TTT,0.12
ERR4810549,sensitive,gyrA,TGC,1.0
ERR4810549,sensitive,gyrA,TGT,1.0
ERR4810549,sensitive,gyrA,AGT,0.15
ERR4810550,sensitive,rpoB,TTG,0.8
ERR4810550,sensitive,rpoB,GCA,0.24
ERR4810550,sensitive,rpoB,GAT,0.21
ERR4810550,sensitive,rpoB,TCC,1.52
ERR4810550,sensitive,rpoB,CGC,3.18
ERR4810550,sensitive,rpoB,CAG,1.76
ERR4810550,sensitive,rpoB,AGC,1.01
ERR4810550,sensitive,rpoB,AAA,0.24
ERR4810550,sensitive,rpoB,ACA,0.13
ERR4810550,sensitive,rpoB,GCC,2.17
ERR4810550,sensitive,rpoB,GCT,0.29
ERR4810550,sensitive,rpoB,AGT,0.59
ERR4810550,sensitive,rpoB,CCT,0.18
ERR4810550,sensitive,rpoB,CCG,2.65
ERR4810550,sensitive,rpoB,CAA,0.24
ERR4810550,sensitive,rpoB,TCG,2.45
ERR4810550,sensitive,rpoB,AAT,0.15
ERR4810550,sensitive,rpoB,AAC,1.85
ERR4810550,sensitive,rpoB,GTA,0.04
ERR4810550,sensitive,rpoB,CCC,0.92
ERR4810550,sensitive,rpoB,GGA,0.12
ERR4810550,sensitive,rpoB,GCG,1.3
ERR4810550,sensitive,rpoB,CCA,0.25
ERR4810550,sensitive,rpoB,CGG,1.66
ERR4810550,sensitive,rpoB,GTC,1.69
ERR4810550,sensitive,rpoB,TTC,1.82
ERR4810550,sensitive,rpoB,AAG,1.76
ERR4810550,sensitive,rpoB,CTG,4.14
ERR4810550,sensitive,rpoB,GAA,0.37
ERR4810550,sensitive,rpoB,CTT,0.25
ERR4810550,sensitive,rpoB,GAG,1.63
ERR4810550,sensitive,rpoB,GTT,0.25
ERR4810550,sensitive,rpoB,CTC,0.74
ERR4810550,sensitive,rpoB,GAC,1.79
ERR4810550,sensitive,rpoB,ACC,2.6
ERR4810550,sensitive,rpoB,TGG,1.0
ERR4810550,sensitive,rpoB,ATC,2.63
ERR4810550,sensitive,rpoB,GGT,1.08
ERR4810550,sensitive,rpoB,GTG,2.02
ERR4810550,sensitive,rpoB,GGC,2.08
ERR4810550,sensitive,rpoB,TAC,1.75
ERR4810550,sensitive,rpoB,TCT,0.25
ERR4810550,sensitive,rpoB,GGG,0.71
ERR4810550,sensitive,rpoB,ATG,1.0
ERR4810550,sensitive,rpoB,CGT,0.8
ERR4810550,sensitive,rpoB,TGC,1.56
ERR4810550,sensitive,rpoB,ACG,1.02
ERR4810550,sensitive,rpoB,ATT,0.37
ERR4810550,sensitive,rpoB,CAC,1.82
ERR4810550,sensitive,rpoB,TTT,0.18
ERR4810550,sensitive,rpoB,CGA,0.29
ERR4810550,sensitive,rpoB,TCA,0.17
ERR4810550,sensitive,rpoB,TAT,0.25
ERR4810550,sensitive,rpoB,CAT,0.18
ERR4810550,sensitive,rpoB,ACT,0.25
ERR4810550,sensitive,rpoB,TGT,0.44
ERR4810550,sensitive,rpoB,AGG,0.07
ERR4810550,sensitive,rpoB,CTA,0.06
ERR4810550,sensitive,katG,GTG,1.46
ERR4810550,sensitive,katG,CCC,1.44
ERR4810550,sensitive,katG,GAG,1.45
ERR4810550,sensitive,katG,CAA,0.48
ERR4810550,sensitive,katG,CAC,1.67
ERR4810550,sensitive,katG,CCA,0.32
ERR4810550,sensitive,katG,ATT,0.6
ERR4810550,sensitive,katG,ACA,0.19
ERR4810550,sensitive,katG,GAA,0.55
ERR4810550,sensitive,katG,ACC,2.38
ERR4810550,sensitive,katG,GGA,0.25
ERR4810550,sensitive,katG,GCC,1.77
ERR4810550,sensitive,katG,GCT,0.47
ERR4810550,sensitive,katG,AGC,2.0
ERR4810550,sensitive,katG,AAC,1.93
ERR4810550,sensitive,katG,GGC,2.38
ERR4810550,sensitive,katG,TGT,1.33
ERR4810550,sensitive,katG,GTC,2.0
ERR4810550,sensitive,katG,GGT,0.71
ERR4810550,sensitive,katG,CAT,0.33
ERR4810550,sensitive,katG,ATG,1.0
ERR4810550,sensitive,katG,AAA,0.23
ERR4810550,sensitive,katG,TAC,1.52
ERR4810550,sensitive,katG,CAG,1.52
ERR4810550,sensitive,katG,GAC,1.52
ERR4810550,sensitive,katG,TGG,1.0
ERR4810550,sensitive,katG,CGG,2.0
ERR4810550,sensitive,katG,CTC,1.35
ERR4810550,sensitive,katG,AAT,0.07
ERR4810550,sensitive,katG,CTG,3.39
ERR4810550,sensitive,katG,AAG,1.77
ERR4810550,sensitive,katG,GTA,0.23
ERR4810550,sensitive,katG,CCG,2.0
ERR4810550,sensitive,katG,GCG,1.4
ERR4810550,sensitive,katG,TTC,1.77
ERR4810550,sensitive,katG,TAT,0.48
ERR4810550,sensitive,katG,ATC,2.28
ERR4810550,sensitive,katG,GTT,0.31
ERR4810550,sensitive,katG,ACG,1.14
ERR4810550,sensitive,katG,TCG,1.83
ERR4810550,sensitive,katG,GGG,0.66
ERR4810550,sensitive,katG,TTT,0.23
ERR4810550,sensitive,katG,CGC,2.83
ERR4810550,sensitive,katG,CTT,0.48
ERR4810550,sensitive,katG,TTG,0.58
ERR4810550,sensitive,katG,TCA,0.67
ERR4810550,sensitive,katG,TGC,0.67
ERR4810550,sensitive,katG,GAT,0.48
ERR4810550,sensitive,katG,CGT,0.5
ERR4810550,sensitive,katG,ACT,0.29
ERR4810550,sensitive,katG,AGT,0.5
ERR4810550,sensitive,katG,CCT,0.24
ERR4810550,sensitive,katG,TCC,1.0
ERR4810550,sensitive,katG,CGA,0.33
ERR4810550,sensitive,katG,AGA,0.17
ERR4810550,sensitive,katG,GCA,0.36
ERR4810550,sensitive,katG,CTA,0.1
ERR4810550,sensitive,katG,ATA,0.12
ERR4810550,sensitive,katG,TTA,0.1
ERR4810550,sensitive,katG,AGG,0.17
ERR4810550,sensitive,gyrA,ATG,1.0
ERR4810550,sensitive,gyrA,ACA,0.26
ERR4810550,sensitive,gyrA,GAC,1.68
ERR4810550,sensitive,gyrA,ACG,0.77
ERR4810550,sensitive,gyrA,TTG,0.91
ERR4810550,sensitive,gyrA,CCG,2.34
ERR4810550,sensitive,gyrA,CCT,0.28
ERR4810550,sensitive,gyrA,TCG,2.31
ERR4810550,sensitive,gyrA,CTC,0.53
ERR4810550,sensitive,gyrA,CGG,1.95
ERR4810550,sensitive,gyrA,ATC,2.56
ERR4810550,sensitive,gyrA,GAA,0.65
ERR4810550,sensitive,gyrA,GTT,0.7
ERR4810550,sensitive,gyrA,CAG,1.88
ERR4810550,sensitive,gyrA,GAG,1.35
ERR4810550,sensitive,gyrA,CGC,2.92
ERR4810550,sensitive,gyrA,AGC,1.38
ERR4810550,sensitive,gyrA,TAC,1.28
ERR4810550,sensitive,gyrA,TAT,0.72
ERR4810550,sensitive,gyrA,GCG,1.45
ERR4810550,sensitive,gyrA,GTG,1.74
ERR4810550,sensitive,gyrA,GTC,1.45
ERR4810550,sensitive,gyrA,GGC,2.26
ERR4810550,sensitive,gyrA,CTG,4.18
ERR4810550,sensitive,gyrA,GGG,0.64
ERR4810550,sensitive,gyrA,AAG,1.28
ERR4810550,sensitive,gyrA,CCC,0.97
ERR4810550,sensitive,gyrA,CAT,0.14
ERR4810550,sensitive,gyrA,GCA,0.43
ERR4810550,sensitive,gyrA,TTC,1.88
ERR4810550,sensitive,gyrA,GAT,0.32
ERR4810550,sensitive,gyrA,TCC,1.69
ERR4810550,sensitive,gyrA,CAC,1.86
ERR4810550,sensitive,gyrA,GCC,2.07
ERR4810550,sensitive,gyrA,ACC,2.55
ERR4810550,sensitive,gyrA,AAC,1.38
ERR4810550,sensitive,gyrA,TGG,1.0
ERR4810550,sensitive,gyrA,CCA,0.41
ERR4810550,sensitive,gyrA,AAT,0.62
ERR4810550,sensitive,gyrA,AGG,0.38
ERR4810550,sensitive,gyrA,CAA,0.12
ERR4810550,sensitive,gyrA,CTA,0.15
ERR4810550,sensitive,gyrA,TCA,0.31
ERR4810550,sensitive,gyrA,CGT,0.53
ERR4810550,sensitive,gyrA,AAA,0.72
ERR4810550,sensitive,gyrA,GGA,0.52
ERR4810550,sensitive,gyrA,GCT,0.05
ERR4810550,sensitive,gyrA,ACT,0.43
ERR4810550,sensitive,gyrA,ATT,0.44
ERR4810550,sensitive,gyrA,CGA,0.23
ERR4810550,sensitive,gyrA,GTA,0.12
ERR4810550,sensitive,gyrA,GGT,0.58
ERR4810550,sensitive,gyrA,TCT,0.15
ERR4810550,sensitive,gyrA,TTA,0.15
ERR4810550,sensitive,gyrA,CTT,0.08
ERR4810550,sensitive,gyrA,TTT,0.12
ERR4810550,sensitive,gyrA,TGC,1.0
ERR4810550,sensitive,gyrA,TGT,1.0
ERR4810550,sensitive,gyrA,AGT,0.15
ERR4810552,sensitive,rpoB,TTG,0.8
ERR4810552,sensitive,rpoB,GCA,0.24
ERR4810552,sensitive,rpoB,GAT,0.21
ERR4810552,sensitive,rpoB,TCC,1.52
ERR4810552,sensitive,rpoB,CGC,3.18
ERR4810552,sensitive,rpoB,CAG,1.76
ERR4810552,sensitive,rpoB,AGC,1.01
ERR4810552,sensitive,rpoB,AAA,0.24
ERR4810552,sensitive,rpoB,ACA,0.13
ERR4810552,sensitive,rpoB,GCC,2.22
ERR4810552,sensitive,rpoB,GCT,0.24
ERR4810552,sensitive,rpoB,AGT,0.59
ERR4810552,sensitive,rpoB,CCT,0.18
ERR4810552,sensitive,rpoB,CCG,2.65
ERR4810552,sensitive,rpoB,CAA,0.24
ERR4810552,sensitive,rpoB,TCG,2.45
ERR4810552,sensitive,rpoB,AAT,0.15
ERR4810552,sensitive,rpoB,AAC,1.85
ERR4810552,sensitive,rpoB,GTA,0.04
ERR4810552,sensitive,rpoB,CCC,0.92
ERR4810552,sensitive,rpoB,GGA,0.12
ERR4810552,sensitive,rpoB,GCG,1.3
ERR4810552,sensitive,rpoB,CCA,0.25
ERR4810552,sensitive,rpoB,CGG,1.66
ERR4810552,sensitive,rpoB,GTC,1.69
ERR4810552,sensitive,rpoB,TTC,1.82
ERR4810552,sensitive,rpoB,AAG,1.76
ERR4810552,sensitive,rpoB,CTG,4.14
ERR4810552,sensitive,rpoB,GAA,0.37
ERR4810552,sensitive,rpoB,CTT,0.25
ERR4810552,sensitive,rpoB,GAG,1.63
ERR4810552,sensitive,rpoB,GTT,0.25
ERR4810552,sensitive,rpoB,CTC,0.74
ERR4810552,sensitive,rpoB,GAC,1.79
ERR4810552,sensitive,rpoB,ACC,2.6
ERR4810552,sensitive,rpoB,TGG,1.0
ERR4810552,sensitive,rpoB,ATC,2.63
ERR4810552,sensitive,rpoB,GGT,1.08
ERR4810552,sensitive,rpoB,GTG,2.02
ERR4810552,sensitive,rpoB,GGC,2.08
ERR4810552,sensitive,rpoB,TAC,1.75
ERR4810552,sensitive,rpoB,TCT,0.25
ERR4810552,sensitive,rpoB,GGG,0.71
ERR4810552,sensitive,rpoB,ATG,1.0
ERR4810552,sensitive,rpoB,CGT,0.8
ERR4810552,sensitive,rpoB,TGC,1.56
ERR4810552,sensitive,rpoB,ACG,1.02
ERR4810552,sensitive,rpoB,ATT,0.37
ERR4810552,sensitive,rpoB,CAC,1.82
ERR4810552,sensitive,rpoB,TTT,0.18
ERR4810552,sensitive,rpoB,CGA,0.29
ERR4810552,sensitive,rpoB,TCA,0.17
ERR4810552,sensitive,rpoB,TAT,0.25
ERR4810552,sensitive,rpoB,CAT,0.18
ERR4810552,sensitive,rpoB,ACT,0.25
ERR4810552,sensitive,rpoB,TGT,0.44
ERR4810552,sensitive,rpoB,AGG,0.07
ERR4810552,sensitive,rpoB,CTA,0.06
ERR4810552,sensitive,katG,GTG,1.46
ERR4810552,sensitive,katG,CCC,1.44
ERR4810552,sensitive,katG,GAG,1.45
ERR4810552,sensitive,katG,CAA,0.48
ERR4810552,sensitive,katG,CAC,1.67
ERR4810552,sensitive,katG,CCA,0.32
ERR4810552,sensitive,katG,ATT,0.6
ERR4810552,sensitive,katG,ACA,0.19
ERR4810552,sensitive,katG,GAA,0.55
ERR4810552,sensitive,katG,ACC,2.38
ERR4810552,sensitive,katG,GGA,0.25
ERR4810552,sensitive,katG,GCC,1.77
ERR4810552,sensitive,katG,GCT,0.47
ERR4810552,sensitive,katG,AGC,2.0
ERR4810552,sensitive,katG,AAC,1.93
ERR4810552,sensitive,katG,GGC,2.38
ERR4810552,sensitive,katG,TGT,1.33
ERR4810552,sensitive,katG,GTC,2.0
ERR4810552,sensitive,katG,GGT,0.71
ERR4810552,sensitive,katG,CAT,0.33
ERR4810552,sensitive,katG,ATG,1.0
ERR4810552,sensitive,katG,AAA,0.23
ERR4810552,sensitive,katG,TAC,1.52
ERR4810552,sensitive,katG,CAG,1.52
ERR4810552,sensitive,katG,GAC,1.52
ERR4810552,sensitive,katG,TGG,1.0
ERR4810552,sensitive,katG,CGG,1.89
ERR4810552,sensitive,katG,CTC,1.33
ERR4810552,sensitive,katG,AAT,0.07
ERR4810552,sensitive,katG,CTG,3.43
ERR4810552,sensitive,katG,AAG,1.77
ERR4810552,sensitive,katG,GTA,0.23
ERR4810552,sensitive,katG,CCG,2.0
ERR4810552,sensitive,katG,GCG,1.4
ERR4810552,sensitive,katG,TTC,1.77
ERR4810552,sensitive,katG,TAT,0.48
ERR4810552,sensitive,katG,ATC,2.28
ERR4810552,sensitive,katG,GTT,0.31
ERR4810552,sensitive,katG,ACG,1.14
ERR4810552,sensitive,katG,TCG,1.83
ERR4810552,sensitive,katG,GGG,0.66
ERR4810552,sensitive,katG,TTT,0.23
ERR4810552,sensitive,katG,CGC,2.91
ERR4810552,sensitive,katG,CTT,0.48
ERR4810552,sensitive,katG,TTG,0.57
ERR4810552,sensitive,katG,TCA,0.67
ERR4810552,sensitive,katG,TGC,0.67
ERR4810552,sensitive,katG,GAT,0.48
ERR4810552,sensitive,katG,CGT,0.51
ERR4810552,sensitive,katG,ACT,0.29
ERR4810552,sensitive,katG,AGT,0.5
ERR4810552,sensitive,katG,CCT,0.24
ERR4810552,sensitive,katG,TCC,1.0
ERR4810552,sensitive,katG,CGA,0.34
ERR4810552,sensitive,katG,AGA,0.17
ERR4810552,sensitive,katG,GCA,0.36
ERR4810552,sensitive,katG,CTA,0.1
ERR4810552,sensitive,katG,ATA,0.12
ERR4810552,sensitive,katG,TTA,0.1
ERR4810552,sensitive,katG,AGG,0.17
ERR4810552,sensitive,gyrA,ATG,1.0
ERR4810552,sensitive,gyrA,ACA,0.26
ERR4810552,sensitive,gyrA,GAC,1.68
ERR4810552,sensitive,gyrA,ACG,0.77
ERR4810552,sensitive,gyrA,TTG,0.91
ERR4810552,sensitive,gyrA,CCG,2.34
ERR4810552,sensitive,gyrA,CCT,0.28
ERR4810552,sensitive,gyrA,TCG,2.31
ERR4810552,sensitive,gyrA,CTC,0.53
ERR4810552,sensitive,gyrA,CGG,1.95
ERR4810552,sensitive,gyrA,ATC,2.56
ERR4810552,sensitive,gyrA,GAA,0.65
ERR4810552,sensitive,gyrA,GTT,0.7
ERR4810552,sensitive,gyrA,CAG,1.88
ERR4810552,sensitive,gyrA,GAG,1.35
ERR4810552,sensitive,gyrA,CGC,2.92
ERR4810552,sensitive,gyrA,AGC,1.38
ERR4810552,sensitive,gyrA,TAC,1.28
ERR4810552,sensitive,gyrA,TAT,0.72
ERR4810552,sensitive,gyrA,GCG,1.45
ERR4810552,sensitive,gyrA,GTG,1.74
ERR4810552,sensitive,gyrA,GTC,1.45
ERR4810552,sensitive,gyrA,GGC,2.26
ERR4810552,sensitive,gyrA,CTG,4.18
ERR4810552,sensitive,gyrA,GGG,0.64
ERR4810552,sensitive,gyrA,AAG,1.28
ERR4810552,sensitive,gyrA,CCC,0.97
ERR4810552,sensitive,gyrA,CAT,0.14
ERR4810552,sensitive,gyrA,GCA,0.43
ERR4810552,sensitive,gyrA,TTC,1.88
ERR4810552,sensitive,gyrA,GAT,0.32
ERR4810552,sensitive,gyrA,TCC,1.69
ERR4810552,sensitive,gyrA,CAC,1.86
ERR4810552,sensitive,gyrA,GCC,2.07
ERR4810552,sensitive,gyrA,ACC,2.55
ERR4810552,sensitive,gyrA,AAC,1.38
ERR4810552,sensitive,gyrA,TGG,1.0
ERR4810552,sensitive,gyrA,CCA,0.41
ERR4810552,sensitive,gyrA,AAT,0.62
ERR4810552,sensitive,gyrA,AGG,0.38
ERR4810552,sensitive,gyrA,CAA,0.12
ERR4810552,sensitive,gyrA,CTA,0.15
ERR4810552,sensitive,gyrA,TCA,0.31
ERR4810552,sensitive,gyrA,CGT,0.53
ERR4810552,sensitive,gyrA,AAA,0.72
ERR4810552,sensitive,gyrA,GGA,0.52
ERR4810552,sensitive,gyrA,GCT,0.05
ERR4810552,sensitive,gyrA,ACT,0.43
ERR4810552,sensitive,gyrA,ATT,0.44
ERR4810552,sensitive,gyrA,CGA,0.23
ERR4810552,sensitive,gyrA,GTA,0.12
ERR4810552,sensitive,gyrA,GGT,0.58
ERR4810552,sensitive,gyrA,TCT,0.15
ERR4810552,sensitive,gyrA,TTA,0.15
ERR4810552,sensitive,gyrA,CTT,0.08
ERR4810552,sensitive,gyrA,TTT,0.12
ERR4810552,sensitive,gyrA,TGC,1.0
ERR4810552,sensitive,gyrA,TGT,1.0
ERR4810552,sensitive,gyrA,AGT,0.15
ERR4810553,sensitive,rpoB,TTG,0.8
ERR4810553,sensitive,rpoB,GCA,0.24
ERR4810553,sensitive,rpoB,GAT,0.21
ERR4810553,sensitive,rpoB,TCC,1.52
ERR4810553,sensitive,rpoB,CGC,3.18
ERR4810553,sensitive,rpoB,CAG,1.76
ERR4810553,sensitive,rpoB,AGC,1.01
ERR4810553,sensitive,rpoB,AAA,0.24
ERR4810553,sensitive,rpoB,ACA,0.13
ERR4810553,sensitive,rpoB,GCC,2.22
ERR4810553,sensitive,rpoB,GCT,0.24
ERR4810553,sensitive,rpoB,AGT,0.59
ERR4810553,sensitive,rpoB,CCT,0.18
ERR4810553,sensitive,rpoB,CCG,2.65
ERR4810553,sensitive,rpoB,CAA,0.24
ERR4810553,sensitive,rpoB,TCG,2.45
ERR4810553,sensitive,rpoB,AAT,0.15
ERR4810553,sensitive,rpoB,AAC,1.85
ERR4810553,sensitive,rpoB,GTA,0.04
ERR4810553,sensitive,rpoB,CCC,0.92
ERR4810553,sensitive,rpoB,GGA,0.12
ERR4810553,sensitive,rpoB,GCG,1.3
ERR4810553,sensitive,rpoB,CCA,0.25
ERR4810553,sensitive,rpoB,CGG,1.66
ERR4810553,sensitive,rpoB,GTC,1.69
ERR4810553,sensitive,rpoB,TTC,1.82
ERR4810553,sensitive,rpoB,AAG,1.76
ERR4810553,sensitive,rpoB,CTG,4.14
ERR4810553,sensitive,rpoB,GAA,0.37
ERR4810553,sensitive,rpoB,CTT,0.25
ERR4810553,sensitive,rpoB,GAG,1.63
ERR4810553,sensitive,rpoB,GTT,0.25
ERR4810553,sensitive,rpoB,CTC,0.74
ERR4810553,sensitive,rpoB,GAC,1.79
ERR4810553,sensitive,rpoB,ACC,2.6
ERR4810553,sensitive,rpoB,TGG,1.0
ERR4810553,sensitive,rpoB,ATC,2.63
ERR4810553,sensitive,rpoB,GGT,1.08
ERR4810553,sensitive,rpoB,GTG,2.02
ERR4810553,sensitive,rpoB,GGC,2.08
ERR4810553,sensitive,rpoB,TAC,1.75
ERR4810553,sensitive,rpoB,TCT,0.25
ERR4810553,sensitive,rpoB,GGG,0.71
ERR4810553,sensitive,rpoB,ATG,1.0
ERR4810553,sensitive,rpoB,CGT,0.8
ERR4810553,sensitive,rpoB,TGC,1.56
ERR4810553,sensitive,rpoB,ACG,1.02
ERR4810553,sensitive,rpoB,ATT,0.37
ERR4810553,sensitive,rpoB,CAC,1.82
ERR4810553,sensitive,rpoB,TTT,0.18
ERR4810553,sensitive,rpoB,CGA,0.29
ERR4810553,sensitive,rpoB,TCA,0.17
ERR4810553,sensitive,rpoB,TAT,0.25
ERR4810553,sensitive,rpoB,CAT,0.18
ERR4810553,sensitive,rpoB,ACT,0.25
ERR4810553,sensitive,rpoB,TGT,0.44
ERR4810553,sensitive,rpoB,AGG,0.07
ERR4810553,sensitive,rpoB,CTA,0.06
ERR4810553,sensitive,katG,GTG,1.46
ERR4810553,sensitive,katG,CCC,1.44
ERR4810553,sensitive,katG,GAG,1.45
ERR4810553,sensitive,katG,CAA,0.48
ERR4810553,sensitive,katG,CAC,1.67
ERR4810553,sensitive,katG,CCA,0.32
ERR4810553,sensitive,katG,ATT,0.6
ERR4810553,sensitive,katG,ACA,0.19
ERR4810553,sensitive,katG,GAA,0.55
ERR4810553,sensitive,katG,ACC,2.38
ERR4810553,sensitive,katG,GGA,0.25
ERR4810553,sensitive,katG,GCC,1.77
ERR4810553,sensitive,katG,GCT,0.47
ERR4810553,sensitive,katG,AGC,2.0
ERR4810553,sensitive,katG,AAC,1.93
ERR4810553,sensitive,katG,GGC,2.38
ERR4810553,sensitive,katG,TGT,1.33
ERR4810553,sensitive,katG,GTC,2.0
ERR4810553,sensitive,katG,GGT,0.71
ERR4810553,sensitive,katG,CAT,0.33
ERR4810553,sensitive,katG,ATG,1.0
ERR4810553,sensitive,katG,AAA,0.23
ERR4810553,sensitive,katG,TAC,1.52
ERR4810553,sensitive,katG,CAG,1.52
ERR4810553,sensitive,katG,GAC,1.52
ERR4810553,sensitive,katG,TGG,1.0
ERR4810553,sensitive,katG,CGG,1.89
ERR4810553,sensitive,katG,CTC,1.33
ERR4810553,sensitive,katG,AAT,0.07
ERR4810553,sensitive,katG,CTG,3.43
ERR4810553,sensitive,katG,AAG,1.77
ERR4810553,sensitive,katG,GTA,0.23
ERR4810553,sensitive,katG,CCG,2.0
ERR4810553,sensitive,katG,GCG,1.4
ERR4810553,sensitive,katG,TTC,1.77
ERR4810553,sensitive,katG,TAT,0.48
ERR4810553,sensitive,katG,ATC,2.28
ERR4810553,sensitive,katG,GTT,0.31
ERR4810553,sensitive,katG,ACG,1.14
ERR4810553,sensitive,katG,TCG,1.83
ERR4810553,sensitive,katG,GGG,0.66
ERR4810553,sensitive,katG,TTT,0.23
ERR4810553,sensitive,katG,CGC,2.91
ERR4810553,sensitive,katG,CTT,0.48
ERR4810553,sensitive,katG,TTG,0.57
ERR4810553,sensitive,katG,TCA,0.67
ERR4810553,sensitive,katG,TGC,0.67
ERR4810553,sensitive,katG,GAT,0.48
ERR4810553,sensitive,katG,CGT,0.51
ERR4810553,sensitive,katG,ACT,0.29
ERR4810553,sensitive,katG,AGT,0.5
ERR4810553,sensitive,katG,CCT,0.24
ERR4810553,sensitive,katG,TCC,1.0
ERR4810553,sensitive,katG,CGA,0.34
ERR4810553,sensitive,katG,AGA,0.17
ERR4810553,sensitive,katG,GCA,0.36
ERR4810553,sensitive,katG,CTA,0.1
ERR4810553,sensitive,katG,ATA,0.12
ERR4810553,sensitive,katG,TTA,0.1
ERR4810553,sensitive,katG,AGG,0.17
ERR4810553,sensitive,gyrA,ATG,1.0
ERR4810553,sensitive,gyrA,ACA,0.26
ERR4810553,sensitive,gyrA,GAC,1.68
ERR4810553,sensitive,gyrA,ACG,0.77
ERR4810553,sensitive,gyrA,TTG,0.91
ERR4810553,sensitive,gyrA,CCG,2.34
ERR4810553,sensitive,gyrA,CCT,0.28
ERR4810553,sensitive,gyrA,TCG,2.31
ERR4810553,sensitive,gyrA,CTC,0.53
ERR4810553,sensitive,gyrA,CGG,1.95
ERR4810553,sensitive,gyrA,ATC,2.56
ERR4810553,sensitive,gyrA,GAA,0.65
ERR4810553,sensitive,gyrA,GTT,0.7
ERR4810553,sensitive,gyrA,CAG,1.88
ERR4810553,sensitive,gyrA,GAG,1.35
ERR4810553,sensitive,gyrA,CGC,2.92
ERR4810553,sensitive,gyrA,AGC,1.38
ERR4810553,sensitive,gyrA,TAC,1.28
ERR4810553,sensitive,gyrA,TAT,0.72
ERR4810553,sensitive,gyrA,GCG,1.45
ERR4810553,sensitive,gyrA,GTG,1.74
ERR4810553,sensitive,gyrA,GTC,1.45
ERR4810553,sensitive,gyrA,GGC,2.26
ERR4810553,sensitive,gyrA,CTG,4.18
ERR4810553,sensitive,gyrA,GGG,0.64
ERR4810553,sensitive,gyrA,AAG,1.28
ERR4810553,sensitive,gyrA,CCC,0.97
ERR4810553,sensitive,gyrA,CAT,0.14
ERR4810553,sensitive,gyrA,GCA,0.43
ERR4810553,sensitive,gyrA,TTC,1.88
ERR4810553,sensitive,gyrA,GAT,0.32
ERR4810553,sensitive,gyrA,TCC,1.69
ERR4810553,sensitive,gyrA,CAC,1.86
ERR4810553,sensitive,gyrA,GCC,2.07
ERR4810553,sensitive,gyrA,ACC,2.55
ERR4810553,sensitive,gyrA,AAC,1.38
ERR4810553,sensitive,gyrA,TGG,1.0
ERR4810553,sensitive,gyrA,CCA,0.41
ERR4810553,sensitive,gyrA,AAT,0.62
ERR4810553,sensitive,gyrA,AGG,0.38
ERR4810553,sensitive,gyrA,CAA,0.12
ERR4810553,sensitive,gyrA,CTA,0.15
ERR4810553,sensitive,gyrA,TCA,0.31
ERR4810553,sensitive,gyrA,CGT,0.53
ERR4810553,sensitive,gyrA,AAA,0.72
ERR4810553,sensitive,gyrA,GGA,0.52
ERR4810553,sensitive,gyrA,GCT,0.05
ERR4810553,sensitive,gyrA,ACT,0.43
ERR4810553,sensitive,gyrA,ATT,0.44
ERR4810553,sensitive,gyrA,CGA,0.23
ERR4810553,sensitive,gyrA,GTA,0.12
ERR4810553,sensitive,gyrA,GGT,0.58
ERR4810553,sensitive,gyrA,TCT,0.15
ERR4810553,sensitive,gyrA,TTA,0.15
ERR4810553,sensitive,gyrA,CTT,0.08
ERR4810553,sensitive,gyrA,TTT,0.12
ERR4810553,sensitive,gyrA,TGC,1.0
ERR4810553,sensitive,gyrA,TGT,1.0
ERR4810553,sensitive,gyrA,AGT,0.15
ERR4810563,sensitive,rpoB,TTG,0.8
ERR4810563,sensitive,rpoB,GCA,0.24
ERR4810563,sensitive,rpoB,GAT,0.21
ERR4810563,sensitive,rpoB,TCC,1.52
ERR4810563,sensitive,rpoB,CGC,3.18
ERR4810563,sensitive,rpoB,CAG,1.76
ERR4810563,sensitive,rpoB,AGC,1.01
ERR4810563,sensitive,rpoB,AAA,0.24
ERR4810563,sensitive,rpoB,ACA,0.13
ERR4810563,sensitive,rpoB,GCC,2.17
ERR4810563,sensitive,rpoB,GCT,0.29
ERR4810563,sensitive,rpoB,AGT,0.59
ERR4810563,sensitive,rpoB,CCT,0.18
ERR4810563,sensitive,rpoB,CCG,2.65
ERR4810563,sensitive,rpoB,CAA,0.24
ERR4810563,sensitive,rpoB,TCG,2.45
ERR4810563,sensitive,rpoB,AAT,0.15
ERR4810563,sensitive,rpoB,AAC,1.85
ERR4810563,sensitive,rpoB,GTA,0.04
ERR4810563,sensitive,rpoB,CCC,0.92
ERR4810563,sensitive,rpoB,GGA,0.12
ERR4810563,sensitive,rpoB,GCG,1.3
ERR4810563,sensitive,rpoB,CCA,0.25
ERR4810563,sensitive,rpoB,CGG,1.66
ERR4810563,sensitive,rpoB,GTC,1.69
ERR4810563,sensitive,rpoB,TTC,1.82
ERR4810563,sensitive,rpoB,AAG,1.76
ERR4810563,sensitive,rpoB,CTG,4.14
ERR4810563,sensitive,rpoB,GAA,0.37
ERR4810563,sensitive,rpoB,CTT,0.25
ERR4810563,sensitive,rpoB,GAG,1.63
ERR4810563,sensitive,rpoB,GTT,0.25
ERR4810563,sensitive,rpoB,CTC,0.74
ERR4810563,sensitive,rpoB,GAC,1.79
ERR4810563,sensitive,rpoB,ACC,2.6
ERR4810563,sensitive,rpoB,TGG,1.0
ERR4810563,sensitive,rpoB,ATC,2.63
ERR4810563,sensitive,rpoB,GGT,1.08
ERR4810563,sensitive,rpoB,GTG,2.02
ERR4810563,sensitive,rpoB,GGC,2.08
ERR4810563,sensitive,rpoB,TAC,1.75
ERR4810563,sensitive,rpoB,TCT,0.25
ERR4810563,sensitive,rpoB,GGG,0.71
ERR4810563,sensitive,rpoB,ATG,1.0
ERR4810563,sensitive,rpoB,CGT,0.8
ERR4810563,sensitive,rpoB,TGC,1.56
ERR4810563,sensitive,rpoB,ACG,1.02
ERR4810563,sensitive,rpoB,ATT,0.37
ERR4810563,sensitive,rpoB,CAC,1.82
ERR4810563,sensitive,rpoB,TTT,0.18
ERR4810563,sensitive,rpoB,CGA,0.29
ERR4810563,sensitive,rpoB,TCA,0.17
ERR4810563,sensitive,rpoB,TAT,0.25
ERR4810563,sensitive,rpoB,CAT,0.18
ERR4810563,sensitive,rpoB,ACT,0.25
ERR4810563,sensitive,rpoB,TGT,0.44
ERR4810563,sensitive,rpoB,AGG,0.07
ERR4810563,sensitive,rpoB,CTA,0.06
ERR4810563,sensitive,katG,GTG,1.46
ERR4810563,sensitive,katG,CCC,1.44
ERR4810563,sensitive,katG,GAG,1.45
ERR4810563,sensitive,katG,CAA,0.48
ERR4810563,sensitive,katG,CAC,1.67
ERR4810563,sensitive,katG,CCA,0.32
ERR4810563,sensitive,katG,ATT,0.6
ERR4810563,sensitive,katG,ACA,0.19
ERR4810563,sensitive,katG,GAA,0.55
ERR4810563,sensitive,katG,ACC,2.38
ERR4810563,sensitive,katG,GGA,0.25
ERR4810563,sensitive,katG,GCC,1.77
ERR4810563,sensitive,katG,GCT,0.47
ERR4810563,sensitive,katG,AGC,2.0
ERR4810563,sensitive,katG,AAC,1.93
ERR4810563,sensitive,katG,GGC,2.38
ERR4810563,sensitive,katG,TGT,1.33
ERR4810563,sensitive,katG,GTC,2.0
ERR4810563,sensitive,katG,GGT,0.71
ERR4810563,sensitive,katG,CAT,0.33
ERR4810563,sensitive,katG,ATG,1.0
ERR4810563,sensitive,katG,AAA,0.23
ERR4810563,sensitive,katG,TAC,1.52
ERR4810563,sensitive,katG,CAG,1.52
ERR4810563,sensitive,katG,GAC,1.52
ERR4810563,sensitive,katG,TGG,1.0
ERR4810563,sensitive,katG,CGG,2.0
ERR4810563,sensitive,katG,CTC,1.35
ERR4810563,sensitive,katG,AAT,0.07
ERR4810563,sensitive,katG,CTG,3.39
ERR4810563,sensitive,katG,AAG,1.77
ERR4810563,sensitive,katG,GTA,0.23
ERR4810563,sensitive,katG,CCG,2.0
ERR4810563,sensitive,katG,GCG,1.4
ERR4810563,sensitive,katG,TTC,1.77
ERR4810563,sensitive,katG,TAT,0.48
ERR4810563,sensitive,katG,ATC,2.28
ERR4810563,sensitive,katG,GTT,0.31
ERR4810563,sensitive,katG,ACG,1.14
ERR4810563,sensitive,katG,TCG,1.83
ERR4810563,sensitive,katG,GGG,0.66
ERR4810563,sensitive,katG,TTT,0.23
ERR4810563,sensitive,katG,CGC,2.83
ERR4810563,sensitive,katG,CTT,0.48
ERR4810563,sensitive,katG,TTG,0.58
ERR4810563,sensitive,katG,TCA,0.67
ERR4810563,sensitive,katG,TGC,0.67
ERR4810563,sensitive,katG,GAT,0.48
ERR4810563,sensitive,katG,CGT,0.5
ERR4810563,sensitive,katG,ACT,0.29
ERR4810563,sensitive,katG,AGT,0.5
ERR4810563,sensitive,katG,CCT,0.24
ERR4810563,sensitive,katG,TCC,1.0
ERR4810563,sensitive,katG,CGA,0.33
ERR4810563,sensitive,katG,AGA,0.17
ERR4810563,sensitive,katG,GCA,0.36
ERR4810563,sensitive,katG,CTA,0.1
ERR4810563,sensitive,katG,ATA,0.12
ERR4810563,sensitive,katG,TTA,0.1
ERR4810563,sensitive,katG,AGG,0.17
ERR4810563,sensitive,gyrA,ATG,1.0
ERR4810563,sensitive,gyrA,ACA,0.26
ERR4810563,sensitive,gyrA,GAC,1.68
ERR4810563,sensitive,gyrA,ACG,0.77
ERR4810563,sensitive,gyrA,TTG,0.91
ERR4810563,sensitive,gyrA,CCG,2.34
ERR4810563,sensitive,gyrA,CCT,0.28
ERR4810563,sensitive,gyrA,TCG,2.31
ERR4810563,sensitive,gyrA,CTC,0.53
ERR4810563,sensitive,gyrA,CGG,1.95
ERR4810563,sensitive,gyrA,ATC,2.56
ERR4810563,sensitive,gyrA,GAA,0.65
ERR4810563,sensitive,gyrA,GTT,0.7
ERR4810563,sensitive,gyrA,CAG,1.88
ERR4810563,sensitive,gyrA,GAG,1.35
ERR4810563,sensitive,gyrA,CGC,2.92
ERR4810563,sensitive,gyrA,AGC,1.38
ERR4810563,sensitive,gyrA,TAC,1.28
ERR4810563,sensitive,gyrA,TAT,0.72
ERR4810563,sensitive,gyrA,GCG,1.45
ERR4810563,sensitive,gyrA,GTG,1.74
ERR4810563,sensitive,gyrA,GTC,1.45
ERR4810563,sensitive,gyrA,GGC,2.26
ERR4810563,sensitive,gyrA,CTG,4.1
ERR4810563,sensitive,gyrA,GGG,0.64
ERR4810563,sensitive,gyrA,AAG,1.28
ERR4810563,sensitive,gyrA,CCC,0.97
ERR4810563,sensitive,gyrA,CAT,0.14
ERR4810563,sensitive,gyrA,GCA,0.43
ERR4810563,sensitive,gyrA,TTC,1.88
ERR4810563,sensitive,gyrA,GAT,0.32
ERR4810563,sensitive,gyrA,TCC,1.69
ERR4810563,sensitive,gyrA,CAC,1.86
ERR4810563,sensitive,gyrA,GCC,2.07
ERR4810563,sensitive,gyrA,ACC,2.55
ERR4810563,sensitive,gyrA,AAC,1.38
ERR4810563,sensitive,gyrA,TGG,1.0
ERR4810563,sensitive,gyrA,CCA,0.41
ERR4810563,sensitive,gyrA,AAT,0.62
ERR4810563,sensitive,gyrA,AGG,0.38
ERR4810563,sensitive,gyrA,CAA,0.12
ERR4810563,sensitive,gyrA,CTA,0.23
ERR4810563,sensitive,gyrA,TCA,0.31
ERR4810563,sensitive,gyrA,CGT,0.53
ERR4810563,sensitive,gyrA,AAA,0.72
ERR4810563,sensitive,gyrA,GGA,0.52
ERR4810563,sensitive,gyrA,GCT,0.05
ERR4810563,sensitive,gyrA,ACT,0.43
ERR4810563,sensitive,gyrA,ATT,0.44
ERR4810563,sensitive,gyrA,CGA,0.23
ERR4810563,sensitive,gyrA,GTA,0.12
ERR4810563,sensitive,gyrA,GGT,0.58
ERR4810563,sensitive,gyrA,TCT,0.15
ERR4810563,sensitive,gyrA,TTA,0.15
ERR4810563,sensitive,gyrA,CTT,0.08
ERR4810563,sensitive,gyrA,TTT,0.12
ERR4810563,sensitive,gyrA,TGC,1.0
ERR4810563,sensitive,gyrA,TGT,1.0
ERR4810563,sensitive,gyrA,AGT,0.15
ERR4810570,sensitive,rpoB,TTG,0.8
ERR4810570,sensitive,rpoB,GCA,0.24
ERR4810570,sensitive,rpoB,GAT,0.21
ERR4810570,sensitive,rpoB,TCC,1.52
ERR4810570,sensitive,rpoB,CGC,3.18
ERR4810570,sensitive,rpoB,CAG,1.76
ERR4810570,sensitive,rpoB,AGC,1.01
ERR4810570,sensitive,rpoB,AAA,0.24
ERR4810570,sensitive,rpoB,ACA,0.13
ERR4810570,sensitive,rpoB,GCC,2.2
ERR4810570,sensitive,rpoB,GCT,0.24
ERR4810570,sensitive,rpoB,AGT,0.59
ERR4810570,sensitive,rpoB,CCT,0.18
ERR4810570,sensitive,rpoB,CCG,2.65
ERR4810570,sensitive,rpoB,CAA,0.24
ERR4810570,sensitive,rpoB,TCG,2.45
ERR4810570,sensitive,rpoB,AAT,0.15
ERR4810570,sensitive,rpoB,AAC,1.85
ERR4810570,sensitive,rpoB,GTA,0.04
ERR4810570,sensitive,rpoB,CCC,0.92
ERR4810570,sensitive,rpoB,GGA,0.12
ERR4810570,sensitive,rpoB,GCG,1.32
ERR4810570,sensitive,rpoB,CCA,0.25
ERR4810570,sensitive,rpoB,CGG,1.66
ERR4810570,sensitive,rpoB,GTC,1.69
ERR4810570,sensitive,rpoB,TTC,1.82
ERR4810570,sensitive,rpoB,AAG,1.76
ERR4810570,sensitive,rpoB,CTG,4.14
ERR4810570,sensitive,rpoB,GAA,0.37
ERR4810570,sensitive,rpoB,CTT,0.25
ERR4810570,sensitive,rpoB,GAG,1.63
ERR4810570,sensitive,rpoB,GTT,0.25
ERR4810570,sensitive,rpoB,CTC,0.74
ERR4810570,sensitive,rpoB,GAC,1.79
ERR4810570,sensitive,rpoB,ACC,2.6
ERR4810570,sensitive,rpoB,TGG,1.0
ERR4810570,sensitive,rpoB,ATC,2.63
ERR4810570,sensitive,rpoB,GGT,1.08
ERR4810570,sensitive,rpoB,GTG,2.02
ERR4810570,sensitive,rpoB,GGC,2.08
ERR4810570,sensitive,rpoB,TAC,1.75
ERR4810570,sensitive,rpoB,TCT,0.25
ERR4810570,sensitive,rpoB,GGG,0.71
ERR4810570,sensitive,rpoB,ATG,1.0
ERR4810570,sensitive,rpoB,CGT,0.8
ERR4810570,sensitive,rpoB,TGC,1.56
ERR4810570,sensitive,rpoB,ACG,1.02
ERR4810570,sensitive,rpoB,ATT,0.37
ERR4810570,sensitive,rpoB,CAC,1.82
ERR4810570,sensitive,rpoB,TTT,0.18
ERR4810570,sensitive,rpoB,CGA,0.29
ERR4810570,sensitive,rpoB,TCA,0.17
ERR4810570,sensitive,rpoB,TAT,0.25
ERR4810570,sensitive,rpoB,CAT,0.18
ERR4810570,sensitive,rpoB,ACT,0.25
ERR4810570,sensitive,rpoB,TGT,0.44
ERR4810570,sensitive,rpoB,AGG,0.07
ERR4810570,sensitive,rpoB,CTA,0.06
ERR4810570,sensitive,katG,GTG,1.46
ERR4810570,sensitive,katG,CCC,1.44
ERR4810570,sensitive,katG,GAG,1.45
ERR4810570,sensitive,katG,CAA,0.48
ERR4810570,sensitive,katG,CAC,1.67
ERR4810570,sensitive,katG,CCA,0.32
ERR4810570,sensitive,katG,ATT,0.6
ERR4810570,sensitive,katG,ACA,0.19
ERR4810570,sensitive,katG,GAA,0.55
ERR4810570,sensitive,katG,ACC,2.38
ERR4810570,sensitive,katG,GGA,0.25
ERR4810570,sensitive,katG,GCC,1.77
ERR4810570,sensitive,katG,GCT,0.47
ERR4810570,sensitive,katG,AGC,2.0
ERR4810570,sensitive,katG,AAC,1.93
ERR4810570,sensitive,katG,GGC,2.38
ERR4810570,sensitive,katG,TGT,1.33
ERR4810570,sensitive,katG,GTC,2.0
ERR4810570,sensitive,katG,GGT,0.71
ERR4810570,sensitive,katG,CAT,0.33
ERR4810570,sensitive,katG,ATG,1.0
ERR4810570,sensitive,katG,AAA,0.23
ERR4810570,sensitive,katG,TAC,1.52
ERR4810570,sensitive,katG,CAG,1.52
ERR4810570,sensitive,katG,GAC,1.52
ERR4810570,sensitive,katG,TGG,1.0
ERR4810570,sensitive,katG,CGG,1.89
ERR4810570,sensitive,katG,CTC,1.35
ERR4810570,sensitive,katG,AAT,0.07
ERR4810570,sensitive,katG,CTG,3.39
ERR4810570,sensitive,katG,AAG,1.77
ERR4810570,sensitive,katG,GTA,0.23
ERR4810570,sensitive,katG,CCG,2.0
ERR4810570,sensitive,katG,GCG,1.4
ERR4810570,sensitive,katG,TTC,1.77
ERR4810570,sensitive,katG,TAT,0.48
ERR4810570,sensitive,katG,ATC,2.28
ERR4810570,sensitive,katG,GTT,0.31
ERR4810570,sensitive,katG,ACG,1.14
ERR4810570,sensitive,katG,TCG,1.83
ERR4810570,sensitive,katG,GGG,0.66
ERR4810570,sensitive,katG,TTT,0.23
ERR4810570,sensitive,katG,CGC,2.91
ERR4810570,sensitive,katG,CTT,0.48
ERR4810570,sensitive,katG,TTG,0.58
ERR4810570,sensitive,katG,TCA,0.67
ERR4810570,sensitive,katG,TGC,0.67
ERR4810570,sensitive,katG,GAT,0.48
ERR4810570,sensitive,katG,CGT,0.51
ERR4810570,sensitive,katG,ACT,0.29
ERR4810570,sensitive,katG,AGT,0.5
ERR4810570,sensitive,katG,CCT,0.24
ERR4810570,sensitive,katG,TCC,1.0
ERR4810570,sensitive,katG,CGA,0.34
ERR4810570,sensitive,katG,AGA,0.17
ERR4810570,sensitive,katG,GCA,0.36
ERR4810570,sensitive,katG,CTA,0.1
ERR4810570,sensitive,katG,ATA,0.12
ERR4810570,sensitive,katG,TTA,0.1
ERR4810570,sensitive,katG,AGG,0.17
ERR4810570,sensitive,gyrA,ATG,1.0
ERR4810570,sensitive,gyrA,ACA,0.26
ERR4810570,sensitive,gyrA,GAC,1.68
ERR4810570,sensitive,gyrA,ACG,0.77
ERR4810570,sensitive,gyrA,TTG,0.92
ERR4810570,sensitive,gyrA,CCG,2.34
ERR4810570,sensitive,gyrA,CCT,0.28
ERR4810570,sensitive,gyrA,TCG,2.31
ERR4810570,sensitive,gyrA,CTC,0.54
ERR4810570,sensitive,gyrA,CGG,1.95
ERR4810570,sensitive,gyrA,ATC,2.56
ERR4810570,sensitive,gyrA,GAA,0.65
ERR4810570,sensitive,gyrA,GTT,0.7
ERR4810570,sensitive,gyrA,CAG,1.88
ERR4810570,sensitive,gyrA,GAG,1.35
ERR4810570,sensitive,gyrA,CGC,2.92
ERR4810570,sensitive,gyrA,AGC,1.38
ERR4810570,sensitive,gyrA,TAC,1.28
ERR4810570,sensitive,gyrA,TAT,0.72
ERR4810570,sensitive,gyrA,GCG,1.45
ERR4810570,sensitive,gyrA,GTG,1.74
ERR4810570,sensitive,gyrA,GTC,1.45
ERR4810570,sensitive,gyrA,GGC,2.26
ERR4810570,sensitive,gyrA,CTG,4.15
ERR4810570,sensitive,gyrA,GGG,0.64
ERR4810570,sensitive,gyrA,AAG,1.28
ERR4810570,sensitive,gyrA,CCC,0.97
ERR4810570,sensitive,gyrA,CAT,0.14
ERR4810570,sensitive,gyrA,GCA,0.43
ERR4810570,sensitive,gyrA,TTC,1.88
ERR4810570,sensitive,gyrA,GAT,0.32
ERR4810570,sensitive,gyrA,TCC,1.69
ERR4810570,sensitive,gyrA,CAC,1.86
ERR4810570,sensitive,gyrA,GCC,2.07
ERR4810570,sensitive,gyrA,ACC,2.55
ERR4810570,sensitive,gyrA,AAC,1.38
ERR4810570,sensitive,gyrA,TGG,1.0
ERR4810570,sensitive,gyrA,CCA,0.41
ERR4810570,sensitive,gyrA,AAT,0.62
ERR4810570,sensitive,gyrA,AGG,0.38
ERR4810570,sensitive,gyrA,CAA,0.12
ERR4810570,sensitive,gyrA,CTA,0.15
ERR4810570,sensitive,gyrA,TCA,0.31
ERR4810570,sensitive,gyrA,CGT,0.53
ERR4810570,sensitive,gyrA,AAA,0.72
ERR4810570,sensitive,gyrA,GGA,0.52
ERR4810570,sensitive,gyrA,GCT,0.05
ERR4810570,sensitive,gyrA,ACT,0.43
ERR4810570,sensitive,gyrA,ATT,0.44
ERR4810570,sensitive,gyrA,CGA,0.23
ERR4810570,sensitive,gyrA,GTA,0.12
ERR4810570,sensitive,gyrA,GGT,0.58
ERR4810570,sensitive,gyrA,TCT,0.15
ERR4810570,sensitive,gyrA,TTA,0.15
ERR4810570,sensitive,gyrA,CTT,0.08
ERR4810570,sensitive,gyrA,TTT,0.12
ERR4810570,sensitive,gyrA,TGC,1.0
ERR4810570,sensitive,gyrA,TGT,1.0
ERR4810570,sensitive,gyrA,AGT,0.15
ERR4810584,sensitive,rpoB,TTG,0.8
ERR4810584,sensitive,rpoB,GCA,0.24
ERR4810584,sensitive,rpoB,GAT,0.21
ERR4810584,sensitive,rpoB,TCC,1.52
ERR4810584,sensitive,rpoB,CGC,3.18
ERR4810584,sensitive,rpoB,CAG,1.76
ERR4810584,sensitive,rpoB,AGC,1.01
ERR4810584,sensitive,rpoB,AAA,0.24
ERR4810584,sensitive,rpoB,ACA,0.13
ERR4810584,sensitive,rpoB,GCC,2.22
ERR4810584,sensitive,rpoB,GCT,0.24
ERR4810584,sensitive,rpoB,AGT,0.59
ERR4810584,sensitive,rpoB,CCT,0.18
ERR4810584,sensitive,rpoB,CCG,2.65
ERR4810584,sensitive,rpoB,CAA,0.24
ERR4810584,sensitive,rpoB,TCG,2.45
ERR4810584,sensitive,rpoB,AAT,0.15
ERR4810584,sensitive,rpoB,AAC,1.85
ERR4810584,sensitive,rpoB,GTA,0.04
ERR4810584,sensitive,rpoB,CCC,0.92
ERR4810584,sensitive,rpoB,GGA,0.12
ERR4810584,sensitive,rpoB,GCG,1.3
ERR4810584,sensitive,rpoB,CCA,0.25
ERR4810584,sensitive,rpoB,CGG,1.66
ERR4810584,sensitive,rpoB,GTC,1.69
ERR4810584,sensitive,rpoB,TTC,1.82
ERR4810584,sensitive,rpoB,AAG,1.76
ERR4810584,sensitive,rpoB,CTG,4.14
ERR4810584,sensitive,rpoB,GAA,0.37
ERR4810584,sensitive,rpoB,CTT,0.25
ERR4810584,sensitive,rpoB,GAG,1.63
ERR4810584,sensitive,rpoB,GTT,0.25
ERR4810584,sensitive,rpoB,CTC,0.74
ERR4810584,sensitive,rpoB,GAC,1.79
ERR4810584,sensitive,rpoB,ACC,2.6
ERR4810584,sensitive,rpoB,TGG,1.0
ERR4810584,sensitive,rpoB,ATC,2.63
ERR4810584,sensitive,rpoB,GGT,1.08
ERR4810584,sensitive,rpoB,GTG,2.02
ERR4810584,sensitive,rpoB,GGC,2.08
ERR4810584,sensitive,rpoB,TAC,1.75
ERR4810584,sensitive,rpoB,TCT,0.25
ERR4810584,sensitive,rpoB,GGG,0.71
ERR4810584,sensitive,rpoB,ATG,1.0
ERR4810584,sensitive,rpoB,CGT,0.8
ERR4810584,sensitive,rpoB,TGC,1.56
ERR4810584,sensitive,rpoB,ACG,1.02
ERR4810584,sensitive,rpoB,ATT,0.37
ERR4810584,sensitive,rpoB,CAC,1.82
ERR4810584,sensitive,rpoB,TTT,0.18
ERR4810584,sensitive,rpoB,CGA,0.29
ERR4810584,sensitive,rpoB,TCA,0.17
ERR4810584,sensitive,rpoB,TAT,0.25
ERR4810584,sensitive,rpoB,CAT,0.18
ERR4810584,sensitive,rpoB,ACT,0.25
ERR4810584,sensitive,rpoB,TGT,0.44
ERR4810584,sensitive,rpoB,AGG,0.07
ERR4810584,sensitive,rpoB,CTA,0.06
ERR4810584,sensitive,katG,GTG,1.46
ERR4810584,sensitive,katG,CCC,1.44
ERR4810584,sensitive,katG,GAG,1.45
ERR4810584,sensitive,katG,CAA,0.48
ERR4810584,sensitive,katG,CAC,1.67
ERR4810584,sensitive,katG,CCA,0.32
ERR4810584,sensitive,katG,ATT,0.6
ERR4810584,sensitive,katG,ACA,0.19
ERR4810584,sensitive,katG,GAA,0.55
ERR4810584,sensitive,katG,ACC,2.38
ERR4810584,sensitive,katG,GGA,0.25
ERR4810584,sensitive,katG,GCC,1.77
ERR4810584,sensitive,katG,GCT,0.47
ERR4810584,sensitive,katG,AGC,2.0
ERR4810584,sensitive,katG,AAC,1.93
ERR4810584,sensitive,katG,GGC,2.38
ERR4810584,sensitive,katG,TGT,1.33
ERR4810584,sensitive,katG,GTC,2.0
ERR4810584,sensitive,katG,GGT,0.71
ERR4810584,sensitive,katG,CAT,0.33
ERR4810584,sensitive,katG,ATG,1.0
ERR4810584,sensitive,katG,AAA,0.23
ERR4810584,sensitive,katG,TAC,1.52
ERR4810584,sensitive,katG,CAG,1.52
ERR4810584,sensitive,katG,GAC,1.52
ERR4810584,sensitive,katG,TGG,1.0
ERR4810584,sensitive,katG,CGG,1.89
ERR4810584,sensitive,katG,CTC,1.33
ERR4810584,sensitive,katG,AAT,0.07
ERR4810584,sensitive,katG,CTG,3.43
ERR4810584,sensitive,katG,AAG,1.77
ERR4810584,sensitive,katG,GTA,0.23
ERR4810584,sensitive,katG,CCG,2.0
ERR4810584,sensitive,katG,GCG,1.4
ERR4810584,sensitive,katG,TTC,1.77
ERR4810584,sensitive,katG,TAT,0.48
ERR4810584,sensitive,katG,ATC,2.28
ERR4810584,sensitive,katG,GTT,0.31
ERR4810584,sensitive,katG,ACG,1.14
ERR4810584,sensitive,katG,TCG,1.83
ERR4810584,sensitive,katG,GGG,0.66
ERR4810584,sensitive,katG,TTT,0.23
ERR4810584,sensitive,katG,CGC,2.91
ERR4810584,sensitive,katG,CTT,0.48
ERR4810584,sensitive,katG,TTG,0.57
ERR4810584,sensitive,katG,TCA,0.67
ERR4810584,sensitive,katG,TGC,0.67
ERR4810584,sensitive,katG,GAT,0.48
ERR4810584,sensitive,katG,CGT,0.51
ERR4810584,sensitive,katG,ACT,0.29
ERR4810584,sensitive,katG,AGT,0.5
ERR4810584,sensitive,katG,CCT,0.24
ERR4810584,sensitive,katG,TCC,1.0
ERR4810584,sensitive,katG,CGA,0.34
ERR4810584,sensitive,katG,AGA,0.17
ERR4810584,sensitive,katG,GCA,0.36
ERR4810584,sensitive,katG,CTA,0.1
ERR4810584,sensitive,katG,ATA,0.12
ERR4810584,sensitive,katG,TTA,0.1
ERR4810584,sensitive,katG,AGG,0.17
ERR4810584,sensitive,gyrA,ATG,1.0
ERR4810584,sensitive,gyrA,ACA,0.26
ERR4810584,sensitive,gyrA,GAC,1.68
ERR4810584,sensitive,gyrA,ACG,0.77
ERR4810584,sensitive,gyrA,TTG,0.91
ERR4810584,sensitive,gyrA,CCG,2.34
ERR4810584,sensitive,gyrA,CCT,0.28
ERR4810584,sensitive,gyrA,TCG,2.31
ERR4810584,sensitive,gyrA,CTC,0.53
ERR4810584,sensitive,gyrA,CGG,1.95
ERR4810584,sensitive,gyrA,ATC,2.56
ERR4810584,sensitive,gyrA,GAA,0.65
ERR4810584,sensitive,gyrA,GTT,0.7
ERR4810584,sensitive,gyrA,CAG,1.88
ERR4810584,sensitive,gyrA,GAG,1.35
ERR4810584,sensitive,gyrA,CGC,2.92
ERR4810584,sensitive,gyrA,AGC,1.38
ERR4810584,sensitive,gyrA,TAC,1.28
ERR4810584,sensitive,gyrA,TAT,0.72
ERR4810584,sensitive,gyrA,GCG,1.45
ERR4810584,sensitive,gyrA,GTG,1.74
ERR4810584,sensitive,gyrA,GTC,1.45
ERR4810584,sensitive,gyrA,GGC,2.26
ERR4810584,sensitive,gyrA,CTG,4.18
ERR4810584,sensitive,gyrA,GGG,0.64
ERR4810584,sensitive,gyrA,AAG,1.28
ERR4810584,sensitive,gyrA,CCC,0.97
ERR4810584,sensitive,gyrA,CAT,0.14
ERR4810584,sensitive,gyrA,GCA,0.43
ERR4810584,sensitive,gyrA,TTC,1.88
ERR4810584,sensitive,gyrA,GAT,0.32
ERR4810584,sensitive,gyrA,TCC,1.69
ERR4810584,sensitive,gyrA,CAC,1.86
ERR4810584,sensitive,gyrA,GCC,2.07
ERR4810584,sensitive,gyrA,ACC,2.55
ERR4810584,sensitive,gyrA,AAC,1.38
ERR4810584,sensitive,gyrA,TGG,1.0
ERR4810584,sensitive,gyrA,CCA,0.41
ERR4810584,sensitive,gyrA,AAT,0.62
ERR4810584,sensitive,gyrA,AGG,0.38
ERR4810584,sensitive,gyrA,CAA,0.12
ERR4810584,sensitive,gyrA,CTA,0.15
ERR4810584,sensitive,gyrA,TCA,0.31
ERR4810584,sensitive,gyrA,CGT,0.53
ERR4810584,sensitive,gyrA,AAA,0.72
ERR4810584,sensitive,gyrA,GGA,0.52
ERR4810584,sensitive,gyrA,GCT,0.05
ERR4810584,sensitive,gyrA,ACT,0.43
ERR4810584,sensitive,gyrA,ATT,0.44
ERR4810584,sensitive,gyrA,CGA,0.23
ERR4810584,sensitive,gyrA,GTA,0.12
ERR4810584,sensitive,gyrA,GGT,0.58
ERR4810584,sensitive,gyrA,TCT,0.15
ERR4810584,sensitive,gyrA,TTA,0.15
ERR4810584,sensitive,gyrA,CTT,0.08
ERR4810584,sensitive,gyrA,TTT,0.12
ERR4810584,sensitive,gyrA,TGC,1.0
ERR4810584,sensitive,gyrA,TGT,1.0
ERR4810584,sensitive,gyrA,AGT,0.15
ERR4810616,sensitive,rpoB,TTG,0.8
ERR4810616,sensitive,rpoB,GCA,0.24
ERR4810616,sensitive,rpoB,GAT,0.21
ERR4810616,sensitive,rpoB,TCC,1.52
ERR4810616,sensitive,rpoB,CGC,3.18
ERR4810616,sensitive,rpoB,CAG,1.76
ERR4810616,sensitive,rpoB,AGC,1.01
ERR4810616,sensitive,rpoB,AAA,0.24
ERR4810616,sensitive,rpoB,ACA,0.13
ERR4810616,sensitive,rpoB,GCC,2.22
ERR4810616,sensitive,rpoB,GCT,0.24
ERR4810616,sensitive,rpoB,AGT,0.59
ERR4810616,sensitive,rpoB,CCT,0.18
ERR4810616,sensitive,rpoB,CCG,2.65
ERR4810616,sensitive,rpoB,CAA,0.24
ERR4810616,sensitive,rpoB,TCG,2.45
ERR4810616,sensitive,rpoB,AAT,0.15
ERR4810616,sensitive,rpoB,AAC,1.85
ERR4810616,sensitive,rpoB,GTA,0.04
ERR4810616,sensitive,rpoB,CCC,0.92
ERR4810616,sensitive,rpoB,GGA,0.12
ERR4810616,sensitive,rpoB,GCG,1.3
ERR4810616,sensitive,rpoB,CCA,0.25
ERR4810616,sensitive,rpoB,CGG,1.66
ERR4810616,sensitive,rpoB,GTC,1.69
ERR4810616,sensitive,rpoB,TTC,1.82
ERR4810616,sensitive,rpoB,AAG,1.76
ERR4810616,sensitive,rpoB,CTG,4.14
ERR4810616,sensitive,rpoB,GAA,0.37
ERR4810616,sensitive,rpoB,CTT,0.25
ERR4810616,sensitive,rpoB,GAG,1.63
ERR4810616,sensitive,rpoB,GTT,0.25
ERR4810616,sensitive,rpoB,CTC,0.74
ERR4810616,sensitive,rpoB,GAC,1.79
ERR4810616,sensitive,rpoB,ACC,2.6
ERR4810616,sensitive,rpoB,TGG,1.0
ERR4810616,sensitive,rpoB,ATC,2.63
ERR4810616,sensitive,rpoB,GGT,1.08
ERR4810616,sensitive,rpoB,GTG,2.02
ERR4810616,sensitive,rpoB,GGC,2.08
ERR4810616,sensitive,rpoB,TAC,1.75
ERR4810616,sensitive,rpoB,TCT,0.25
ERR4810616,sensitive,rpoB,GGG,0.71
ERR4810616,sensitive,rpoB,ATG,1.0
ERR4810616,sensitive,rpoB,CGT,0.8
ERR4810616,sensitive,rpoB,TGC,1.56
ERR4810616,sensitive,rpoB,ACG,1.02
ERR4810616,sensitive,rpoB,ATT,0.37
ERR4810616,sensitive,rpoB,CAC,1.82
ERR4810616,sensitive,rpoB,TTT,0.18
ERR4810616,sensitive,rpoB,CGA,0.29
ERR4810616,sensitive,rpoB,TCA,0.17
ERR4810616,sensitive,rpoB,TAT,0.25
ERR4810616,sensitive,rpoB,CAT,0.18
ERR4810616,sensitive,rpoB,ACT,0.25
ERR4810616,sensitive,rpoB,TGT,0.44
ERR4810616,sensitive,rpoB,AGG,0.07
ERR4810616,sensitive,rpoB,CTA,0.06
ERR4810616,sensitive,katG,GTG,1.46
ERR4810616,sensitive,katG,CCC,1.44
ERR4810616,sensitive,katG,GAG,1.45
ERR4810616,sensitive,katG,CAA,0.48
ERR4810616,sensitive,katG,CAC,1.67
ERR4810616,sensitive,katG,CCA,0.32
ERR4810616,sensitive,katG,ATT,0.6
ERR4810616,sensitive,katG,ACA,0.19
ERR4810616,sensitive,katG,GAA,0.55
ERR4810616,sensitive,katG,ACC,2.38
ERR4810616,sensitive,katG,GGA,0.25
ERR4810616,sensitive,katG,GCC,1.77
ERR4810616,sensitive,katG,GCT,0.47
ERR4810616,sensitive,katG,AGC,2.0
ERR4810616,sensitive,katG,AAC,1.93
ERR4810616,sensitive,katG,GGC,2.38
ERR4810616,sensitive,katG,TGT,1.33
ERR4810616,sensitive,katG,GTC,2.0
ERR4810616,sensitive,katG,GGT,0.71
ERR4810616,sensitive,katG,CAT,0.33
ERR4810616,sensitive,katG,ATG,1.0
ERR4810616,sensitive,katG,AAA,0.23
ERR4810616,sensitive,katG,TAC,1.52
ERR4810616,sensitive,katG,CAG,1.52
ERR4810616,sensitive,katG,GAC,1.52
ERR4810616,sensitive,katG,TGG,1.0
ERR4810616,sensitive,katG,CGG,1.89
ERR4810616,sensitive,katG,CTC,1.33
ERR4810616,sensitive,katG,AAT,0.07
ERR4810616,sensitive,katG,CTG,3.43
ERR4810616,sensitive,katG,AAG,1.77
ERR4810616,sensitive,katG,GTA,0.23
ERR4810616,sensitive,katG,CCG,2.0
ERR4810616,sensitive,katG,GCG,1.4
ERR4810616,sensitive,katG,TTC,1.77
ERR4810616,sensitive,katG,TAT,0.48
ERR4810616,sensitive,katG,ATC,2.28
ERR4810616,sensitive,katG,GTT,0.31
ERR4810616,sensitive,katG,ACG,1.14
ERR4810616,sensitive,katG,TCG,1.83
ERR4810616,sensitive,katG,GGG,0.66
ERR4810616,sensitive,katG,TTT,0.23
ERR4810616,sensitive,katG,CGC,2.91
ERR4810616,sensitive,katG,CTT,0.48
ERR4810616,sensitive,katG,TTG,0.57
ERR4810616,sensitive,katG,TCA,0.67
ERR4810616,sensitive,katG,TGC,0.67
ERR4810616,sensitive,katG,GAT,0.48
ERR4810616,sensitive,katG,CGT,0.51
ERR4810616,sensitive,katG,ACT,0.29
ERR4810616,sensitive,katG,AGT,0.5
ERR4810616,sensitive,katG,CCT,0.24
ERR4810616,sensitive,katG,TCC,1.0
ERR4810616,sensitive,katG,CGA,0.34
ERR4810616,sensitive,katG,AGA,0.17
ERR4810616,sensitive,katG,GCA,0.36
ERR4810616,sensitive,katG,CTA,0.1
ERR4810616,sensitive,katG,ATA,0.12
ERR4810616,sensitive,katG,TTA,0.1
ERR4810616,sensitive,katG,AGG,0.17
ERR4810616,sensitive,gyrA,ATG,1.0
ERR4810616,sensitive,gyrA,ACA,0.26
ERR4810616,sensitive,gyrA,GAC,1.68
ERR4810616,sensitive,gyrA,ACG,0.77
ERR4810616,sensitive,gyrA,TTG,0.91
ERR4810616,sensitive,gyrA,CCG,2.34
ERR4810616,sensitive,gyrA,CCT,0.28
ERR4810616,sensitive,gyrA,TCG,2.31
ERR4810616,sensitive,gyrA,CTC,0.53
ERR4810616,sensitive,gyrA,CGG,1.95
ERR4810616,sensitive,gyrA,ATC,2.56
ERR4810616,sensitive,gyrA,GAA,0.65
ERR4810616,sensitive,gyrA,GTT,0.7
ERR4810616,sensitive,gyrA,CAG,1.88
ERR4810616,sensitive,gyrA,GAG,1.35
ERR4810616,sensitive,gyrA,CGC,2.92
ERR4810616,sensitive,gyrA,AGC,1.38
ERR4810616,sensitive,gyrA,TAC,1.28
ERR4810616,sensitive,gyrA,TAT,0.72
ERR4810616,sensitive,gyrA,GCG,1.45
ERR4810616,sensitive,gyrA,GTG,1.74
ERR4810616,sensitive,gyrA,GTC,1.45
ERR4810616,sensitive,gyrA,GGC,2.26
ERR4810616,sensitive,gyrA,CTG,4.18
ERR4810616,sensitive,gyrA,GGG,0.64
ERR4810616,sensitive,gyrA,AAG,1.28
ERR4810616,sensitive,gyrA,CCC,0.97
ERR4810616,sensitive,gyrA,CAT,0.14
ERR4810616,sensitive,gyrA,GCA,0.43
ERR4810616,sensitive,gyrA,TTC,1.88
ERR4810616,sensitive,gyrA,GAT,0.32
ERR4810616,sensitive,gyrA,TCC,1.69
ERR4810616,sensitive,gyrA,CAC,1.86
ERR4810616,sensitive,gyrA,GCC,2.07
ERR4810616,sensitive,gyrA,ACC,2.55
ERR4810616,sensitive,gyrA,AAC,1.38
ERR4810616,sensitive,gyrA,TGG,1.0
ERR4810616,sensitive,gyrA,CCA,0.41
ERR4810616,sensitive,gyrA,AAT,0.62
ERR4810616,sensitive,gyrA,AGG,0.38
ERR4810616,sensitive,gyrA,CAA,0.12
ERR4810616,sensitive,gyrA,CTA,0.15
ERR4810616,sensitive,gyrA,TCA,0.31
ERR4810616,sensitive,gyrA,CGT,0.53
ERR4810616,sensitive,gyrA,AAA,0.72
ERR4810616,sensitive,gyrA,GGA,0.52
ERR4810616,sensitive,gyrA,GCT,0.05
ERR4810616,sensitive,gyrA,ACT,0.43
ERR4810616,sensitive,gyrA,ATT,0.44
ERR4810616,sensitive,gyrA,CGA,0.23
ERR4810616,sensitive,gyrA,GTA,0.12
ERR4810616,sensitive,gyrA,GGT,0.58
ERR4810616,sensitive,gyrA,TCT,0.15
ERR4810616,sensitive,gyrA,TTA,0.15
ERR4810616,sensitive,gyrA,CTT,0.08
ERR4810616,sensitive,gyrA,TTT,0.12
ERR4810616,sensitive,gyrA,TGC,1.0
ERR4810616,sensitive,gyrA,TGT,1.0
ERR4810616,sensitive,gyrA,AGT,0.15
ERR4810786,sensitive,rpoB,TTG,0.8
ERR4810786,sensitive,rpoB,GCA,0.24
ERR4810786,sensitive,rpoB,GAT,0.21
ERR4810786,sensitive,rpoB,TCC,1.52
ERR4810786,sensitive,rpoB,CGC,3.18
ERR4810786,sensitive,rpoB,CAG,1.76
ERR4810786,sensitive,rpoB,AGC,1.01
ERR4810786,sensitive,rpoB,AAA,0.24
ERR4810786,sensitive,rpoB,ACA,0.13
ERR4810786,sensitive,rpoB,GCC,2.22
ERR4810786,sensitive,rpoB,GCT,0.24
ERR4810786,sensitive,rpoB,AGT,0.59
ERR4810786,sensitive,rpoB,CCT,0.18
ERR4810786,sensitive,rpoB,CCG,2.65
ERR4810786,sensitive,rpoB,CAA,0.24
ERR4810786,sensitive,rpoB,TCG,2.45
ERR4810786,sensitive,rpoB,AAT,0.15
ERR4810786,sensitive,rpoB,AAC,1.85
ERR4810786,sensitive,rpoB,GTA,0.04
ERR4810786,sensitive,rpoB,CCC,0.92
ERR4810786,sensitive,rpoB,GGA,0.12
ERR4810786,sensitive,rpoB,GCG,1.3
ERR4810786,sensitive,rpoB,CCA,0.25
ERR4810786,sensitive,rpoB,CGG,1.66
ERR4810786,sensitive,rpoB,GTC,1.69
ERR4810786,sensitive,rpoB,TTC,1.82
ERR4810786,sensitive,rpoB,AAG,1.76
ERR4810786,sensitive,rpoB,CTG,4.14
ERR4810786,sensitive,rpoB,GAA,0.37
ERR4810786,sensitive,rpoB,CTT,0.25
ERR4810786,sensitive,rpoB,GAG,1.63
ERR4810786,sensitive,rpoB,GTT,0.25
ERR4810786,sensitive,rpoB,CTC,0.74
ERR4810786,sensitive,rpoB,GAC,1.79
ERR4810786,sensitive,rpoB,ACC,2.6
ERR4810786,sensitive,rpoB,TGG,1.0
ERR4810786,sensitive,rpoB,ATC,2.63
ERR4810786,sensitive,rpoB,GGT,1.08
ERR4810786,sensitive,rpoB,GTG,2.02
ERR4810786,sensitive,rpoB,GGC,2.08
ERR4810786,sensitive,rpoB,TAC,1.75
ERR4810786,sensitive,rpoB,TCT,0.25
ERR4810786,sensitive,rpoB,GGG,0.71
ERR4810786,sensitive,rpoB,ATG,1.0
ERR4810786,sensitive,rpoB,CGT,0.8
ERR4810786,sensitive,rpoB,TGC,1.56
ERR4810786,sensitive,rpoB,ACG,1.02
ERR4810786,sensitive,rpoB,ATT,0.37
ERR4810786,sensitive,rpoB,CAC,1.82
ERR4810786,sensitive,rpoB,TTT,0.18
ERR4810786,sensitive,rpoB,CGA,0.29
ERR4810786,sensitive,rpoB,TCA,0.17
ERR4810786,sensitive,rpoB,TAT,0.25
ERR4810786,sensitive,rpoB,CAT,0.18
ERR4810786,sensitive,rpoB,ACT,0.25
ERR4810786,sensitive,rpoB,TGT,0.44
ERR4810786,sensitive,rpoB,AGG,0.07
ERR4810786,sensitive,rpoB,CTA,0.06
ERR4810786,sensitive,katG,GTG,1.46
ERR4810786,sensitive,katG,CCC,1.44
ERR4810786,sensitive,katG,GAG,1.45
ERR4810786,sensitive,katG,CAA,0.48
ERR4810786,sensitive,katG,CAC,1.67
ERR4810786,sensitive,katG,CCA,0.32
ERR4810786,sensitive,katG,ATT,0.6
ERR4810786,sensitive,katG,ACA,0.19
ERR4810786,sensitive,katG,GAA,0.55
ERR4810786,sensitive,katG,ACC,2.38
ERR4810786,sensitive,katG,GGA,0.25
ERR4810786,sensitive,katG,GCC,1.77
ERR4810786,sensitive,katG,GCT,0.47
ERR4810786,sensitive,katG,AGC,2.0
ERR4810786,sensitive,katG,AAC,1.93
ERR4810786,sensitive,katG,GGC,2.38
ERR4810786,sensitive,katG,TGT,1.33
ERR4810786,sensitive,katG,GTC,2.0
ERR4810786,sensitive,katG,GGT,0.71
ERR4810786,sensitive,katG,CAT,0.33
ERR4810786,sensitive,katG,ATG,1.0
ERR4810786,sensitive,katG,AAA,0.23
ERR4810786,sensitive,katG,TAC,1.52
ERR4810786,sensitive,katG,CAG,1.52
ERR4810786,sensitive,katG,GAC,1.52
ERR4810786,sensitive,katG,TGG,1.0
ERR4810786,sensitive,katG,CGG,1.89
ERR4810786,sensitive,katG,CTC,1.33
ERR4810786,sensitive,katG,AAT,0.07
ERR4810786,sensitive,katG,CTG,3.43
ERR4810786,sensitive,katG,AAG,1.77
ERR4810786,sensitive,katG,GTA,0.23
ERR4810786,sensitive,katG,CCG,2.0
ERR4810786,sensitive,katG,GCG,1.4
ERR4810786,sensitive,katG,TTC,1.77
ERR4810786,sensitive,katG,TAT,0.48
ERR4810786,sensitive,katG,ATC,2.28
ERR4810786,sensitive,katG,GTT,0.31
ERR4810786,sensitive,katG,ACG,1.14
ERR4810786,sensitive,katG,TCG,1.83
ERR4810786,sensitive,katG,GGG,0.66
ERR4810786,sensitive,katG,TTT,0.23
ERR4810786,sensitive,katG,CGC,2.91
ERR4810786,sensitive,katG,CTT,0.48
ERR4810786,sensitive,katG,TTG,0.57
ERR4810786,sensitive,katG,TCA,0.67
ERR4810786,sensitive,katG,TGC,0.67
ERR4810786,sensitive,katG,GAT,0.48
ERR4810786,sensitive,katG,CGT,0.51
ERR4810786,sensitive,katG,ACT,0.29
ERR4810786,sensitive,katG,AGT,0.5
ERR4810786,sensitive,katG,CCT,0.24
ERR4810786,sensitive,katG,TCC,1.0
ERR4810786,sensitive,katG,CGA,0.34
ERR4810786,sensitive,katG,AGA,0.17
ERR4810786,sensitive,katG,GCA,0.36
ERR4810786,sensitive,katG,CTA,0.1
ERR4810786,sensitive,katG,ATA,0.12
ERR4810786,sensitive,katG,TTA,0.1
ERR4810786,sensitive,katG,AGG,0.17
ERR4810786,sensitive,gyrA,ATG,1.0
ERR4810786,sensitive,gyrA,ACA,0.26
ERR4810786,sensitive,gyrA,GAC,1.68
ERR4810786,sensitive,gyrA,ACG,0.77
ERR4810786,sensitive,gyrA,TTG,0.91
ERR4810786,sensitive,gyrA,CCG,2.34
ERR4810786,sensitive,gyrA,CCT,0.28
ERR4810786,sensitive,gyrA,TCG,2.31
ERR4810786,sensitive,gyrA,CTC,0.53
ERR4810786,sensitive,gyrA,CGG,1.95
ERR4810786,sensitive,gyrA,ATC,2.56
ERR4810786,sensitive,gyrA,GAA,0.65
ERR4810786,sensitive,gyrA,GTT,0.7
ERR4810786,sensitive,gyrA,CAG,1.88
ERR4810786,sensitive,gyrA,GAG,1.35
ERR4810786,sensitive,gyrA,CGC,2.92
ERR4810786,sensitive,gyrA,AGC,1.38
ERR4810786,sensitive,gyrA,TAC,1.28
ERR4810786,sensitive,gyrA,TAT,0.72
ERR4810786,sensitive,gyrA,GCG,1.45
ERR4810786,sensitive,gyrA,GTG,1.74
ERR4810786,sensitive,gyrA,GTC,1.45
ERR4810786,sensitive,gyrA,GGC,2.26
ERR4810786,sensitive,gyrA,CTG,4.18
ERR4810786,sensitive,gyrA,GGG,0.64
ERR4810786,sensitive,gyrA,AAG,1.28
ERR4810786,sensitive,gyrA,CCC,0.97
ERR4810786,sensitive,gyrA,CAT,0.14
ERR4810786,sensitive,gyrA,GCA,0.43
ERR4810786,sensitive,gyrA,TTC,1.88
ERR4810786,sensitive,gyrA,GAT,0.32
ERR4810786,sensitive,gyrA,TCC,1.69
ERR4810786,sensitive,gyrA,CAC,1.86
ERR4810786,sensitive,gyrA,GCC,2.07
ERR4810786,sensitive,gyrA,ACC,2.55
ERR4810786,sensitive,gyrA,AAC,1.38
ERR4810786,sensitive,gyrA,TGG,1.0
ERR4810786,sensitive,gyrA,CCA,0.41
ERR4810786,sensitive,gyrA,AAT,0.62
ERR4810786,sensitive,gyrA,AGG,0.38
ERR4810786,sensitive,gyrA,CAA,0.12
ERR4810786,sensitive,gyrA,CTA,0.15
ERR4810786,sensitive,gyrA,TCA,0.31
ERR4810786,sensitive,gyrA,CGT,0.53
ERR4810786,sensitive,gyrA,AAA,0.72
ERR4810786,sensitive,gyrA,GGA,0.52
ERR4810786,sensitive,gyrA,GCT,0.05
ERR4810786,sensitive,gyrA,ACT,0.43
ERR4810786,sensitive,gyrA,ATT,0.44
ERR4810786,sensitive,gyrA,CGA,0.23
ERR4810786,sensitive,gyrA,GTA,0.12
ERR4810786,sensitive,gyrA,GGT,0.58
ERR4810786,sensitive,gyrA,TCT,0.15
ERR4810786,sensitive,gyrA,TTA,0.15
ERR4810786,sensitive,gyrA,CTT,0.08
ERR4810786,sensitive,gyrA,TTT,0.12
ERR4810786,sensitive,gyrA,TGC,1.0
ERR4810786,sensitive,gyrA,TGT,1.0
ERR4810786,sensitive,gyrA,AGT,0.15
ERR4810789,resistant,rpoB,TTG,0.86
ERR4810789,resistant,rpoB,GCA,0.24
ERR4810789,resistant,rpoB,GAT,0.21
ERR4810789,resistant,rpoB,TCC,1.54
ERR4810789,resistant,rpoB,CGC,3.18
ERR4810789,resistant,rpoB,CAG,1.76
ERR4810789,resistant,rpoB,AGC,1.03
ERR4810789,resistant,rpoB,AAA,0.24
ERR4810789,resistant,rpoB,ACA,0.13
ERR4810789,resistant,rpoB,GCC,2.22
ERR4810789,resistant,rpoB,GCT,0.24
ERR4810789,resistant,rpoB,AGT,0.6
ERR4810789,resistant,rpoB,CCT,0.18
ERR4810789,resistant,rpoB,CCG,2.65
ERR4810789,resistant,rpoB,CAA,0.24
ERR4810789,resistant,rpoB,TCG,2.4
ERR4810789,resistant,rpoB,AAT,0.15
ERR4810789,resistant,rpoB,AAC,1.85
ERR4810789,resistant,rpoB,GTA,0.04
ERR4810789,resistant,rpoB,CCC,0.92
ERR4810789,resistant,rpoB,GGA,0.12
ERR4810789,resistant,rpoB,GCG,1.3
ERR4810789,resistant,rpoB,CCA,0.25
ERR4810789,resistant,rpoB,CGG,1.66
ERR4810789,resistant,rpoB,GTC,1.69
ERR4810789,resistant,rpoB,TTC,1.82
ERR4810789,resistant,rpoB,AAG,1.76
ERR4810789,resistant,rpoB,CTG,4.1
ERR4810789,resistant,rpoB,GAA,0.37
ERR4810789,resistant,rpoB,CTT,0.24
ERR4810789,resistant,rpoB,GAG,1.63
ERR4810789,resistant,rpoB,GTT,0.25
ERR4810789,resistant,rpoB,CTC,0.73
ERR4810789,resistant,rpoB,GAC,1.79
ERR4810789,resistant,rpoB,ACC,2.6
ERR4810789,resistant,rpoB,TGG,1.0
ERR4810789,resistant,rpoB,ATC,2.63
ERR4810789,resistant,rpoB,GGT,1.08
ERR4810789,resistant,rpoB,GTG,2.02
ERR4810789,resistant,rpoB,GGC,2.08
ERR4810789,resistant,rpoB,TAC,1.75
ERR4810789,resistant,rpoB,TCT,0.26
ERR4810789,resistant,rpoB,GGG,0.71
ERR4810789,resistant,rpoB,ATG,1.0
ERR4810789,resistant,rpoB,CGT,0.8
ERR4810789,resistant,rpoB,TGC,1.56
ERR4810789,resistant,rpoB,ACG,1.02
ERR4810789,resistant,rpoB,ATT,0.37
ERR4810789,resistant,rpoB,CAC,1.82
ERR4810789,resistant,rpoB,TTT,0.18
ERR4810789,resistant,rpoB,CGA,0.29
ERR4810789,resistant,rpoB,TCA,0.17
ERR4810789,resistant,rpoB,TAT,0.25
ERR4810789,resistant,rpoB,CAT,0.18
ERR4810789,resistant,rpoB,ACT,0.25
ERR4810789,resistant,rpoB,TGT,0.44
ERR4810789,resistant,rpoB,AGG,0.07
ERR4810789,resistant,rpoB,CTA,0.06
ERR4810789,resistant,katG,GTG,1.46
ERR4810789,resistant,katG,CCC,1.44
ERR4810789,resistant,katG,GAG,1.45
ERR4810789,resistant,katG,CAA,0.48
ERR4810789,resistant,katG,CAC,1.67
ERR4810789,resistant,katG,CCA,0.32
ERR4810789,resistant,katG,ATT,0.6
ERR4810789,resistant,katG,ACA,0.19
ERR4810789,resistant,katG,GAA,0.55
ERR4810789,resistant,katG,ACC,2.42
ERR4810789,resistant,katG,GGA,0.25
ERR4810789,resistant,katG,GCC,1.77
ERR4810789,resistant,katG,GCT,0.47
ERR4810789,resistant,katG,AGC,1.89
ERR4810789,resistant,katG,AAC,1.93
ERR4810789,resistant,katG,GGC,2.38
ERR4810789,resistant,katG,TGT,1.33
ERR4810789,resistant,katG,GTC,2.0
ERR4810789,resistant,katG,GGT,0.71
ERR4810789,resistant,katG,CAT,0.33
ERR4810789,resistant,katG,ATG,1.0
ERR4810789,resistant,katG,AAA,0.23
ERR4810789,resistant,katG,TAC,1.52
ERR4810789,resistant,katG,CAG,1.52
ERR4810789,resistant,katG,GAC,1.52
ERR4810789,resistant,katG,TGG,1.0
ERR4810789,resistant,katG,CGG,1.89
ERR4810789,resistant,katG,CTC,1.33
ERR4810789,resistant,katG,AAT,0.07
ERR4810789,resistant,katG,CTG,3.43
ERR4810789,resistant,katG,AAG,1.77
ERR4810789,resistant,katG,GTA,0.23
ERR4810789,resistant,katG,CCG,2.0
ERR4810789,resistant,katG,GCG,1.4
ERR4810789,resistant,katG,TTC,1.77
ERR4810789,resistant,katG,TAT,0.48
ERR4810789,resistant,katG,ATC,2.28
ERR4810789,resistant,katG,GTT,0.31
ERR4810789,resistant,katG,ACG,1.12
ERR4810789,resistant,katG,TCG,1.89
ERR4810789,resistant,katG,GGG,0.66
ERR4810789,resistant,katG,TTT,0.23
ERR4810789,resistant,katG,CGC,2.91
ERR4810789,resistant,katG,CTT,0.48
ERR4810789,resistant,katG,TTG,0.57
ERR4810789,resistant,katG,TCA,0.69
ERR4810789,resistant,katG,TGC,0.67
ERR4810789,resistant,katG,GAT,0.48
ERR4810789,resistant,katG,CGT,0.51
ERR4810789,resistant,katG,ACT,0.28
ERR4810789,resistant,katG,AGT,0.51
ERR4810789,resistant,katG,CCT,0.24
ERR4810789,resistant,katG,TCC,1.03
ERR4810789,resistant,katG,CGA,0.34
ERR4810789,resistant,katG,AGA,0.17
ERR4810789,resistant,katG,GCA,0.36
ERR4810789,resistant,katG,CTA,0.1
ERR4810789,resistant,katG,ATA,0.12
ERR4810789,resistant,katG,TTA,0.1
ERR4810789,resistant,katG,AGG,0.17
ERR4810789,resistant,gyrA,ATG,1.0
ERR4810789,resistant,gyrA,ACA,0.26
ERR4810789,resistant,gyrA,GAC,1.68
ERR4810789,resistant,gyrA,ACG,0.77
ERR4810789,resistant,gyrA,TTG,0.91
ERR4810789,resistant,gyrA,CCG,2.34
ERR4810789,resistant,gyrA,CCT,0.28
ERR4810789,resistant,gyrA,TCG,2.31
ERR4810789,resistant,gyrA,CTC,0.53
ERR4810789,resistant,gyrA,CGG,1.95
ERR4810789,resistant,gyrA,ATC,2.56
ERR4810789,resistant,gyrA,GAA,0.65
ERR4810789,resistant,gyrA,GTT,0.7
ERR4810789,resistant,gyrA,CAG,1.88
ERR4810789,resistant,gyrA,GAG,1.35
ERR4810789,resistant,gyrA,CGC,2.92
ERR4810789,resistant,gyrA,AGC,1.38
ERR4810789,resistant,gyrA,TAC,1.28
ERR4810789,resistant,gyrA,TAT,0.72
ERR4810789,resistant,gyrA,GCG,1.45
ERR4810789,resistant,gyrA,GTG,1.74
ERR4810789,resistant,gyrA,GTC,1.45
ERR4810789,resistant,gyrA,GGC,2.26
ERR4810789,resistant,gyrA,CTG,4.18
ERR4810789,resistant,gyrA,GGG,0.64
ERR4810789,resistant,gyrA,AAG,1.28
ERR4810789,resistant,gyrA,CCC,0.97
ERR4810789,resistant,gyrA,CAT,0.14
ERR4810789,resistant,gyrA,GCA,0.43
ERR4810789,resistant,gyrA,TTC,1.88
ERR4810789,resistant,gyrA,GAT,0.32
ERR4810789,resistant,gyrA,TCC,1.69
ERR4810789,resistant,gyrA,CAC,1.86
ERR4810789,resistant,gyrA,GCC,2.07
ERR4810789,resistant,gyrA,ACC,2.55
ERR4810789,resistant,gyrA,AAC,1.38
ERR4810789,resistant,gyrA,TGG,1.0
ERR4810789,resistant,gyrA,CCA,0.41
ERR4810789,resistant,gyrA,AAT,0.62
ERR4810789,resistant,gyrA,AGG,0.38
ERR4810789,resistant,gyrA,CAA,0.12
ERR4810789,resistant,gyrA,CTA,0.15
ERR4810789,resistant,gyrA,TCA,0.31
ERR4810789,resistant,gyrA,CGT,0.53
ERR4810789,resistant,gyrA,AAA,0.72
ERR4810789,resistant,gyrA,GGA,0.52
ERR4810789,resistant,gyrA,GCT,0.05
ERR4810789,resistant,gyrA,ACT,0.43
ERR4810789,resistant,gyrA,ATT,0.44
ERR4810789,resistant,gyrA,CGA,0.23
ERR4810789,resistant,gyrA,GTA,0.12
ERR4810789,resistant,gyrA,GGT,0.58
ERR4810789,resistant,gyrA,TCT,0.15
ERR4810789,resistant,gyrA,TTA,0.15
ERR4810789,resistant,gyrA,CTT,0.08
ERR4810789,resistant,gyrA,TTT,0.12
ERR4810789,resistant,gyrA,TGC,1.0
ERR4810789,resistant,gyrA,TGT,1.0
ERR4810789,resistant,gyrA,AGT,0.15
ERR4810790,resistant,rpoB,TTG,0.81
ERR4810790,resistant,rpoB,GCA,0.24
ERR4810790,resistant,rpoB,GAT,0.21
ERR4810790,resistant,rpoB,TCC,1.52
ERR4810790,resistant,rpoB,CGC,3.18
ERR4810790,resistant,rpoB,CAG,1.76
ERR4810790,resistant,rpoB,AGC,1.01
ERR4810790,resistant,rpoB,AAA,0.24
ERR4810790,resistant,rpoB,ACA,0.13
ERR4810790,resistant,rpoB,GCC,2.22
ERR4810790,resistant,rpoB,GCT,0.24
ERR4810790,resistant,rpoB,AGT,0.59
ERR4810790,resistant,rpoB,CCT,0.18
ERR4810790,resistant,rpoB,CCG,2.67
ERR4810790,resistant,rpoB,CAA,0.24
ERR4810790,resistant,rpoB,TCG,2.45
ERR4810790,resistant,rpoB,AAT,0.15
ERR4810790,resistant,rpoB,AAC,1.85
ERR4810790,resistant,rpoB,GTA,0.04
ERR4810790,resistant,rpoB,CCC,0.91
ERR4810790,resistant,rpoB,GGA,0.12
ERR4810790,resistant,rpoB,GCG,1.3
ERR4810790,resistant,rpoB,CCA,0.24
ERR4810790,resistant,rpoB,CGG,1.66
ERR4810790,resistant,rpoB,GTC,1.69
ERR4810790,resistant,rpoB,TTC,1.82
ERR4810790,resistant,rpoB,AAG,1.76
ERR4810790,resistant,rpoB,CTG,4.12
ERR4810790,resistant,rpoB,GAA,0.37
ERR4810790,resistant,rpoB,CTT,0.25
ERR4810790,resistant,rpoB,GAG,1.63
ERR4810790,resistant,rpoB,GTT,0.25
ERR4810790,resistant,rpoB,CTC,0.75
ERR4810790,resistant,rpoB,GAC,1.79
ERR4810790,resistant,rpoB,ACC,2.6
ERR4810790,resistant,rpoB,TGG,1.0
ERR4810790,resistant,rpoB,ATC,2.63
ERR4810790,resistant,rpoB,GGT,1.08
ERR4810790,resistant,rpoB,GTG,2.02
ERR4810790,resistant,rpoB,GGC,2.08
ERR4810790,resistant,rpoB,TAC,1.75
ERR4810790,resistant,rpoB,TCT,0.25
ERR4810790,resistant,rpoB,GGG,0.71
ERR4810790,resistant,rpoB,ATG,1.0
ERR4810790,resistant,rpoB,CGT,0.8
ERR4810790,resistant,rpoB,TGC,1.56
ERR4810790,resistant,rpoB,ACG,1.02
ERR4810790,resistant,rpoB,ATT,0.37
ERR4810790,resistant,rpoB,CAC,1.81
ERR4810790,resistant,rpoB,TTT,0.18
ERR4810790,resistant,rpoB,CGA,0.29
ERR4810790,resistant,rpoB,TCA,0.17
ERR4810790,resistant,rpoB,TAT,0.25
ERR4810790,resistant,rpoB,CAT,0.19
ERR4810790,resistant,rpoB,ACT,0.25
ERR4810790,resistant,rpoB,TGT,0.44
ERR4810790,resistant,rpoB,AGG,0.07
ERR4810790,resistant,rpoB,CTA,0.06
ERR4810790,resistant,katG,GTG,1.46
ERR4810790,resistant,katG,CCC,1.44
ERR4810790,resistant,katG,GAG,1.45
ERR4810790,resistant,katG,CAA,0.48
ERR4810790,resistant,katG,CAC,1.67
ERR4810790,resistant,katG,CCA,0.32
ERR4810790,resistant,katG,ATT,0.6
ERR4810790,resistant,katG,ACA,0.19
ERR4810790,resistant,katG,GAA,0.55
ERR4810790,resistant,katG,ACC,2.42
ERR4810790,resistant,katG,GGA,0.25
ERR4810790,resistant,katG,GCC,1.77
ERR4810790,resistant,katG,GCT,0.47
ERR4810790,resistant,katG,AGC,1.89
ERR4810790,resistant,katG,AAC,1.93
ERR4810790,resistant,katG,GGC,2.38
ERR4810790,resistant,katG,TGT,1.33
ERR4810790,resistant,katG,GTC,2.0
ERR4810790,resistant,katG,GGT,0.71
ERR4810790,resistant,katG,CAT,0.33
ERR4810790,resistant,katG,ATG,1.0
ERR4810790,resistant,katG,AAA,0.23
ERR4810790,resistant,katG,TAC,1.52
ERR4810790,resistant,katG,CAG,1.52
ERR4810790,resistant,katG,GAC,1.52
ERR4810790,resistant,katG,TGG,1.0
ERR4810790,resistant,katG,CGG,1.89
ERR4810790,resistant,katG,CTC,1.33
ERR4810790,resistant,katG,AAT,0.07
ERR4810790,resistant,katG,CTG,3.43
ERR4810790,resistant,katG,AAG,1.77
ERR4810790,resistant,katG,GTA,0.23
ERR4810790,resistant,katG,CCG,2.0
ERR4810790,resistant,katG,GCG,1.4
ERR4810790,resistant,katG,TTC,1.77
ERR4810790,resistant,katG,TAT,0.48
ERR4810790,resistant,katG,ATC,2.28
ERR4810790,resistant,katG,GTT,0.31
ERR4810790,resistant,katG,ACG,1.12
ERR4810790,resistant,katG,TCG,1.89
ERR4810790,resistant,katG,GGG,0.66
ERR4810790,resistant,katG,TTT,0.23
ERR4810790,resistant,katG,CGC,2.91
ERR4810790,resistant,katG,CTT,0.48
ERR4810790,resistant,katG,TTG,0.57
ERR4810790,resistant,katG,TCA,0.69
ERR4810790,resistant,katG,TGC,0.67
ERR4810790,resistant,katG,GAT,0.48
ERR4810790,resistant,katG,CGT,0.51
ERR4810790,resistant,katG,ACT,0.28
ERR4810790,resistant,katG,AGT,0.51
ERR4810790,resistant,katG,CCT,0.24
ERR4810790,resistant,katG,TCC,1.03
ERR4810790,resistant,katG,CGA,0.34
ERR4810790,resistant,katG,AGA,0.17
ERR4810790,resistant,katG,GCA,0.36
ERR4810790,resistant,katG,CTA,0.1
ERR4810790,resistant,katG,ATA,0.12
ERR4810790,resistant,katG,TTA,0.1
ERR4810790,resistant,katG,AGG,0.17
ERR4810790,resistant,gyrA,ATG,1.0
ERR4810790,resistant,gyrA,ACA,0.26
ERR4810790,resistant,gyrA,GAC,1.68
ERR4810790,resistant,gyrA,ACG,0.77
ERR4810790,resistant,gyrA,TTG,0.91
ERR4810790,resistant,gyrA,CCG,2.34
ERR4810790,resistant,gyrA,CCT,0.28
ERR4810790,resistant,gyrA,TCG,2.31
ERR4810790,resistant,gyrA,CTC,0.53
ERR4810790,resistant,gyrA,CGG,1.95
ERR4810790,resistant,gyrA,ATC,2.56
ERR4810790,resistant,gyrA,GAA,0.65
ERR4810790,resistant,gyrA,GTT,0.7
ERR4810790,resistant,gyrA,CAG,1.88
ERR4810790,resistant,gyrA,GAG,1.35
ERR4810790,resistant,gyrA,CGC,2.92
ERR4810790,resistant,gyrA,AGC,1.38
ERR4810790,resistant,gyrA,TAC,1.28
ERR4810790,resistant,gyrA,TAT,0.72
ERR4810790,resistant,gyrA,GCG,1.45
ERR4810790,resistant,gyrA,GTG,1.74
ERR4810790,resistant,gyrA,GTC,1.45
ERR4810790,resistant,gyrA,GGC,2.29
ERR4810790,resistant,gyrA,CTG,4.18
ERR4810790,resistant,gyrA,GGG,0.63
ERR4810790,resistant,gyrA,AAG,1.28
ERR4810790,resistant,gyrA,CCC,0.97
ERR4810790,resistant,gyrA,CAT,0.14
ERR4810790,resistant,gyrA,GCA,0.43
ERR4810790,resistant,gyrA,TTC,1.88
ERR4810790,resistant,gyrA,GAT,0.32
ERR4810790,resistant,gyrA,TCC,1.69
ERR4810790,resistant,gyrA,CAC,1.86
ERR4810790,resistant,gyrA,GCC,2.07
ERR4810790,resistant,gyrA,ACC,2.55
ERR4810790,resistant,gyrA,AAC,1.38
ERR4810790,resistant,gyrA,TGG,1.0
ERR4810790,resistant,gyrA,CCA,0.41
ERR4810790,resistant,gyrA,AAT,0.62
ERR4810790,resistant,gyrA,AGG,0.38
ERR4810790,resistant,gyrA,CAA,0.12
ERR4810790,resistant,gyrA,CTA,0.15
ERR4810790,resistant,gyrA,TCA,0.31
ERR4810790,resistant,gyrA,CGT,0.53
ERR4810790,resistant,gyrA,AAA,0.72
ERR4810790,resistant,gyrA,GGA,0.51
ERR4810790,resistant,gyrA,GCT,0.05
ERR4810790,resistant,gyrA,ACT,0.43
ERR4810790,resistant,gyrA,ATT,0.44
ERR4810790,resistant,gyrA,CGA,0.23
ERR4810790,resistant,gyrA,GTA,0.12
ERR4810790,resistant,gyrA,GGT,0.57
ERR4810790,resistant,gyrA,TCT,0.15
ERR4810790,resistant,gyrA,TTA,0.15
ERR4810790,resistant,gyrA,CTT,0.08
ERR4810790,resistant,gyrA,TTT,0.12
ERR4810790,resistant,gyrA,TGC,1.0
ERR4810790,resistant,gyrA,TGT,1.0
ERR4810790,resistant,gyrA,AGT,0.15
ERR4810791,resistant,rpoB,TTG,0.8
ERR4810791,resistant,rpoB,GCA,0.24
ERR4810791,resistant,rpoB,GAT,0.22
ERR4810791,resistant,rpoB,TCC,1.52
ERR4810791,resistant,rpoB,CGC,3.18
ERR4810791,resistant,rpoB,CAG,1.76
ERR4810791,resistant,rpoB,AGC,1.01
ERR4810791,resistant,rpoB,AAA,0.24
ERR4810791,resistant,rpoB,ACA,0.13
ERR4810791,resistant,rpoB,GCC,2.22
ERR4810791,resistant,rpoB,GCT,0.24
ERR4810791,resistant,rpoB,AGT,0.59
ERR4810791,resistant,rpoB,CCT,0.18
ERR4810791,resistant,rpoB,CCG,2.65
ERR4810791,resistant,rpoB,CAA,0.24
ERR4810791,resistant,rpoB,TCG,2.45
ERR4810791,resistant,rpoB,AAT,0.15
ERR4810791,resistant,rpoB,AAC,1.85
ERR4810791,resistant,rpoB,GTA,0.04
ERR4810791,resistant,rpoB,CCC,0.92
ERR4810791,resistant,rpoB,GGA,0.12
ERR4810791,resistant,rpoB,GCG,1.3
ERR4810791,resistant,rpoB,CCA,0.25
ERR4810791,resistant,rpoB,CGG,1.66
ERR4810791,resistant,rpoB,GTC,1.69
ERR4810791,resistant,rpoB,TTC,1.82
ERR4810791,resistant,rpoB,AAG,1.76
ERR4810791,resistant,rpoB,CTG,4.1
ERR4810791,resistant,rpoB,GAA,0.37
ERR4810791,resistant,rpoB,CTT,0.24
ERR4810791,resistant,rpoB,GAG,1.63
ERR4810791,resistant,rpoB,GTT,0.25
ERR4810791,resistant,rpoB,CTC,0.8
ERR4810791,resistant,rpoB,GAC,1.78
ERR4810791,resistant,rpoB,ACC,2.6
ERR4810791,resistant,rpoB,TGG,1.0
ERR4810791,resistant,rpoB,ATC,2.62
ERR4810791,resistant,rpoB,GGT,1.07
ERR4810791,resistant,rpoB,GTG,2.02
ERR4810791,resistant,rpoB,GGC,2.1
ERR4810791,resistant,rpoB,TAC,1.75
ERR4810791,resistant,rpoB,TCT,0.25
ERR4810791,resistant,rpoB,GGG,0.7
ERR4810791,resistant,rpoB,ATG,1.0
ERR4810791,resistant,rpoB,CGT,0.8
ERR4810791,resistant,rpoB,TGC,1.56
ERR4810791,resistant,rpoB,ACG,1.02
ERR4810791,resistant,rpoB,ATT,0.38
ERR4810791,resistant,rpoB,CAC,1.82
ERR4810791,resistant,rpoB,TTT,0.18
ERR4810791,resistant,rpoB,CGA,0.29
ERR4810791,resistant,rpoB,TCA,0.17
ERR4810791,resistant,rpoB,TAT,0.25
ERR4810791,resistant,rpoB,CAT,0.18
ERR4810791,resistant,rpoB,ACT,0.25
ERR4810791,resistant,rpoB,TGT,0.44
ERR4810791,resistant,rpoB,AGG,0.07
ERR4810791,resistant,rpoB,CTA,0.06
ERR4810791,resistant,katG,GTG,1.46
ERR4810791,resistant,katG,CCC,1.44
ERR4810791,resistant,katG,GAG,1.45
ERR4810791,resistant,katG,CAA,0.48
ERR4810791,resistant,katG,CAC,1.67
ERR4810791,resistant,katG,CCA,0.32
ERR4810791,resistant,katG,ATT,0.6
ERR4810791,resistant,katG,ACA,0.19
ERR4810791,resistant,katG,GAA,0.55
ERR4810791,resistant,katG,ACC,2.42
ERR4810791,resistant,katG,GGA,0.25
ERR4810791,resistant,katG,GCC,1.77
ERR4810791,resistant,katG,GCT,0.47
ERR4810791,resistant,katG,AGC,1.89
ERR4810791,resistant,katG,AAC,1.93
ERR4810791,resistant,katG,GGC,2.38
ERR4810791,resistant,katG,TGT,1.33
ERR4810791,resistant,katG,GTC,2.0
ERR4810791,resistant,katG,GGT,0.71
ERR4810791,resistant,katG,CAT,0.33
ERR4810791,resistant,katG,ATG,1.0
ERR4810791,resistant,katG,AAA,0.23
ERR4810791,resistant,katG,TAC,1.52
ERR4810791,resistant,katG,CAG,1.52
ERR4810791,resistant,katG,GAC,1.52
ERR4810791,resistant,katG,TGG,1.0
ERR4810791,resistant,katG,CGG,1.89
ERR4810791,resistant,katG,CTC,1.33
ERR4810791,resistant,katG,AAT,0.07
ERR4810791,resistant,katG,CTG,3.43
ERR4810791,resistant,katG,AAG,1.77
ERR4810791,resistant,katG,GTA,0.23
ERR4810791,resistant,katG,CCG,2.0
ERR4810791,resistant,katG,GCG,1.4
ERR4810791,resistant,katG,TTC,1.77
ERR4810791,resistant,katG,TAT,0.48
ERR4810791,resistant,katG,ATC,2.28
ERR4810791,resistant,katG,GTT,0.31
ERR4810791,resistant,katG,ACG,1.12
ERR4810791,resistant,katG,TCG,1.89
ERR4810791,resistant,katG,GGG,0.66
ERR4810791,resistant,katG,TTT,0.23
ERR4810791,resistant,katG,CGC,2.91
ERR4810791,resistant,katG,CTT,0.48
ERR4810791,resistant,katG,TTG,0.57
ERR4810791,resistant,katG,TCA,0.69
ERR4810791,resistant,katG,TGC,0.67
ERR4810791,resistant,katG,GAT,0.48
ERR4810791,resistant,katG,CGT,0.51
ERR4810791,resistant,katG,ACT,0.28
ERR4810791,resistant,katG,AGT,0.51
ERR4810791,resistant,katG,CCT,0.24
ERR4810791,resistant,katG,TCC,1.03
ERR4810791,resistant,katG,CGA,0.34
ERR4810791,resistant,katG,AGA,0.17
ERR4810791,resistant,katG,GCA,0.36
ERR4810791,resistant,katG,CTA,0.1
ERR4810791,resistant,katG,ATA,0.12
ERR4810791,resistant,katG,TTA,0.1
ERR4810791,resistant,katG,AGG,0.17
ERR4810791,resistant,gyrA,ATG,1.0
ERR4810791,resistant,gyrA,ACA,0.26
ERR4810791,resistant,gyrA,GAC,1.68
ERR4810791,resistant,gyrA,ACG,0.77
ERR4810791,resistant,gyrA,TTG,0.91
ERR4810791,resistant,gyrA,CCG,2.34
ERR4810791,resistant,gyrA,CCT,0.28
ERR4810791,resistant,gyrA,TCG,2.31
ERR4810791,resistant,gyrA,CTC,0.53
ERR4810791,resistant,gyrA,CGG,1.95
ERR4810791,resistant,gyrA,ATC,2.56
ERR4810791,resistant,gyrA,GAA,0.65
ERR4810791,resistant,gyrA,GTT,0.7
ERR4810791,resistant,gyrA,CAG,1.88
ERR4810791,resistant,gyrA,GAG,1.35
ERR4810791,resistant,gyrA,CGC,2.92
ERR4810791,resistant,gyrA,AGC,1.38
ERR4810791,resistant,gyrA,TAC,1.28
ERR4810791,resistant,gyrA,TAT,0.72
ERR4810791,resistant,gyrA,GCG,1.45
ERR4810791,resistant,gyrA,GTG,1.74
ERR4810791,resistant,gyrA,GTC,1.45
ERR4810791,resistant,gyrA,GGC,2.26
ERR4810791,resistant,gyrA,CTG,4.18
ERR4810791,resistant,gyrA,GGG,0.64
ERR4810791,resistant,gyrA,AAG,1.28
ERR4810791,resistant,gyrA,CCC,0.97
ERR4810791,resistant,gyrA,CAT,0.14
ERR4810791,resistant,gyrA,GCA,0.43
ERR4810791,resistant,gyrA,TTC,1.88
ERR4810791,resistant,gyrA,GAT,0.32
ERR4810791,resistant,gyrA,TCC,1.69
ERR4810791,resistant,gyrA,CAC,1.86
ERR4810791,resistant,gyrA,GCC,2.07
ERR4810791,resistant,gyrA,ACC,2.55
ERR4810791,resistant,gyrA,AAC,1.38
ERR4810791,resistant,gyrA,TGG,1.0
ERR4810791,resistant,gyrA,CCA,0.41
ERR4810791,resistant,gyrA,AAT,0.62
ERR4810791,resistant,gyrA,AGG,0.38
ERR4810791,resistant,gyrA,CAA,0.12
ERR4810791,resistant,gyrA,CTA,0.15
ERR4810791,resistant,gyrA,TCA,0.31
ERR4810791,resistant,gyrA,CGT,0.53
ERR4810791,resistant,gyrA,AAA,0.72
ERR4810791,resistant,gyrA,GGA,0.52
ERR4810791,resistant,gyrA,GCT,0.05
ERR4810791,resistant,gyrA,ACT,0.43
ERR4810791,resistant,gyrA,ATT,0.44
ERR4810791,resistant,gyrA,CGA,0.23
ERR4810791,resistant,gyrA,GTA,0.12
ERR4810791,resistant,gyrA,GGT,0.58
ERR4810791,resistant,gyrA,TCT,0.15
ERR4810791,resistant,gyrA,TTA,0.15
ERR4810791,resistant,gyrA,CTT,0.08
ERR4810791,resistant,gyrA,TTT,0.12
ERR4810791,resistant,gyrA,TGC,1.0
ERR4810791,resistant,gyrA,TGT,1.0
ERR4810791,resistant,gyrA,AGT,0.15
ERR4810792,resistant,rpoB,TTG,0.86
ERR4810792,resistant,rpoB,GCA,0.24
ERR4810792,resistant,rpoB,GAT,0.21
ERR4810792,resistant,rpoB,TCC,1.54
ERR4810792,resistant,rpoB,CGC,3.18
ERR4810792,resistant,rpoB,CAG,1.76
ERR4810792,resistant,rpoB,AGC,1.03
ERR4810792,resistant,rpoB,AAA,0.24
ERR4810792,resistant,rpoB,ACA,0.13
ERR4810792,resistant,rpoB,GCC,2.22
ERR4810792,resistant,rpoB,GCT,0.24
ERR4810792,resistant,rpoB,AGT,0.6
ERR4810792,resistant,rpoB,CCT,0.18
ERR4810792,resistant,rpoB,CCG,2.65
ERR4810792,resistant,rpoB,CAA,0.24
ERR4810792,resistant,rpoB,TCG,2.4
ERR4810792,resistant,rpoB,AAT,0.15
ERR4810792,resistant,rpoB,AAC,1.85
ERR4810792,resistant,rpoB,GTA,0.04
ERR4810792,resistant,rpoB,CCC,0.92
ERR4810792,resistant,rpoB,GGA,0.12
ERR4810792,resistant,rpoB,GCG,1.3
ERR4810792,resistant,rpoB,CCA,0.25
ERR4810792,resistant,rpoB,CGG,1.66
ERR4810792,resistant,rpoB,GTC,1.69
ERR4810792,resistant,rpoB,TTC,1.82
ERR4810792,resistant,rpoB,AAG,1.76
ERR4810792,resistant,rpoB,CTG,4.1
ERR4810792,resistant,rpoB,GAA,0.37
ERR4810792,resistant,rpoB,CTT,0.24
ERR4810792,resistant,rpoB,GAG,1.63
ERR4810792,resistant,rpoB,GTT,0.25
ERR4810792,resistant,rpoB,CTC,0.73
ERR4810792,resistant,rpoB,GAC,1.79
ERR4810792,resistant,rpoB,ACC,2.6
ERR4810792,resistant,rpoB,TGG,1.0
ERR4810792,resistant,rpoB,ATC,2.63
ERR4810792,resistant,rpoB,GGT,1.08
ERR4810792,resistant,rpoB,GTG,2.02
ERR4810792,resistant,rpoB,GGC,2.08
ERR4810792,resistant,rpoB,TAC,1.75
ERR4810792,resistant,rpoB,TCT,0.26
ERR4810792,resistant,rpoB,GGG,0.71
ERR4810792,resistant,rpoB,ATG,1.0
ERR4810792,resistant,rpoB,CGT,0.8
ERR4810792,resistant,rpoB,TGC,1.56
ERR4810792,resistant,rpoB,ACG,1.02
ERR4810792,resistant,rpoB,ATT,0.37
ERR4810792,resistant,rpoB,CAC,1.82
ERR4810792,resistant,rpoB,TTT,0.18
ERR4810792,resistant,rpoB,CGA,0.29
ERR4810792,resistant,rpoB,TCA,0.17
ERR4810792,resistant,rpoB,TAT,0.25
ERR4810792,resistant,rpoB,CAT,0.18
ERR4810792,resistant,rpoB,ACT,0.25
ERR4810792,resistant,rpoB,TGT,0.44
ERR4810792,resistant,rpoB,AGG,0.07
ERR4810792,resistant,rpoB,CTA,0.06
ERR4810792,resistant,katG,GTG,1.46
ERR4810792,resistant,katG,CCC,1.44
ERR4810792,resistant,katG,GAG,1.45
ERR4810792,resistant,katG,CAA,0.48
ERR4810792,resistant,katG,CAC,1.67
ERR4810792,resistant,katG,CCA,0.32
ERR4810792,resistant,katG,ATT,0.6
ERR4810792,resistant,katG,ACA,0.19
ERR4810792,resistant,katG,GAA,0.55
ERR4810792,resistant,katG,ACC,2.42
ERR4810792,resistant,katG,GGA,0.25
ERR4810792,resistant,katG,GCC,1.77
ERR4810792,resistant,katG,GCT,0.47
ERR4810792,resistant,katG,AGC,1.89
ERR4810792,resistant,katG,AAC,1.93
ERR4810792,resistant,katG,GGC,2.38
ERR4810792,resistant,katG,TGT,1.33
ERR4810792,resistant,katG,GTC,2.0
ERR4810792,resistant,katG,GGT,0.71
ERR4810792,resistant,katG,CAT,0.33
ERR4810792,resistant,katG,ATG,1.0
ERR4810792,resistant,katG,AAA,0.23
ERR4810792,resistant,katG,TAC,1.52
ERR4810792,resistant,katG,CAG,1.52
ERR4810792,resistant,katG,GAC,1.52
ERR4810792,resistant,katG,TGG,1.0
ERR4810792,resistant,katG,CGG,1.89
ERR4810792,resistant,katG,CTC,1.33
ERR4810792,resistant,katG,AAT,0.07
ERR4810792,resistant,katG,CTG,3.43
ERR4810792,resistant,katG,AAG,1.77
ERR4810792,resistant,katG,GTA,0.23
ERR4810792,resistant,katG,CCG,2.0
ERR4810792,resistant,katG,GCG,1.4
ERR4810792,resistant,katG,TTC,1.77
ERR4810792,resistant,katG,TAT,0.48
ERR4810792,resistant,katG,ATC,2.28
ERR4810792,resistant,katG,GTT,0.31
ERR4810792,resistant,katG,ACG,1.12
ERR4810792,resistant,katG,TCG,1.89
ERR4810792,resistant,katG,GGG,0.66
ERR4810792,resistant,katG,TTT,0.23
ERR4810792,resistant,katG,CGC,2.91
ERR4810792,resistant,katG,CTT,0.48
ERR4810792,resistant,katG,TTG,0.57
ERR4810792,resistant,katG,TCA,0.69
ERR4810792,resistant,katG,TGC,0.67
ERR4810792,resistant,katG,GAT,0.48
ERR4810792,resistant,katG,CGT,0.51
ERR4810792,resistant,katG,ACT,0.28
ERR4810792,resistant,katG,AGT,0.51
ERR4810792,resistant,katG,CCT,0.24
ERR4810792,resistant,katG,TCC,1.03
ERR4810792,resistant,katG,CGA,0.34
ERR4810792,resistant,katG,AGA,0.17
ERR4810792,resistant,katG,GCA,0.36
ERR4810792,resistant,katG,CTA,0.1
ERR4810792,resistant,katG,ATA,0.12
ERR4810792,resistant,katG,TTA,0.1
ERR4810792,resistant,katG,AGG,0.17
ERR4810792,resistant,gyrA,ATG,1.0
ERR4810792,resistant,gyrA,ACA,0.26
ERR4810792,resistant,gyrA,GAC,1.68
ERR4810792,resistant,gyrA,ACG,0.77
ERR4810792,resistant,gyrA,TTG,0.91
ERR4810792,resistant,gyrA,CCG,2.34
ERR4810792,resistant,gyrA,CCT,0.28
ERR4810792,resistant,gyrA,TCG,2.31
ERR4810792,resistant,gyrA,CTC,0.53
ERR4810792,resistant,gyrA,CGG,1.95
ERR4810792,resistant,gyrA,ATC,2.56
ERR4810792,resistant,gyrA,GAA,0.65
ERR4810792,resistant,gyrA,GTT,0.69
ERR4810792,resistant,gyrA,CAG,1.88
ERR4810792,resistant,gyrA,GAG,1.35
ERR4810792,resistant,gyrA,CGC,2.92
ERR4810792,resistant,gyrA,AGC,1.38
ERR4810792,resistant,gyrA,TAC,1.28
ERR4810792,resistant,gyrA,TAT,0.72
ERR4810792,resistant,gyrA,GCG,1.41
ERR4810792,resistant,gyrA,GTG,1.77
ERR4810792,resistant,gyrA,GTC,1.43
ERR4810792,resistant,gyrA,GGC,2.26
ERR4810792,resistant,gyrA,CTG,4.18
ERR4810792,resistant,gyrA,GGG,0.64
ERR4810792,resistant,gyrA,AAG,1.28
ERR4810792,resistant,gyrA,CCC,0.97
ERR4810792,resistant,gyrA,CAT,0.14
ERR4810792,resistant,gyrA,GCA,0.44
ERR4810792,resistant,gyrA,TTC,1.88
ERR4810792,resistant,gyrA,GAT,0.32
ERR4810792,resistant,gyrA,TCC,1.69
ERR4810792,resistant,gyrA,CAC,1.86
ERR4810792,resistant,gyrA,GCC,2.1
ERR4810792,resistant,gyrA,ACC,2.55
ERR4810792,resistant,gyrA,AAC,1.38
ERR4810792,resistant,gyrA,TGG,1.0
ERR4810792,resistant,gyrA,CCA,0.41
ERR4810792,resistant,gyrA,AAT,0.62
ERR4810792,resistant,gyrA,AGG,0.38
ERR4810792,resistant,gyrA,CAA,0.12
ERR4810792,resistant,gyrA,CTA,0.15
ERR4810792,resistant,gyrA,TCA,0.31
ERR4810792,resistant,gyrA,CGT,0.53
ERR4810792,resistant,gyrA,AAA,0.72
ERR4810792,resistant,gyrA,GGA,0.52
ERR4810792,resistant,gyrA,GCT,0.05
ERR4810792,resistant,gyrA,ACT,0.43
ERR4810792,resistant,gyrA,ATT,0.44
ERR4810792,resistant,gyrA,CGA,0.23
ERR4810792,resistant,gyrA,GTA,0.11
ERR4810792,resistant,gyrA,GGT,0.58
ERR4810792,resistant,gyrA,TCT,0.15
ERR4810792,resistant,gyrA,TTA,0.15
ERR4810792,resistant,gyrA,CTT,0.08
ERR4810792,resistant,gyrA,TTT,0.12
ERR4810792,resistant,gyrA,TGC,1.0
ERR4810792,resistant,gyrA,TGT,1.0
ERR4810792,resistant,gyrA,AGT,0.15
ERR4810793,resistant,rpoB,TTG,0.8
ERR4810793,resistant,rpoB,GCA,0.24
ERR4810793,resistant,rpoB,GAT,0.22
ERR4810793,resistant,rpoB,TCC,1.52
ERR4810793,resistant,rpoB,CGC,3.18
ERR4810793,resistant,rpoB,CAG,1.76
ERR4810793,resistant,rpoB,AGC,1.01
ERR4810793,resistant,rpoB,AAA,0.24
ERR4810793,resistant,rpoB,ACA,0.13
ERR4810793,resistant,rpoB,GCC,2.22
ERR4810793,resistant,rpoB,GCT,0.24
ERR4810793,resistant,rpoB,AGT,0.59
ERR4810793,resistant,rpoB,CCT,0.18
ERR4810793,resistant,rpoB,CCG,2.65
ERR4810793,resistant,rpoB,CAA,0.24
ERR4810793,resistant,rpoB,TCG,2.45
ERR4810793,resistant,rpoB,AAT,0.15
ERR4810793,resistant,rpoB,AAC,1.85
ERR4810793,resistant,rpoB,GTA,0.04
ERR4810793,resistant,rpoB,CCC,0.92
ERR4810793,resistant,rpoB,GGA,0.12
ERR4810793,resistant,rpoB,GCG,1.3
ERR4810793,resistant,rpoB,CCA,0.25
ERR4810793,resistant,rpoB,CGG,1.66
ERR4810793,resistant,rpoB,GTC,1.69
ERR4810793,resistant,rpoB,TTC,1.82
ERR4810793,resistant,rpoB,AAG,1.76
ERR4810793,resistant,rpoB,CTG,4.1
ERR4810793,resistant,rpoB,GAA,0.37
ERR4810793,resistant,rpoB,CTT,0.24
ERR4810793,resistant,rpoB,GAG,1.63
ERR4810793,resistant,rpoB,GTT,0.25
ERR4810793,resistant,rpoB,CTC,0.8
ERR4810793,resistant,rpoB,GAC,1.78
ERR4810793,resistant,rpoB,ACC,2.6
ERR4810793,resistant,rpoB,TGG,1.0
ERR4810793,resistant,rpoB,ATC,2.62
ERR4810793,resistant,rpoB,GGT,1.07
ERR4810793,resistant,rpoB,GTG,2.02
ERR4810793,resistant,rpoB,GGC,2.1
ERR4810793,resistant,rpoB,TAC,1.75
ERR4810793,resistant,rpoB,TCT,0.25
ERR4810793,resistant,rpoB,GGG,0.7
ERR4810793,resistant,rpoB,ATG,1.0
ERR4810793,resistant,rpoB,CGT,0.8
ERR4810793,resistant,rpoB,TGC,1.56
ERR4810793,resistant,rpoB,ACG,1.02
ERR4810793,resistant,rpoB,ATT,0.38
ERR4810793,resistant,rpoB,CAC,1.82
ERR4810793,resistant,rpoB,TTT,0.18
ERR4810793,resistant,rpoB,CGA,0.29
ERR4810793,resistant,rpoB,TCA,0.17
ERR4810793,resistant,rpoB,TAT,0.25
ERR4810793,resistant,rpoB,CAT,0.18
ERR4810793,resistant,rpoB,ACT,0.25
ERR4810793,resistant,rpoB,TGT,0.44
ERR4810793,resistant,rpoB,AGG,0.07
ERR4810793,resistant,rpoB,CTA,0.06
ERR4810793,resistant,katG,GTG,1.46
ERR4810793,resistant,katG,CCC,1.44
ERR4810793,resistant,katG,GAG,1.45
ERR4810793,resistant,katG,CAA,0.48
ERR4810793,resistant,katG,CAC,1.67
ERR4810793,resistant,katG,CCA,0.32
ERR4810793,resistant,katG,ATT,0.6
ERR4810793,resistant,katG,ACA,0.19
ERR4810793,resistant,katG,GAA,0.55
ERR4810793,resistant,katG,ACC,2.42
ERR4810793,resistant,katG,GGA,0.25
ERR4810793,resistant,katG,GCC,1.77
ERR4810793,resistant,katG,GCT,0.47
ERR4810793,resistant,katG,AGC,1.89
ERR4810793,resistant,katG,AAC,1.93
ERR4810793,resistant,katG,GGC,2.38
ERR4810793,resistant,katG,TGT,1.33
ERR4810793,resistant,katG,GTC,2.0
ERR4810793,resistant,katG,GGT,0.71
ERR4810793,resistant,katG,CAT,0.33
ERR4810793,resistant,katG,ATG,1.0
ERR4810793,resistant,katG,AAA,0.23
ERR4810793,resistant,katG,TAC,1.52
ERR4810793,resistant,katG,CAG,1.52
ERR4810793,resistant,katG,GAC,1.52
ERR4810793,resistant,katG,TGG,1.0
ERR4810793,resistant,katG,CGG,1.89
ERR4810793,resistant,katG,CTC,1.33
ERR4810793,resistant,katG,AAT,0.07
ERR4810793,resistant,katG,CTG,3.43
ERR4810793,resistant,katG,AAG,1.77
ERR4810793,resistant,katG,GTA,0.23
ERR4810793,resistant,katG,CCG,2.0
ERR4810793,resistant,katG,GCG,1.4
ERR4810793,resistant,katG,TTC,1.77
ERR4810793,resistant,katG,TAT,0.48
ERR4810793,resistant,katG,ATC,2.28
ERR4810793,resistant,katG,GTT,0.31
ERR4810793,resistant,katG,ACG,1.12
ERR4810793,resistant,katG,TCG,1.89
ERR4810793,resistant,katG,GGG,0.66
ERR4810793,resistant,katG,TTT,0.23
ERR4810793,resistant,katG,CGC,2.91
ERR4810793,resistant,katG,CTT,0.48
ERR4810793,resistant,katG,TTG,0.57
ERR4810793,resistant,katG,TCA,0.69
ERR4810793,resistant,katG,TGC,0.67
ERR4810793,resistant,katG,GAT,0.48
ERR4810793,resistant,katG,CGT,0.51
ERR4810793,resistant,katG,ACT,0.28
ERR4810793,resistant,katG,AGT,0.51
ERR4810793,resistant,katG,CCT,0.24
ERR4810793,resistant,katG,TCC,1.03
ERR4810793,resistant,katG,CGA,0.34
ERR4810793,resistant,katG,AGA,0.17
ERR4810793,resistant,katG,GCA,0.36
ERR4810793,resistant,katG,CTA,0.1
ERR4810793,resistant,katG,ATA,0.12
ERR4810793,resistant,katG,TTA,0.1
ERR4810793,resistant,katG,AGG,0.17
ERR4810793,resistant,gyrA,ATG,1.0
ERR4810793,resistant,gyrA,ACA,0.26
ERR4810793,resistant,gyrA,GAC,1.68
ERR4810793,resistant,gyrA,ACG,0.77
ERR4810793,resistant,gyrA,TTG,0.91
ERR4810793,resistant,gyrA,CCG,2.34
ERR4810793,resistant,gyrA,CCT,0.28
ERR4810793,resistant,gyrA,TCG,2.31
ERR4810793,resistant,gyrA,CTC,0.53
ERR4810793,resistant,gyrA,CGG,1.95
ERR4810793,resistant,gyrA,ATC,2.56
ERR4810793,resistant,gyrA,GAA,0.65
ERR4810793,resistant,gyrA,GTT,0.7
ERR4810793,resistant,gyrA,CAG,1.88
ERR4810793,resistant,gyrA,GAG,1.35
ERR4810793,resistant,gyrA,CGC,2.92
ERR4810793,resistant,gyrA,AGC,1.38
ERR4810793,resistant,gyrA,TAC,1.28
ERR4810793,resistant,gyrA,TAT,0.72
ERR4810793,resistant,gyrA,GCG,1.45
ERR4810793,resistant,gyrA,GTG,1.74
ERR4810793,resistant,gyrA,GTC,1.45
ERR4810793,resistant,gyrA,GGC,2.29
ERR4810793,resistant,gyrA,CTG,4.18
ERR4810793,resistant,gyrA,GGG,0.63
ERR4810793,resistant,gyrA,AAG,1.28
ERR4810793,resistant,gyrA,CCC,0.97
ERR4810793,resistant,gyrA,CAT,0.14
ERR4810793,resistant,gyrA,GCA,0.43
ERR4810793,resistant,gyrA,TTC,1.88
ERR4810793,resistant,gyrA,GAT,0.32
ERR4810793,resistant,gyrA,TCC,1.69
ERR4810793,resistant,gyrA,CAC,1.86
ERR4810793,resistant,gyrA,GCC,2.07
ERR4810793,resistant,gyrA,ACC,2.55
ERR4810793,resistant,gyrA,AAC,1.38
ERR4810793,resistant,gyrA,TGG,1.0
ERR4810793,resistant,gyrA,CCA,0.41
ERR4810793,resistant,gyrA,AAT,0.62
ERR4810793,resistant,gyrA,AGG,0.38
ERR4810793,resistant,gyrA,CAA,0.12
ERR4810793,resistant,gyrA,CTA,0.15
ERR4810793,resistant,gyrA,TCA,0.31
ERR4810793,resistant,gyrA,CGT,0.53
ERR4810793,resistant,gyrA,AAA,0.72
ERR4810793,resistant,gyrA,GGA,0.51
ERR4810793,resistant,gyrA,GCT,0.05
ERR4810793,resistant,gyrA,ACT,0.43
ERR4810793,resistant,gyrA,ATT,0.44
ERR4810793,resistant,gyrA,CGA,0.23
ERR4810793,resistant,gyrA,GTA,0.12
ERR4810793,resistant,gyrA,GGT,0.57
ERR4810793,resistant,gyrA,TCT,0.15
ERR4810793,resistant,gyrA,TTA,0.15
ERR4810793,resistant,gyrA,CTT,0.08
ERR4810793,resistant,gyrA,TTT,0.12
ERR4810793,resistant,gyrA,TGC,1.0
ERR4810793,resistant,gyrA,TGT,1.0
ERR4810793,resistant,gyrA,AGT,0.15
ERR4810794,resistant,rpoB,TTG,0.86
ERR4810794,resistant,rpoB,GCA,0.29
ERR4810794,resistant,rpoB,GAT,0.21
ERR4810794,resistant,rpoB,TCC,1.54
ERR4810794,resistant,rpoB,CGC,3.18
ERR4810794,resistant,rpoB,CAG,1.76
ERR4810794,resistant,rpoB,AGC,1.03
ERR4810794,resistant,rpoB,AAA,0.24
ERR4810794,resistant,rpoB,ACA,0.13
ERR4810794,resistant,rpoB,GCC,2.22
ERR4810794,resistant,rpoB,GCT,0.24
ERR4810794,resistant,rpoB,AGT,0.6
ERR4810794,resistant,rpoB,CCT,0.18
ERR4810794,resistant,rpoB,CCG,2.65
ERR4810794,resistant,rpoB,CAA,0.24
ERR4810794,resistant,rpoB,TCG,2.4
ERR4810794,resistant,rpoB,AAT,0.15
ERR4810794,resistant,rpoB,AAC,1.85
ERR4810794,resistant,rpoB,GTA,0.04
ERR4810794,resistant,rpoB,CCC,0.92
ERR4810794,resistant,rpoB,GGA,0.12
ERR4810794,resistant,rpoB,GCG,1.25
ERR4810794,resistant,rpoB,CCA,0.25
ERR4810794,resistant,rpoB,CGG,1.66
ERR4810794,resistant,rpoB,GTC,1.69
ERR4810794,resistant,rpoB,TTC,1.82
ERR4810794,resistant,rpoB,AAG,1.76
ERR4810794,resistant,rpoB,CTG,4.1
ERR4810794,resistant,rpoB,GAA,0.37
ERR4810794,resistant,rpoB,CTT,0.24
ERR4810794,resistant,rpoB,GAG,1.63
ERR4810794,resistant,rpoB,GTT,0.25
ERR4810794,resistant,rpoB,CTC,0.73
ERR4810794,resistant,rpoB,GAC,1.79
ERR4810794,resistant,rpoB,ACC,2.6
ERR4810794,resistant,rpoB,TGG,1.0
ERR4810794,resistant,rpoB,ATC,2.63
ERR4810794,resistant,rpoB,GGT,1.08
ERR4810794,resistant,rpoB,GTG,2.02
ERR4810794,resistant,rpoB,GGC,2.08
ERR4810794,resistant,rpoB,TAC,1.75
ERR4810794,resistant,rpoB,TCT,0.26
ERR4810794,resistant,rpoB,GGG,0.71
ERR4810794,resistant,rpoB,ATG,1.0
ERR4810794,resistant,rpoB,CGT,0.8
ERR4810794,resistant,rpoB,TGC,1.56
ERR4810794,resistant,rpoB,ACG,1.02
ERR4810794,resistant,rpoB,ATT,0.37
ERR4810794,resistant,rpoB,CAC,1.82
ERR4810794,resistant,rpoB,TTT,0.18
ERR4810794,resistant,rpoB,CGA,0.29
ERR4810794,resistant,rpoB,TCA,0.17
ERR4810794,resistant,rpoB,TAT,0.25
ERR4810794,resistant,rpoB,CAT,0.18
ERR4810794,resistant,rpoB,ACT,0.25
ERR4810794,resistant,rpoB,TGT,0.44
ERR4810794,resistant,rpoB,AGG,0.07
ERR4810794,resistant,rpoB,CTA,0.06
ERR4810794,resistant,katG,GTG,1.46
ERR4810794,resistant,katG,CCC,1.44
ERR4810794,resistant,katG,GAG,1.45
ERR4810794,resistant,katG,CAA,0.48
ERR4810794,resistant,katG,CAC,1.67
ERR4810794,resistant,katG,CCA,0.32
ERR4810794,resistant,katG,ATT,0.6
ERR4810794,resistant,katG,ACA,0.19
ERR4810794,resistant,katG,GAA,0.55
ERR4810794,resistant,katG,ACC,2.42
ERR4810794,resistant,katG,GGA,0.25
ERR4810794,resistant,katG,GCC,1.77
ERR4810794,resistant,katG,GCT,0.47
ERR4810794,resistant,katG,AGC,1.89
ERR4810794,resistant,katG,AAC,1.93
ERR4810794,resistant,katG,GGC,2.38
ERR4810794,resistant,katG,TGT,1.33
ERR4810794,resistant,katG,GTC,2.0
ERR4810794,resistant,katG,GGT,0.71
ERR4810794,resistant,katG,CAT,0.33
ERR4810794,resistant,katG,ATG,1.0
ERR4810794,resistant,katG,AAA,0.23
ERR4810794,resistant,katG,TAC,1.52
ERR4810794,resistant,katG,CAG,1.52
ERR4810794,resistant,katG,GAC,1.52
ERR4810794,resistant,katG,TGG,1.0
ERR4810794,resistant,katG,CGG,1.89
ERR4810794,resistant,katG,CTC,1.33
ERR4810794,resistant,katG,AAT,0.07
ERR4810794,resistant,katG,CTG,3.43
ERR4810794,resistant,katG,AAG,1.77
ERR4810794,resistant,katG,GTA,0.23
ERR4810794,resistant,katG,CCG,2.0
ERR4810794,resistant,katG,GCG,1.4
ERR4810794,resistant,katG,TTC,1.77
ERR4810794,resistant,katG,TAT,0.48
ERR4810794,resistant,katG,ATC,2.28
ERR4810794,resistant,katG,GTT,0.31
ERR4810794,resistant,katG,ACG,1.12
ERR4810794,resistant,katG,TCG,1.89
ERR4810794,resistant,katG,GGG,0.66
ERR4810794,resistant,katG,TTT,0.23
ERR4810794,resistant,katG,CGC,2.91
ERR4810794,resistant,katG,CTT,0.48
ERR4810794,resistant,katG,TTG,0.57
ERR4810794,resistant,katG,TCA,0.69
ERR4810794,resistant,katG,TGC,0.67
ERR4810794,resistant,katG,GAT,0.48
ERR4810794,resistant,katG,CGT,0.51
ERR4810794,resistant,katG,ACT,0.28
ERR4810794,resistant,katG,AGT,0.51
ERR4810794,resistant,katG,CCT,0.24
ERR4810794,resistant,katG,TCC,1.03
ERR4810794,resistant,katG,CGA,0.34
ERR4810794,resistant,katG,AGA,0.17
ERR4810794,resistant,katG,GCA,0.36
ERR4810794,resistant,katG,CTA,0.1
ERR4810794,resistant,katG,ATA,0.12
ERR4810794,resistant,katG,TTA,0.1
ERR4810794,resistant,katG,AGG,0.17
ERR4810794,resistant,gyrA,ATG,1.0
ERR4810794,resistant,gyrA,ACA,0.26
ERR4810794,resistant,gyrA,GAC,1.68
ERR4810794,resistant,gyrA,ACG,0.77
ERR4810794,resistant,gyrA,TTG,0.91
ERR4810794,resistant,gyrA,CCG,2.34
ERR4810794,resistant,gyrA,CCT,0.28
ERR4810794,resistant,gyrA,TCG,2.31
ERR4810794,resistant,gyrA,CTC,0.53
ERR4810794,resistant,gyrA,CGG,1.95
ERR4810794,resistant,gyrA,ATC,2.56
ERR4810794,resistant,gyrA,GAA,0.65
ERR4810794,resistant,gyrA,GTT,0.7
ERR4810794,resistant,gyrA,CAG,1.88
ERR4810794,resistant,gyrA,GAG,1.35
ERR4810794,resistant,gyrA,CGC,2.92
ERR4810794,resistant,gyrA,AGC,1.38
ERR4810794,resistant,gyrA,TAC,1.28
ERR4810794,resistant,gyrA,TAT,0.72
ERR4810794,resistant,gyrA,GCG,1.45
ERR4810794,resistant,gyrA,GTG,1.74
ERR4810794,resistant,gyrA,GTC,1.45
ERR4810794,resistant,gyrA,GGC,2.29
ERR4810794,resistant,gyrA,CTG,4.18
ERR4810794,resistant,gyrA,GGG,0.63
ERR4810794,resistant,gyrA,AAG,1.28
ERR4810794,resistant,gyrA,CCC,0.97
ERR4810794,resistant,gyrA,CAT,0.14
ERR4810794,resistant,gyrA,GCA,0.43
ERR4810794,resistant,gyrA,TTC,1.88
ERR4810794,resistant,gyrA,GAT,0.32
ERR4810794,resistant,gyrA,TCC,1.69
ERR4810794,resistant,gyrA,CAC,1.86
ERR4810794,resistant,gyrA,GCC,2.07
ERR4810794,resistant,gyrA,ACC,2.55
ERR4810794,resistant,gyrA,AAC,1.38
ERR4810794,resistant,gyrA,TGG,1.0
ERR4810794,resistant,gyrA,CCA,0.41
ERR4810794,resistant,gyrA,AAT,0.62
ERR4810794,resistant,gyrA,AGG,0.38
ERR4810794,resistant,gyrA,CAA,0.12
ERR4810794,resistant,gyrA,CTA,0.15
ERR4810794,resistant,gyrA,TCA,0.31
ERR4810794,resistant,gyrA,CGT,0.53
ERR4810794,resistant,gyrA,AAA,0.72
ERR4810794,resistant,gyrA,GGA,0.51
ERR4810794,resistant,gyrA,GCT,0.05
ERR4810794,resistant,gyrA,ACT,0.43
ERR4810794,resistant,gyrA,ATT,0.44
ERR4810794,resistant,gyrA,CGA,0.23
ERR4810794,resistant,gyrA,GTA,0.12
ERR4810794,resistant,gyrA,GGT,0.57
ERR4810794,resistant,gyrA,TCT,0.15
ERR4810794,resistant,gyrA,TTA,0.15
ERR4810794,resistant,gyrA,CTT,0.08
ERR4810794,resistant,gyrA,TTT,0.12
ERR4810794,resistant,gyrA,TGC,1.0
ERR4810794,resistant,gyrA,TGT,1.0
ERR4810794,resistant,gyrA,AGT,0.15
ERR4810865,resistant,rpoB,TTG,0.8
ERR4810865,resistant,rpoB,GCA,0.24
ERR4810865,resistant,rpoB,GAT,0.21
ERR4810865,resistant,rpoB,TCC,1.52
ERR4810865,resistant,rpoB,CGC,3.18
ERR4810865,resistant,rpoB,CAG,1.76
ERR4810865,resistant,rpoB,AGC,1.01
ERR4810865,resistant,rpoB,AAA,0.24
ERR4810865,resistant,rpoB,ACA,0.13
ERR4810865,resistant,rpoB,GCC,2.24
ERR4810865,resistant,rpoB,GCT,0.24
ERR4810865,resistant,rpoB,AGT,0.59
ERR4810865,resistant,rpoB,CCT,0.18
ERR4810865,resistant,rpoB,CCG,2.65
ERR4810865,resistant,rpoB,CAA,0.24
ERR4810865,resistant,rpoB,TCG,2.45
ERR4810865,resistant,rpoB,AAT,0.16
ERR4810865,resistant,rpoB,AAC,1.84
ERR4810865,resistant,rpoB,GTA,0.04
ERR4810865,resistant,rpoB,CCC,0.92
ERR4810865,resistant,rpoB,GGA,0.13
ERR4810865,resistant,rpoB,GCG,1.27
ERR4810865,resistant,rpoB,CCA,0.25
ERR4810865,resistant,rpoB,CGG,1.66
ERR4810865,resistant,rpoB,GTC,1.68
ERR4810865,resistant,rpoB,TTC,1.82
ERR4810865,resistant,rpoB,AAG,1.76
ERR4810865,resistant,rpoB,CTG,4.14
ERR4810865,resistant,rpoB,GAA,0.37
ERR4810865,resistant,rpoB,CTT,0.25
ERR4810865,resistant,rpoB,GAG,1.63
ERR4810865,resistant,rpoB,GTT,0.25
ERR4810865,resistant,rpoB,CTC,0.74
ERR4810865,resistant,rpoB,GAC,1.79
ERR4810865,resistant,rpoB,ACC,2.6
ERR4810865,resistant,rpoB,TGG,1.0
ERR4810865,resistant,rpoB,ATC,2.63
ERR4810865,resistant,rpoB,GGT,1.09
ERR4810865,resistant,rpoB,GTG,2.04
ERR4810865,resistant,rpoB,TAC,1.76
ERR4810865,resistant,rpoB,TCT,0.25
ERR4810865,resistant,rpoB,GGG,0.72
ERR4810865,resistant,rpoB,ATG,1.0
ERR4810865,resistant,rpoB,CGT,0.8
ERR4810865,resistant,rpoB,TGC,1.56
ERR4810865,resistant,rpoB,ACG,1.02
ERR4810865,resistant,rpoB,GGC,2.06
ERR4810865,resistant,rpoB,ATT,0.37
ERR4810865,resistant,rpoB,CAC,1.82
ERR4810865,resistant,rpoB,TTT,0.18
ERR4810865,resistant,rpoB,CGA,0.29
ERR4810865,resistant,rpoB,TCA,0.17
ERR4810865,resistant,rpoB,TAT,0.24
ERR4810865,resistant,rpoB,CAT,0.18
ERR4810865,resistant,rpoB,ACT,0.25
ERR4810865,resistant,rpoB,TGT,0.44
ERR4810865,resistant,rpoB,AGG,0.07
ERR4810865,resistant,rpoB,CTA,0.06
ERR4810865,resistant,katG,GTG,1.46
ERR4810865,resistant,katG,CCC,1.44
ERR4810865,resistant,katG,GAG,1.45
ERR4810865,resistant,katG,CAA,0.48
ERR4810865,resistant,katG,CAC,1.67
ERR4810865,resistant,katG,CCA,0.32
ERR4810865,resistant,katG,ATT,0.6
ERR4810865,resistant,katG,ACA,0.19
ERR4810865,resistant,katG,GAA,0.55
ERR4810865,resistant,katG,ACC,2.42
ERR4810865,resistant,katG,GGA,0.25
ERR4810865,resistant,katG,GCC,1.77
ERR4810865,resistant,katG,GCT,0.47
ERR4810865,resistant,katG,AGC,1.89
ERR4810865,resistant,katG,AAC,1.93
ERR4810865,resistant,katG,GGC,2.38
ERR4810865,resistant,katG,TGT,1.33
ERR4810865,resistant,katG,GTC,2.0
ERR4810865,resistant,katG,GGT,0.71
ERR4810865,resistant,katG,CAT,0.33
ERR4810865,resistant,katG,ATG,1.0
ERR4810865,resistant,katG,AAA,0.23
ERR4810865,resistant,katG,TAC,1.52
ERR4810865,resistant,katG,CAG,1.52
ERR4810865,resistant,katG,GAC,1.52
ERR4810865,resistant,katG,TGG,1.0
ERR4810865,resistant,katG,CGG,1.89
ERR4810865,resistant,katG,CTC,1.33
ERR4810865,resistant,katG,AAT,0.07
ERR4810865,resistant,katG,CTG,3.43
ERR4810865,resistant,katG,AAG,1.77
ERR4810865,resistant,katG,GTA,0.23
ERR4810865,resistant,katG,CCG,2.0
ERR4810865,resistant,katG,GCG,1.4
ERR4810865,resistant,katG,TTC,1.77
ERR4810865,resistant,katG,TAT,0.48
ERR4810865,resistant,katG,ATC,2.28
ERR4810865,resistant,katG,GTT,0.31
ERR4810865,resistant,katG,ACG,1.12
ERR4810865,resistant,katG,TCG,1.89
ERR4810865,resistant,katG,GGG,0.66
ERR4810865,resistant,katG,TTT,0.23
ERR4810865,resistant,katG,CGC,2.91
ERR4810865,resistant,katG,CTT,0.48
ERR4810865,resistant,katG,TTG,0.57
ERR4810865,resistant,katG,TCA,0.69
ERR4810865,resistant,katG,TGC,0.67
ERR4810865,resistant,katG,GAT,0.48
ERR4810865,resistant,katG,CGT,0.51
ERR4810865,resistant,katG,ACT,0.28
ERR4810865,resistant,katG,AGT,0.51
ERR4810865,resistant,katG,CCT,0.24
ERR4810865,resistant,katG,TCC,1.03
ERR4810865,resistant,katG,CGA,0.34
ERR4810865,resistant,katG,AGA,0.17
ERR4810865,resistant,katG,GCA,0.36
ERR4810865,resistant,katG,CTA,0.1
ERR4810865,resistant,katG,ATA,0.12
ERR4810865,resistant,katG,TTA,0.1
ERR4810865,resistant,katG,AGG,0.17
ERR4810865,resistant,gyrA,ATG,1.0
ERR4810865,resistant,gyrA,ACA,0.26
ERR4810865,resistant,gyrA,GAC,1.68
ERR4810865,resistant,gyrA,ACG,0.77
ERR4810865,resistant,gyrA,TTG,0.91
ERR4810865,resistant,gyrA,CCG,2.34
ERR4810865,resistant,gyrA,CCT,0.28
ERR4810865,resistant,gyrA,TCG,2.31
ERR4810865,resistant,gyrA,CTC,0.53
ERR4810865,resistant,gyrA,CGG,1.95
ERR4810865,resistant,gyrA,ATC,2.56
ERR4810865,resistant,gyrA,GAA,0.65
ERR4810865,resistant,gyrA,GTT,0.7
ERR4810865,resistant,gyrA,CAG,1.88
ERR4810865,resistant,gyrA,GAG,1.35
ERR4810865,resistant,gyrA,CGC,2.92
ERR4810865,resistant,gyrA,AGC,1.38
ERR4810865,resistant,gyrA,TAC,1.28
ERR4810865,resistant,gyrA,TAT,0.72
ERR4810865,resistant,gyrA,GCG,1.45
ERR4810865,resistant,gyrA,GTG,1.74
ERR4810865,resistant,gyrA,GTC,1.45
ERR4810865,resistant,gyrA,GGC,2.26
ERR4810865,resistant,gyrA,CTG,4.18
ERR4810865,resistant,gyrA,GGG,0.64
ERR4810865,resistant,gyrA,AAG,1.28
ERR4810865,resistant,gyrA,CCC,0.97
ERR4810865,resistant,gyrA,CAT,0.14
ERR4810865,resistant,gyrA,GCA,0.43
ERR4810865,resistant,gyrA,TTC,1.88
ERR4810865,resistant,gyrA,GAT,0.32
ERR4810865,resistant,gyrA,TCC,1.69
ERR4810865,resistant,gyrA,CAC,1.86
ERR4810865,resistant,gyrA,GCC,2.07
ERR4810865,resistant,gyrA,ACC,2.55
ERR4810865,resistant,gyrA,AAC,1.4
ERR4810865,resistant,gyrA,TGG,1.0
ERR4810865,resistant,gyrA,CCA,0.41
ERR4810865,resistant,gyrA,AAT,0.6
ERR4810865,resistant,gyrA,AGG,0.38
ERR4810865,resistant,gyrA,CAA,0.12
ERR4810865,resistant,gyrA,CTA,0.15
ERR4810865,resistant,gyrA,TCA,0.31
ERR4810865,resistant,gyrA,CGT,0.53
ERR4810865,resistant,gyrA,AAA,0.72
ERR4810865,resistant,gyrA,GGA,0.52
ERR4810865,resistant,gyrA,GCT,0.05
ERR4810865,resistant,gyrA,ACT,0.43
ERR4810865,resistant,gyrA,ATT,0.44
ERR4810865,resistant,gyrA,CGA,0.23
ERR4810865,resistant,gyrA,GTA,0.12
ERR4810865,resistant,gyrA,GGT,0.58
ERR4810865,resistant,gyrA,TCT,0.15
ERR4810865,resistant,gyrA,TTA,0.15
ERR4810865,resistant,gyrA,CTT,0.08
ERR4810865,resistant,gyrA,TTT,0.12
ERR4810865,resistant,gyrA,TGC,1.0
ERR4810865,resistant,gyrA,TGT,1.0
ERR4810865,resistant,gyrA,AGT,0.15
ERR4810866,resistant,rpoB,TTG,0.8
ERR4810866,resistant,rpoB,GCA,0.24
ERR4810866,resistant,rpoB,GAT,0.21
ERR4810866,resistant,rpoB,TCC,1.52
ERR4810866,resistant,rpoB,CGC,3.18
ERR4810866,resistant,rpoB,CAG,1.76
ERR4810866,resistant,rpoB,AGC,1.01
ERR4810866,resistant,rpoB,AAA,0.24
ERR4810866,resistant,rpoB,ACA,0.13
ERR4810866,resistant,rpoB,GCC,2.22
ERR4810866,resistant,rpoB,GCT,0.24
ERR4810866,resistant,rpoB,AGT,0.59
ERR4810866,resistant,rpoB,CCT,0.18
ERR4810866,resistant,rpoB,CCG,2.65
ERR4810866,resistant,rpoB,CAA,0.24
ERR4810866,resistant,rpoB,TCG,2.45
ERR4810866,resistant,rpoB,AAT,0.15
ERR4810866,resistant,rpoB,AAC,1.85
ERR4810866,resistant,rpoB,GTA,0.04
ERR4810866,resistant,rpoB,CCC,0.92
ERR4810866,resistant,rpoB,GGA,0.12
ERR4810866,resistant,rpoB,GCG,1.3
ERR4810866,resistant,rpoB,CCA,0.25
ERR4810866,resistant,rpoB,CGG,1.66
ERR4810866,resistant,rpoB,GTC,1.69
ERR4810866,resistant,rpoB,TTC,1.83
ERR4810866,resistant,rpoB,AAG,1.76
ERR4810866,resistant,rpoB,CTG,4.14
ERR4810866,resistant,rpoB,GAA,0.37
ERR4810866,resistant,rpoB,CTT,0.25
ERR4810866,resistant,rpoB,GAG,1.63
ERR4810866,resistant,rpoB,GTT,0.25
ERR4810866,resistant,rpoB,CTC,0.74
ERR4810866,resistant,rpoB,GAC,1.79
ERR4810866,resistant,rpoB,ACC,2.6
ERR4810866,resistant,rpoB,TGG,1.0
ERR4810866,resistant,rpoB,ATC,2.63
ERR4810866,resistant,rpoB,GGT,1.08
ERR4810866,resistant,rpoB,GTG,2.02
ERR4810866,resistant,rpoB,GGC,2.08
ERR4810866,resistant,rpoB,TAC,1.75
ERR4810866,resistant,rpoB,TCT,0.25
ERR4810866,resistant,rpoB,GGG,0.71
ERR4810866,resistant,rpoB,ATG,1.0
ERR4810866,resistant,rpoB,CGT,0.8
ERR4810866,resistant,rpoB,TGC,1.56
ERR4810866,resistant,rpoB,ACG,1.02
ERR4810866,resistant,rpoB,ATT,0.37
ERR4810866,resistant,rpoB,CAC,1.82
ERR4810866,resistant,rpoB,TTT,0.17
ERR4810866,resistant,rpoB,CGA,0.29
ERR4810866,resistant,rpoB,TCA,0.17
ERR4810866,resistant,rpoB,TAT,0.25
ERR4810866,resistant,rpoB,CAT,0.18
ERR4810866,resistant,rpoB,ACT,0.25
ERR4810866,resistant,rpoB,TGT,0.44
ERR4810866,resistant,rpoB,AGG,0.07
ERR4810866,resistant,rpoB,CTA,0.06
ERR4810866,resistant,katG,GTG,1.46
ERR4810866,resistant,katG,CCC,1.44
ERR4810866,resistant,katG,GAG,1.45
ERR4810866,resistant,katG,CAA,0.48
ERR4810866,resistant,katG,CAC,1.67
ERR4810866,resistant,katG,CCA,0.32
ERR4810866,resistant,katG,ATT,0.6
ERR4810866,resistant,katG,ACA,0.19
ERR4810866,resistant,katG,GAA,0.55
ERR4810866,resistant,katG,ACC,2.42
ERR4810866,resistant,katG,GGA,0.25
ERR4810866,resistant,katG,GCC,1.77
ERR4810866,resistant,katG,GCT,0.47
ERR4810866,resistant,katG,AGC,1.89
ERR4810866,resistant,katG,AAC,1.93
ERR4810866,resistant,katG,GGC,2.38
ERR4810866,resistant,katG,TGT,1.33
ERR4810866,resistant,katG,GTC,2.0
ERR4810866,resistant,katG,GGT,0.71
ERR4810866,resistant,katG,CAT,0.33
ERR4810866,resistant,katG,ATG,1.0
ERR4810866,resistant,katG,AAA,0.23
ERR4810866,resistant,katG,TAC,1.52
ERR4810866,resistant,katG,CAG,1.52
ERR4810866,resistant,katG,GAC,1.52
ERR4810866,resistant,katG,TGG,1.0
ERR4810866,resistant,katG,CGG,1.89
ERR4810866,resistant,katG,CTC,1.33
ERR4810866,resistant,katG,AAT,0.07
ERR4810866,resistant,katG,CTG,3.43
ERR4810866,resistant,katG,AAG,1.77
ERR4810866,resistant,katG,GTA,0.23
ERR4810866,resistant,katG,CCG,2.0
ERR4810866,resistant,katG,GCG,1.4
ERR4810866,resistant,katG,TTC,1.77
ERR4810866,resistant,katG,TAT,0.48
ERR4810866,resistant,katG,ATC,2.28
ERR4810866,resistant,katG,GTT,0.31
ERR4810866,resistant,katG,ACG,1.12
ERR4810866,resistant,katG,TCG,1.89
ERR4810866,resistant,katG,GGG,0.66
ERR4810866,resistant,katG,TTT,0.23
ERR4810866,resistant,katG,CGC,2.91
ERR4810866,resistant,katG,CTT,0.48
ERR4810866,resistant,katG,TTG,0.57
ERR4810866,resistant,katG,TCA,0.69
ERR4810866,resistant,katG,TGC,0.67
ERR4810866,resistant,katG,GAT,0.48
ERR4810866,resistant,katG,CGT,0.51
ERR4810866,resistant,katG,ACT,0.28
ERR4810866,resistant,katG,AGT,0.51
ERR4810866,resistant,katG,CCT,0.24
ERR4810866,resistant,katG,TCC,1.03
ERR4810866,resistant,katG,CGA,0.34
ERR4810866,resistant,katG,AGA,0.17
ERR4810866,resistant,katG,GCA,0.36
ERR4810866,resistant,katG,CTA,0.1
ERR4810866,resistant,katG,ATA,0.12
ERR4810866,resistant,katG,TTA,0.1
ERR4810866,resistant,katG,AGG,0.17
ERR4810866,resistant,gyrA,ATG,1.0
ERR4810866,resistant,gyrA,ACA,0.26
ERR4810866,resistant,gyrA,GAC,1.68
ERR4810866,resistant,gyrA,ACG,0.77
ERR4810866,resistant,gyrA,TTG,0.91
ERR4810866,resistant,gyrA,CCG,2.34
ERR4810866,resistant,gyrA,CCT,0.28
ERR4810866,resistant,gyrA,TCG,2.21
ERR4810866,resistant,gyrA,CTC,0.53
ERR4810866,resistant,gyrA,CGG,1.95
ERR4810866,resistant,gyrA,ATC,2.56
ERR4810866,resistant,gyrA,GAA,0.65
ERR4810866,resistant,gyrA,GTT,0.7
ERR4810866,resistant,gyrA,CAG,1.88
ERR4810866,resistant,gyrA,GAG,1.35
ERR4810866,resistant,gyrA,CGC,2.92
ERR4810866,resistant,gyrA,AGC,1.42
ERR4810866,resistant,gyrA,TAC,1.28
ERR4810866,resistant,gyrA,TAT,0.72
ERR4810866,resistant,gyrA,GCG,1.45
ERR4810866,resistant,gyrA,GTG,1.74
ERR4810866,resistant,gyrA,GTC,1.45
ERR4810866,resistant,gyrA,GGC,2.26
ERR4810866,resistant,gyrA,CTG,4.18
ERR4810866,resistant,gyrA,GGG,0.64
ERR4810866,resistant,gyrA,AAG,1.28
ERR4810866,resistant,gyrA,CCC,0.97
ERR4810866,resistant,gyrA,CAT,0.14
ERR4810866,resistant,gyrA,GCA,0.43
ERR4810866,resistant,gyrA,TTC,1.88
ERR4810866,resistant,gyrA,GAT,0.32
ERR4810866,resistant,gyrA,TCC,1.74
ERR4810866,resistant,gyrA,CAC,1.86
ERR4810866,resistant,gyrA,GCC,2.07
ERR4810866,resistant,gyrA,ACC,2.55
ERR4810866,resistant,gyrA,AAC,1.38
ERR4810866,resistant,gyrA,TGG,1.0
ERR4810866,resistant,gyrA,CCA,0.41
ERR4810866,resistant,gyrA,AAT,0.62
ERR4810866,resistant,gyrA,AGG,0.38
ERR4810866,resistant,gyrA,CAA,0.12
ERR4810866,resistant,gyrA,CTA,0.15
ERR4810866,resistant,gyrA,TCA,0.32
ERR4810866,resistant,gyrA,CGT,0.53
ERR4810866,resistant,gyrA,AAA,0.72
ERR4810866,resistant,gyrA,GGA,0.52
ERR4810866,resistant,gyrA,GCT,0.05
ERR4810866,resistant,gyrA,ACT,0.43
ERR4810866,resistant,gyrA,ATT,0.44
ERR4810866,resistant,gyrA,CGA,0.23
ERR4810866,resistant,gyrA,GTA,0.12
ERR4810866,resistant,gyrA,GGT,0.58
ERR4810866,resistant,gyrA,TCT,0.16
ERR4810866,resistant,gyrA,TTA,0.15
ERR4810866,resistant,gyrA,CTT,0.08
ERR4810866,resistant,gyrA,TTT,0.12
ERR4810866,resistant,gyrA,TGC,1.0
ERR4810866,resistant,gyrA,TGT,1.0
ERR4810866,resistant,gyrA,AGT,0.16
ERR4810867,resistant,rpoB,TTG,0.8
ERR4810867,resistant,rpoB,GCA,0.24
ERR4810867,resistant,rpoB,GAT,0.22
ERR4810867,resistant,rpoB,TCC,1.52
ERR4810867,resistant,rpoB,CGC,3.18
ERR4810867,resistant,rpoB,CAG,1.76
ERR4810867,resistant,rpoB,AGC,1.01
ERR4810867,resistant,rpoB,AAA,0.24
ERR4810867,resistant,rpoB,ACA,0.13
ERR4810867,resistant,rpoB,GCC,2.22
ERR4810867,resistant,rpoB,GCT,0.24
ERR4810867,resistant,rpoB,AGT,0.59
ERR4810867,resistant,rpoB,CCT,0.18
ERR4810867,resistant,rpoB,CCG,2.65
ERR4810867,resistant,rpoB,CAA,0.24
ERR4810867,resistant,rpoB,TCG,2.45
ERR4810867,resistant,rpoB,AAT,0.15
ERR4810867,resistant,rpoB,AAC,1.85
ERR4810867,resistant,rpoB,GTA,0.04
ERR4810867,resistant,rpoB,CCC,0.92
ERR4810867,resistant,rpoB,GGA,0.12
ERR4810867,resistant,rpoB,GCG,1.3
ERR4810867,resistant,rpoB,CCA,0.25
ERR4810867,resistant,rpoB,CGG,1.66
ERR4810867,resistant,rpoB,GTC,1.69
ERR4810867,resistant,rpoB,TTC,1.82
ERR4810867,resistant,rpoB,AAG,1.76
ERR4810867,resistant,rpoB,CTG,4.1
ERR4810867,resistant,rpoB,GAA,0.37
ERR4810867,resistant,rpoB,CTT,0.24
ERR4810867,resistant,rpoB,GAG,1.63
ERR4810867,resistant,rpoB,GTT,0.25
ERR4810867,resistant,rpoB,CTC,0.8
ERR4810867,resistant,rpoB,GAC,1.78
ERR4810867,resistant,rpoB,ACC,2.6
ERR4810867,resistant,rpoB,TGG,1.0
ERR4810867,resistant,rpoB,ATC,2.62
ERR4810867,resistant,rpoB,GGT,1.07
ERR4810867,resistant,rpoB,GTG,2.02
ERR4810867,resistant,rpoB,GGC,2.1
ERR4810867,resistant,rpoB,TAC,1.75
ERR4810867,resistant,rpoB,TCT,0.25
ERR4810867,resistant,rpoB,GGG,0.7
ERR4810867,resistant,rpoB,ATG,1.0
ERR4810867,resistant,rpoB,CGT,0.8
ERR4810867,resistant,rpoB,TGC,1.56
ERR4810867,resistant,rpoB,ACG,1.02
ERR4810867,resistant,rpoB,ATT,0.38
ERR4810867,resistant,rpoB,CAC,1.82
ERR4810867,resistant,rpoB,TTT,0.18
ERR4810867,resistant,rpoB,CGA,0.29
ERR4810867,resistant,rpoB,TCA,0.17
ERR4810867,resistant,rpoB,TAT,0.25
ERR4810867,resistant,rpoB,CAT,0.18
ERR4810867,resistant,rpoB,ACT,0.25
ERR4810867,resistant,rpoB,TGT,0.44
ERR4810867,resistant,rpoB,AGG,0.07
ERR4810867,resistant,rpoB,CTA,0.06
ERR4810867,resistant,katG,GTG,1.46
ERR4810867,resistant,katG,CCC,1.44
ERR4810867,resistant,katG,GAG,1.45
ERR4810867,resistant,katG,CAA,0.48
ERR4810867,resistant,katG,CAC,1.67
ERR4810867,resistant,katG,CCA,0.32
ERR4810867,resistant,katG,ATT,0.6
ERR4810867,resistant,katG,ACA,0.19
ERR4810867,resistant,katG,GAA,0.55
ERR4810867,resistant,katG,ACC,2.42
ERR4810867,resistant,katG,GGA,0.25
ERR4810867,resistant,katG,GCC,1.77
ERR4810867,resistant,katG,GCT,0.47
ERR4810867,resistant,katG,AGC,1.89
ERR4810867,resistant,katG,AAC,1.93
ERR4810867,resistant,katG,GGC,2.38
ERR4810867,resistant,katG,TGT,1.33
ERR4810867,resistant,katG,GTC,2.0
ERR4810867,resistant,katG,GGT,0.71
ERR4810867,resistant,katG,CAT,0.33
ERR4810867,resistant,katG,ATG,1.0
ERR4810867,resistant,katG,AAA,0.23
ERR4810867,resistant,katG,TAC,1.52
ERR4810867,resistant,katG,CAG,1.52
ERR4810867,resistant,katG,GAC,1.52
ERR4810867,resistant,katG,TGG,1.0
ERR4810867,resistant,katG,CGG,1.89
ERR4810867,resistant,katG,CTC,1.33
ERR4810867,resistant,katG,AAT,0.07
ERR4810867,resistant,katG,CTG,3.43
ERR4810867,resistant,katG,AAG,1.77
ERR4810867,resistant,katG,GTA,0.23
ERR4810867,resistant,katG,CCG,2.0
ERR4810867,resistant,katG,GCG,1.4
ERR4810867,resistant,katG,TTC,1.77
ERR4810867,resistant,katG,TAT,0.48
ERR4810867,resistant,katG,ATC,2.28
ERR4810867,resistant,katG,GTT,0.31
ERR4810867,resistant,katG,ACG,1.12
ERR4810867,resistant,katG,TCG,1.89
ERR4810867,resistant,katG,GGG,0.66
ERR4810867,resistant,katG,TTT,0.23
ERR4810867,resistant,katG,CGC,2.91
ERR4810867,resistant,katG,CTT,0.48
ERR4810867,resistant,katG,TTG,0.57
ERR4810867,resistant,katG,TCA,0.69
ERR4810867,resistant,katG,TGC,0.67
ERR4810867,resistant,katG,GAT,0.48
ERR4810867,resistant,katG,CGT,0.51
ERR4810867,resistant,katG,ACT,0.28
ERR4810867,resistant,katG,AGT,0.51
ERR4810867,resistant,katG,CCT,0.24
ERR4810867,resistant,katG,TCC,1.03
ERR4810867,resistant,katG,CGA,0.34
ERR4810867,resistant,katG,AGA,0.17
ERR4810867,resistant,katG,GCA,0.36
ERR4810867,resistant,katG,CTA,0.1
ERR4810867,resistant,katG,ATA,0.12
ERR4810867,resistant,katG,TTA,0.1
ERR4810867,resistant,katG,AGG,0.17
ERR4810867,resistant,gyrA,ATG,1.0
ERR4810867,resistant,gyrA,ACA,0.26
ERR4810867,resistant,gyrA,GAC,1.68
ERR4810867,resistant,gyrA,ACG,0.77
ERR4810867,resistant,gyrA,TTG,0.91
ERR4810867,resistant,gyrA,CCG,2.34
ERR4810867,resistant,gyrA,CCT,0.28
ERR4810867,resistant,gyrA,TCG,2.31
ERR4810867,resistant,gyrA,CTC,0.53
ERR4810867,resistant,gyrA,CGG,1.95
ERR4810867,resistant,gyrA,ATC,2.56
ERR4810867,resistant,gyrA,GAA,0.65
ERR4810867,resistant,gyrA,GTT,0.7
ERR4810867,resistant,gyrA,CAG,1.88
ERR4810867,resistant,gyrA,GAG,1.35
ERR4810867,resistant,gyrA,CGC,2.92
ERR4810867,resistant,gyrA,AGC,1.38
ERR4810867,resistant,gyrA,TAC,1.28
ERR4810867,resistant,gyrA,TAT,0.72
ERR4810867,resistant,gyrA,GCG,1.45
ERR4810867,resistant,gyrA,GTG,1.74
ERR4810867,resistant,gyrA,GTC,1.45
ERR4810867,resistant,gyrA,GGC,2.26
ERR4810867,resistant,gyrA,CTG,4.18
ERR4810867,resistant,gyrA,GGG,0.64
ERR4810867,resistant,gyrA,AAG,1.28
ERR4810867,resistant,gyrA,CCC,0.97
ERR4810867,resistant,gyrA,CAT,0.14
ERR4810867,resistant,gyrA,GCA,0.43
ERR4810867,resistant,gyrA,TTC,1.88
ERR4810867,resistant,gyrA,GAT,0.32
ERR4810867,resistant,gyrA,TCC,1.69
ERR4810867,resistant,gyrA,CAC,1.86
ERR4810867,resistant,gyrA,GCC,2.07
ERR4810867,resistant,gyrA,ACC,2.55
ERR4810867,resistant,gyrA,AAC,1.38
ERR4810867,resistant,gyrA,TGG,1.0
ERR4810867,resistant,gyrA,CCA,0.41
ERR4810867,resistant,gyrA,AAT,0.62
ERR4810867,resistant,gyrA,AGG,0.38
ERR4810867,resistant,gyrA,CAA,0.12
ERR4810867,resistant,gyrA,CTA,0.15
ERR4810867,resistant,gyrA,TCA,0.31
ERR4810867,resistant,gyrA,CGT,0.53
ERR4810867,resistant,gyrA,AAA,0.72
ERR4810867,resistant,gyrA,GGA,0.52
ERR4810867,resistant,gyrA,GCT,0.05
ERR4810867,resistant,gyrA,ACT,0.43
ERR4810867,resistant,gyrA,ATT,0.44
ERR4810867,resistant,gyrA,CGA,0.23
ERR4810867,resistant,gyrA,GTA,0.12
ERR4810867,resistant,gyrA,GGT,0.58
ERR4810867,resistant,gyrA,TCT,0.15
ERR4810867,resistant,gyrA,TTA,0.15
ERR4810867,resistant,gyrA,CTT,0.08
ERR4810867,resistant,gyrA,TTT,0.12
ERR4810867,resistant,gyrA,TGC,1.0
ERR4810867,resistant,gyrA,TGT,1.0
ERR4810867,resistant,gyrA,AGT,0.15
ERR4810892,sensitive,rpoB,TTG,0.8
ERR4810892,sensitive,rpoB,GCA,0.24
ERR4810892,sensitive,rpoB,GAT,0.21
ERR4810892,sensitive,rpoB,TCC,1.52
ERR4810892,sensitive,rpoB,CGC,3.18
ERR4810892,sensitive,rpoB,CAG,1.76
ERR4810892,sensitive,rpoB,AGC,1.01
ERR4810892,sensitive,rpoB,AAA,0.24
ERR4810892,sensitive,rpoB,ACA,0.13
ERR4810892,sensitive,rpoB,GCC,2.22
ERR4810892,sensitive,rpoB,GCT,0.24
ERR4810892,sensitive,rpoB,AGT,0.59
ERR4810892,sensitive,rpoB,CCT,0.18
ERR4810892,sensitive,rpoB,CCG,2.65
ERR4810892,sensitive,rpoB,CAA,0.24
ERR4810892,sensitive,rpoB,TCG,2.45
ERR4810892,sensitive,rpoB,AAT,0.15
ERR4810892,sensitive,rpoB,AAC,1.85
ERR4810892,sensitive,rpoB,GTA,0.04
ERR4810892,sensitive,rpoB,CCC,0.92
ERR4810892,sensitive,rpoB,GGA,0.12
ERR4810892,sensitive,rpoB,GCG,1.3
ERR4810892,sensitive,rpoB,CCA,0.25
ERR4810892,sensitive,rpoB,CGG,1.66
ERR4810892,sensitive,rpoB,GTC,1.69
ERR4810892,sensitive,rpoB,TTC,1.82
ERR4810892,sensitive,rpoB,AAG,1.76
ERR4810892,sensitive,rpoB,CTG,4.14
ERR4810892,sensitive,rpoB,GAA,0.37
ERR4810892,sensitive,rpoB,CTT,0.25
ERR4810892,sensitive,rpoB,GAG,1.63
ERR4810892,sensitive,rpoB,GTT,0.25
ERR4810892,sensitive,rpoB,CTC,0.74
ERR4810892,sensitive,rpoB,GAC,1.79
ERR4810892,sensitive,rpoB,ACC,2.6
ERR4810892,sensitive,rpoB,TGG,1.0
ERR4810892,sensitive,rpoB,ATC,2.63
ERR4810892,sensitive,rpoB,GGT,1.08
ERR4810892,sensitive,rpoB,GTG,2.02
ERR4810892,sensitive,rpoB,GGC,2.08
ERR4810892,sensitive,rpoB,TAC,1.75
ERR4810892,sensitive,rpoB,TCT,0.25
ERR4810892,sensitive,rpoB,GGG,0.71
ERR4810892,sensitive,rpoB,ATG,1.0
ERR4810892,sensitive,rpoB,CGT,0.8
ERR4810892,sensitive,rpoB,TGC,1.56
ERR4810892,sensitive,rpoB,ACG,1.02
ERR4810892,sensitive,rpoB,ATT,0.37
ERR4810892,sensitive,rpoB,CAC,1.82
ERR4810892,sensitive,rpoB,TTT,0.18
ERR4810892,sensitive,rpoB,CGA,0.29
ERR4810892,sensitive,rpoB,TCA,0.17
ERR4810892,sensitive,rpoB,TAT,0.25
ERR4810892,sensitive,rpoB,CAT,0.18
ERR4810892,sensitive,rpoB,ACT,0.25
ERR4810892,sensitive,rpoB,TGT,0.44
ERR4810892,sensitive,rpoB,AGG,0.07
ERR4810892,sensitive,rpoB,CTA,0.06
ERR4810892,sensitive,katG,GTG,1.46
ERR4810892,sensitive,katG,CCC,1.44
ERR4810892,sensitive,katG,GAG,1.45
ERR4810892,sensitive,katG,CAA,0.48
ERR4810892,sensitive,katG,CAC,1.67
ERR4810892,sensitive,katG,CCA,0.32
ERR4810892,sensitive,katG,ATT,0.6
ERR4810892,sensitive,katG,ACA,0.19
ERR4810892,sensitive,katG,GAA,0.55
ERR4810892,sensitive,katG,ACC,2.38
ERR4810892,sensitive,katG,GGA,0.25
ERR4810892,sensitive,katG,GCC,1.77
ERR4810892,sensitive,katG,GCT,0.47
ERR4810892,sensitive,katG,AGC,2.0
ERR4810892,sensitive,katG,AAC,1.93
ERR4810892,sensitive,katG,GGC,2.38
ERR4810892,sensitive,katG,TGT,1.33
ERR4810892,sensitive,katG,GTC,2.0
ERR4810892,sensitive,katG,GGT,0.71
ERR4810892,sensitive,katG,CAT,0.33
ERR4810892,sensitive,katG,ATG,1.0
ERR4810892,sensitive,katG,AAA,0.23
ERR4810892,sensitive,katG,TAC,1.52
ERR4810892,sensitive,katG,CAG,1.52
ERR4810892,sensitive,katG,GAC,1.52
ERR4810892,sensitive,katG,TGG,1.0
ERR4810892,sensitive,katG,CGG,1.89
ERR4810892,sensitive,katG,CTC,1.33
ERR4810892,sensitive,katG,AAT,0.07
ERR4810892,sensitive,katG,CTG,3.43
ERR4810892,sensitive,katG,AAG,1.77
ERR4810892,sensitive,katG,GTA,0.23
ERR4810892,sensitive,katG,CCG,2.0
ERR4810892,sensitive,katG,GCG,1.4
ERR4810892,sensitive,katG,TTC,1.77
ERR4810892,sensitive,katG,TAT,0.48
ERR4810892,sensitive,katG,ATC,2.28
ERR4810892,sensitive,katG,GTT,0.31
ERR4810892,sensitive,katG,ACG,1.14
ERR4810892,sensitive,katG,TCG,1.83
ERR4810892,sensitive,katG,GGG,0.66
ERR4810892,sensitive,katG,TTT,0.23
ERR4810892,sensitive,katG,CGC,2.91
ERR4810892,sensitive,katG,CTT,0.48
ERR4810892,sensitive,katG,TTG,0.57
ERR4810892,sensitive,katG,TCA,0.67
ERR4810892,sensitive,katG,TGC,0.67
ERR4810892,sensitive,katG,GAT,0.48
ERR4810892,sensitive,katG,CGT,0.51
ERR4810892,sensitive,katG,ACT,0.29
ERR4810892,sensitive,katG,AGT,0.5
ERR4810892,sensitive,katG,CCT,0.24
ERR4810892,sensitive,katG,TCC,1.0
ERR4810892,sensitive,katG,CGA,0.34
ERR4810892,sensitive,katG,AGA,0.17
ERR4810892,sensitive,katG,GCA,0.36
ERR4810892,sensitive,katG,CTA,0.1
ERR4810892,sensitive,katG,ATA,0.12
ERR4810892,sensitive,katG,TTA,0.1
ERR4810892,sensitive,katG,AGG,0.17
ERR4810892,sensitive,gyrA,ATG,1.0
ERR4810892,sensitive,gyrA,ACA,0.26
ERR4810892,sensitive,gyrA,GAC,1.68
ERR4810892,sensitive,gyrA,ACG,0.77
ERR4810892,sensitive,gyrA,TTG,0.91
ERR4810892,sensitive,gyrA,CCG,2.34
ERR4810892,sensitive,gyrA,CCT,0.28
ERR4810892,sensitive,gyrA,TCG,2.31
ERR4810892,sensitive,gyrA,CTC,0.53
ERR4810892,sensitive,gyrA,CGG,1.95
ERR4810892,sensitive,gyrA,ATC,2.56
ERR4810892,sensitive,gyrA,GAA,0.65
ERR4810892,sensitive,gyrA,GTT,0.7
ERR4810892,sensitive,gyrA,CAG,1.88
ERR4810892,sensitive,gyrA,GAG,1.35
ERR4810892,sensitive,gyrA,CGC,2.92
ERR4810892,sensitive,gyrA,AGC,1.38
ERR4810892,sensitive,gyrA,TAC,1.28
ERR4810892,sensitive,gyrA,TAT,0.72
ERR4810892,sensitive,gyrA,GCG,1.45
ERR4810892,sensitive,gyrA,GTG,1.74
ERR4810892,sensitive,gyrA,GTC,1.45
ERR4810892,sensitive,gyrA,GGC,2.26
ERR4810892,sensitive,gyrA,CTG,4.18
ERR4810892,sensitive,gyrA,GGG,0.64
ERR4810892,sensitive,gyrA,AAG,1.28
ERR4810892,sensitive,gyrA,CCC,0.97
ERR4810892,sensitive,gyrA,CAT,0.14
ERR4810892,sensitive,gyrA,GCA,0.43
ERR4810892,sensitive,gyrA,TTC,1.88
ERR4810892,sensitive,gyrA,GAT,0.32
ERR4810892,sensitive,gyrA,TCC,1.69
ERR4810892,sensitive,gyrA,CAC,1.86
ERR4810892,sensitive,gyrA,GCC,2.07
ERR4810892,sensitive,gyrA,ACC,2.55
ERR4810892,sensitive,gyrA,AAC,1.38
ERR4810892,sensitive,gyrA,TGG,1.0
ERR4810892,sensitive,gyrA,CCA,0.41
ERR4810892,sensitive,gyrA,AAT,0.62
ERR4810892,sensitive,gyrA,AGG,0.38
ERR4810892,sensitive,gyrA,CAA,0.12
ERR4810892,sensitive,gyrA,CTA,0.15
ERR4810892,sensitive,gyrA,TCA,0.31
ERR4810892,sensitive,gyrA,CGT,0.53
ERR4810892,sensitive,gyrA,AAA,0.72
ERR4810892,sensitive,gyrA,GGA,0.52
ERR4810892,sensitive,gyrA,GCT,0.05
ERR4810892,sensitive,gyrA,ACT,0.43
ERR4810892,sensitive,gyrA,ATT,0.44
ERR4810892,sensitive,gyrA,CGA,0.23
ERR4810892,sensitive,gyrA,GTA,0.12
ERR4810892,sensitive,gyrA,GGT,0.58
ERR4810892,sensitive,gyrA,TCT,0.15
ERR4810892,sensitive,gyrA,TTA,0.15
ERR4810892,sensitive,gyrA,CTT,0.08
ERR4810892,sensitive,gyrA,TTT,0.12
ERR4810892,sensitive,gyrA,TGC,1.0
ERR4810892,sensitive,gyrA,TGT,1.0
ERR4810892,sensitive,gyrA,AGT,0.15
ERR4810894,sensitive,rpoB,TTG,0.8
ERR4810894,sensitive,rpoB,GCA,0.24
ERR4810894,sensitive,rpoB,GAT,0.21
ERR4810894,sensitive,rpoB,TCC,1.52
ERR4810894,sensitive,rpoB,CGC,3.11
ERR4810894,sensitive,rpoB,CAG,1.76
ERR4810894,sensitive,rpoB,AGC,1.01
ERR4810894,sensitive,rpoB,AAA,0.24
ERR4810894,sensitive,rpoB,ACA,0.13
ERR4810894,sensitive,rpoB,GCC,2.22
ERR4810894,sensitive,rpoB,GCT,0.24
ERR4810894,sensitive,rpoB,AGT,0.59
ERR4810894,sensitive,rpoB,CCT,0.18
ERR4810894,sensitive,rpoB,CCG,2.65
ERR4810894,sensitive,rpoB,CAA,0.24
ERR4810894,sensitive,rpoB,TCG,2.45
ERR4810894,sensitive,rpoB,AAT,0.15
ERR4810894,sensitive,rpoB,AAC,1.85
ERR4810894,sensitive,rpoB,GTA,0.04
ERR4810894,sensitive,rpoB,CCC,0.92
ERR4810894,sensitive,rpoB,GGA,0.12
ERR4810894,sensitive,rpoB,GCG,1.3
ERR4810894,sensitive,rpoB,CCA,0.25
ERR4810894,sensitive,rpoB,CGG,1.66
ERR4810894,sensitive,rpoB,GTC,1.69
ERR4810894,sensitive,rpoB,TTC,1.82
ERR4810894,sensitive,rpoB,AAG,1.76
ERR4810894,sensitive,rpoB,CTG,4.14
ERR4810894,sensitive,rpoB,GAA,0.37
ERR4810894,sensitive,rpoB,CTT,0.25
ERR4810894,sensitive,rpoB,GAG,1.63
ERR4810894,sensitive,rpoB,GTT,0.25
ERR4810894,sensitive,rpoB,CTC,0.74
ERR4810894,sensitive,rpoB,GAC,1.79
ERR4810894,sensitive,rpoB,ACC,2.6
ERR4810894,sensitive,rpoB,TGG,1.0
ERR4810894,sensitive,rpoB,ATC,2.63
ERR4810894,sensitive,rpoB,GGT,1.08
ERR4810894,sensitive,rpoB,GTG,2.02
ERR4810894,sensitive,rpoB,GGC,2.08
ERR4810894,sensitive,rpoB,TAC,1.75
ERR4810894,sensitive,rpoB,TCT,0.25
ERR4810894,sensitive,rpoB,GGG,0.71
ERR4810894,sensitive,rpoB,ATG,1.0
ERR4810894,sensitive,rpoB,CGT,0.8
ERR4810894,sensitive,rpoB,TGC,1.56
ERR4810894,sensitive,rpoB,ACG,1.02
ERR4810894,sensitive,rpoB,ATT,0.37
ERR4810894,sensitive,rpoB,CAC,1.82
ERR4810894,sensitive,rpoB,CGA,0.36
ERR4810894,sensitive,rpoB,TTT,0.18
ERR4810894,sensitive,rpoB,TCA,0.17
ERR4810894,sensitive,rpoB,TAT,0.25
ERR4810894,sensitive,rpoB,CAT,0.18
ERR4810894,sensitive,rpoB,ACT,0.25
ERR4810894,sensitive,rpoB,TGT,0.44
ERR4810894,sensitive,rpoB,AGG,0.07
ERR4810894,sensitive,rpoB,CTA,0.06
ERR4810894,sensitive,katG,GTG,1.46
ERR4810894,sensitive,katG,CCC,1.44
ERR4810894,sensitive,katG,GAG,1.45
ERR4810894,sensitive,katG,CAA,0.48
ERR4810894,sensitive,katG,CAC,1.67
ERR4810894,sensitive,katG,CCA,0.32
ERR4810894,sensitive,katG,ATT,0.6
ERR4810894,sensitive,katG,ACA,0.19
ERR4810894,sensitive,katG,GAA,0.55
ERR4810894,sensitive,katG,ACC,2.38
ERR4810894,sensitive,katG,GGA,0.25
ERR4810894,sensitive,katG,GCC,1.77
ERR4810894,sensitive,katG,GCT,0.47
ERR4810894,sensitive,katG,AGC,2.0
ERR4810894,sensitive,katG,AAC,1.93
ERR4810894,sensitive,katG,GGC,2.38
ERR4810894,sensitive,katG,TGT,1.33
ERR4810894,sensitive,katG,GTC,2.0
ERR4810894,sensitive,katG,GGT,0.71
ERR4810894,sensitive,katG,CAT,0.33
ERR4810894,sensitive,katG,ATG,1.0
ERR4810894,sensitive,katG,AAA,0.23
ERR4810894,sensitive,katG,TAC,1.52
ERR4810894,sensitive,katG,CAG,1.52
ERR4810894,sensitive,katG,GAC,1.52
ERR4810894,sensitive,katG,TGG,1.0
ERR4810894,sensitive,katG,CGG,1.89
ERR4810894,sensitive,katG,CTC,1.33
ERR4810894,sensitive,katG,AAT,0.07
ERR4810894,sensitive,katG,CTG,3.43
ERR4810894,sensitive,katG,AAG,1.77
ERR4810894,sensitive,katG,GTA,0.23
ERR4810894,sensitive,katG,CCG,2.0
ERR4810894,sensitive,katG,GCG,1.4
ERR4810894,sensitive,katG,TTC,1.77
ERR4810894,sensitive,katG,TAT,0.48
ERR4810894,sensitive,katG,ATC,2.28
ERR4810894,sensitive,katG,GTT,0.31
ERR4810894,sensitive,katG,ACG,1.14
ERR4810894,sensitive,katG,TCG,1.83
ERR4810894,sensitive,katG,GGG,0.66
ERR4810894,sensitive,katG,TTT,0.23
ERR4810894,sensitive,katG,CGC,2.91
ERR4810894,sensitive,katG,CTT,0.48
ERR4810894,sensitive,katG,TTG,0.57
ERR4810894,sensitive,katG,TCA,0.67
ERR4810894,sensitive,katG,TGC,0.67
ERR4810894,sensitive,katG,GAT,0.48
ERR4810894,sensitive,katG,CGT,0.51
ERR4810894,sensitive,katG,ACT,0.29
ERR4810894,sensitive,katG,AGT,0.5
ERR4810894,sensitive,katG,CCT,0.24
ERR4810894,sensitive,katG,TCC,1.0
ERR4810894,sensitive,katG,CGA,0.34
ERR4810894,sensitive,katG,AGA,0.17
ERR4810894,sensitive,katG,GCA,0.36
ERR4810894,sensitive,katG,CTA,0.1
ERR4810894,sensitive,katG,ATA,0.12
ERR4810894,sensitive,katG,TTA,0.1
ERR4810894,sensitive,katG,AGG,0.17
ERR4810894,sensitive,gyrA,ATG,1.0
ERR4810894,sensitive,gyrA,ACA,0.26
ERR4810894,sensitive,gyrA,GAC,1.68
ERR4810894,sensitive,gyrA,ACG,0.77
ERR4810894,sensitive,gyrA,TTG,0.91
ERR4810894,sensitive,gyrA,CCG,2.34
ERR4810894,sensitive,gyrA,CCT,0.28
ERR4810894,sensitive,gyrA,TCG,2.31
ERR4810894,sensitive,gyrA,CTC,0.53
ERR4810894,sensitive,gyrA,CGG,1.95
ERR4810894,sensitive,gyrA,ATC,2.56
ERR4810894,sensitive,gyrA,GAA,0.65
ERR4810894,sensitive,gyrA,GTT,0.7
ERR4810894,sensitive,gyrA,CAG,1.88
ERR4810894,sensitive,gyrA,GAG,1.35
ERR4810894,sensitive,gyrA,CGC,2.92
ERR4810894,sensitive,gyrA,AGC,1.38
ERR4810894,sensitive,gyrA,TAC,1.28
ERR4810894,sensitive,gyrA,TAT,0.72
ERR4810894,sensitive,gyrA,GCG,1.45
ERR4810894,sensitive,gyrA,GTG,1.74
ERR4810894,sensitive,gyrA,GTC,1.45
ERR4810894,sensitive,gyrA,GGC,2.26
ERR4810894,sensitive,gyrA,CTG,4.18
ERR4810894,sensitive,gyrA,GGG,0.64
ERR4810894,sensitive,gyrA,AAG,1.28
ERR4810894,sensitive,gyrA,CCC,0.97
ERR4810894,sensitive,gyrA,CAT,0.14
ERR4810894,sensitive,gyrA,GCA,0.43
ERR4810894,sensitive,gyrA,TTC,1.88
ERR4810894,sensitive,gyrA,GAT,0.32
ERR4810894,sensitive,gyrA,TCC,1.69
ERR4810894,sensitive,gyrA,CAC,1.86
ERR4810894,sensitive,gyrA,GCC,2.07
ERR4810894,sensitive,gyrA,ACC,2.55
ERR4810894,sensitive,gyrA,AAC,1.38
ERR4810894,sensitive,gyrA,TGG,1.0
ERR4810894,sensitive,gyrA,CCA,0.41
ERR4810894,sensitive,gyrA,AAT,0.62
ERR4810894,sensitive,gyrA,AGG,0.38
ERR4810894,sensitive,gyrA,CAA,0.12
ERR4810894,sensitive,gyrA,CTA,0.15
ERR4810894,sensitive,gyrA,TCA,0.31
ERR4810894,sensitive,gyrA,CGT,0.53
ERR4810894,sensitive,gyrA,AAA,0.72
ERR4810894,sensitive,gyrA,GGA,0.52
ERR4810894,sensitive,gyrA,GCT,0.05
ERR4810894,sensitive,gyrA,ACT,0.43
ERR4810894,sensitive,gyrA,ATT,0.44
ERR4810894,sensitive,gyrA,CGA,0.23
ERR4810894,sensitive,gyrA,GTA,0.12
ERR4810894,sensitive,gyrA,GGT,0.58
ERR4810894,sensitive,gyrA,TCT,0.15
ERR4810894,sensitive,gyrA,TTA,0.15
ERR4810894,sensitive,gyrA,CTT,0.08
ERR4810894,sensitive,gyrA,TTT,0.12
ERR4810894,sensitive,gyrA,TGC,1.0
ERR4810894,sensitive,gyrA,TGT,1.0
ERR4810894,sensitive,gyrA,AGT,0.15
ERR4810895,sensitive,rpoB,TTG,0.8
ERR4810895,sensitive,rpoB,GCA,0.24
ERR4810895,sensitive,rpoB,GAT,0.21
ERR4810895,sensitive,rpoB,TCC,1.52
ERR4810895,sensitive,rpoB,CGC,3.18
ERR4810895,sensitive,rpoB,CAG,1.76
ERR4810895,sensitive,rpoB,AGC,1.01
ERR4810895,sensitive,rpoB,AAA,0.24
ERR4810895,sensitive,rpoB,ACA,0.13
ERR4810895,sensitive,rpoB,GCC,2.22
ERR4810895,sensitive,rpoB,GCT,0.24
ERR4810895,sensitive,rpoB,AGT,0.59
ERR4810895,sensitive,rpoB,CCT,0.18
ERR4810895,sensitive,rpoB,CCG,2.65
ERR4810895,sensitive,rpoB,CAA,0.24
ERR4810895,sensitive,rpoB,TCG,2.45
ERR4810895,sensitive,rpoB,AAT,0.15
ERR4810895,sensitive,rpoB,AAC,1.85
ERR4810895,sensitive,rpoB,GTA,0.04
ERR4810895,sensitive,rpoB,CCC,0.92
ERR4810895,sensitive,rpoB,GGA,0.12
ERR4810895,sensitive,rpoB,GCG,1.3
ERR4810895,sensitive,rpoB,CCA,0.25
ERR4810895,sensitive,rpoB,CGG,1.66
ERR4810895,sensitive,rpoB,GTC,1.69
ERR4810895,sensitive,rpoB,TTC,1.82
ERR4810895,sensitive,rpoB,AAG,1.76
ERR4810895,sensitive,rpoB,CTG,4.14
ERR4810895,sensitive,rpoB,GAA,0.37
ERR4810895,sensitive,rpoB,CTT,0.25
ERR4810895,sensitive,rpoB,GAG,1.63
ERR4810895,sensitive,rpoB,GTT,0.25
ERR4810895,sensitive,rpoB,CTC,0.74
ERR4810895,sensitive,rpoB,GAC,1.79
ERR4810895,sensitive,rpoB,ACC,2.6
ERR4810895,sensitive,rpoB,TGG,1.0
ERR4810895,sensitive,rpoB,ATC,2.63
ERR4810895,sensitive,rpoB,GGT,1.08
ERR4810895,sensitive,rpoB,GTG,2.02
ERR4810895,sensitive,rpoB,GGC,2.08
ERR4810895,sensitive,rpoB,TAC,1.75
ERR4810895,sensitive,rpoB,TCT,0.25
ERR4810895,sensitive,rpoB,GGG,0.71
ERR4810895,sensitive,rpoB,ATG,1.0
ERR4810895,sensitive,rpoB,CGT,0.8
ERR4810895,sensitive,rpoB,TGC,1.56
ERR4810895,sensitive,rpoB,ACG,1.02
ERR4810895,sensitive,rpoB,ATT,0.37
ERR4810895,sensitive,rpoB,CAC,1.82
ERR4810895,sensitive,rpoB,TTT,0.18
ERR4810895,sensitive,rpoB,CGA,0.29
ERR4810895,sensitive,rpoB,TCA,0.17
ERR4810895,sensitive,rpoB,TAT,0.25
ERR4810895,sensitive,rpoB,CAT,0.18
ERR4810895,sensitive,rpoB,ACT,0.25
ERR4810895,sensitive,rpoB,TGT,0.44
ERR4810895,sensitive,rpoB,AGG,0.07
ERR4810895,sensitive,rpoB,CTA,0.06
ERR4810895,sensitive,katG,GTG,1.46
ERR4810895,sensitive,katG,CCC,1.44
ERR4810895,sensitive,katG,GAG,1.45
ERR4810895,sensitive,katG,CAA,0.48
ERR4810895,sensitive,katG,CAC,1.67
ERR4810895,sensitive,katG,CCA,0.32
ERR4810895,sensitive,katG,ATT,0.6
ERR4810895,sensitive,katG,ACA,0.19
ERR4810895,sensitive,katG,GAA,0.55
ERR4810895,sensitive,katG,ACC,2.38
ERR4810895,sensitive,katG,GGA,0.25
ERR4810895,sensitive,katG,GCC,1.77
ERR4810895,sensitive,katG,GCT,0.47
ERR4810895,sensitive,katG,AGC,2.0
ERR4810895,sensitive,katG,AAC,1.93
ERR4810895,sensitive,katG,GGC,2.38
ERR4810895,sensitive,katG,TGT,1.33
ERR4810895,sensitive,katG,GTC,2.0
ERR4810895,sensitive,katG,GGT,0.71
ERR4810895,sensitive,katG,CAT,0.33
ERR4810895,sensitive,katG,ATG,1.0
ERR4810895,sensitive,katG,AAA,0.23
ERR4810895,sensitive,katG,TAC,1.52
ERR4810895,sensitive,katG,CAG,1.52
ERR4810895,sensitive,katG,GAC,1.52
ERR4810895,sensitive,katG,TGG,1.0
ERR4810895,sensitive,katG,CGG,1.89
ERR4810895,sensitive,katG,CTC,1.33
ERR4810895,sensitive,katG,AAT,0.07
ERR4810895,sensitive,katG,CTG,3.43
ERR4810895,sensitive,katG,AAG,1.77
ERR4810895,sensitive,katG,GTA,0.23
ERR4810895,sensitive,katG,CCG,2.0
ERR4810895,sensitive,katG,GCG,1.4
ERR4810895,sensitive,katG,TTC,1.77
ERR4810895,sensitive,katG,TAT,0.48
ERR4810895,sensitive,katG,ATC,2.28
ERR4810895,sensitive,katG,GTT,0.31
ERR4810895,sensitive,katG,ACG,1.14
ERR4810895,sensitive,katG,TCG,1.83
ERR4810895,sensitive,katG,GGG,0.66
ERR4810895,sensitive,katG,TTT,0.23
ERR4810895,sensitive,katG,CGC,2.91
ERR4810895,sensitive,katG,CTT,0.48
ERR4810895,sensitive,katG,TTG,0.57
ERR4810895,sensitive,katG,TCA,0.67
ERR4810895,sensitive,katG,TGC,0.67
ERR4810895,sensitive,katG,GAT,0.48
ERR4810895,sensitive,katG,CGT,0.51
ERR4810895,sensitive,katG,ACT,0.29
ERR4810895,sensitive,katG,AGT,0.5
ERR4810895,sensitive,katG,CCT,0.24
ERR4810895,sensitive,katG,TCC,1.0
ERR4810895,sensitive,katG,CGA,0.34
ERR4810895,sensitive,katG,AGA,0.17
ERR4810895,sensitive,katG,GCA,0.36
ERR4810895,sensitive,katG,CTA,0.1
ERR4810895,sensitive,katG,ATA,0.12
ERR4810895,sensitive,katG,TTA,0.1
ERR4810895,sensitive,katG,AGG,0.17
ERR4810895,sensitive,gyrA,ATG,1.0
ERR4810895,sensitive,gyrA,ACA,0.26
ERR4810895,sensitive,gyrA,GAC,1.68
ERR4810895,sensitive,gyrA,ACG,0.77
ERR4810895,sensitive,gyrA,TTG,0.91
ERR4810895,sensitive,gyrA,CCG,2.34
ERR4810895,sensitive,gyrA,CCT,0.28
ERR4810895,sensitive,gyrA,TCG,2.31
ERR4810895,sensitive,gyrA,CTC,0.53
ERR4810895,sensitive,gyrA,CGG,1.95
ERR4810895,sensitive,gyrA,ATC,2.56
ERR4810895,sensitive,gyrA,GAA,0.65
ERR4810895,sensitive,gyrA,GTT,0.7
ERR4810895,sensitive,gyrA,CAG,1.88
ERR4810895,sensitive,gyrA,GAG,1.35
ERR4810895,sensitive,gyrA,CGC,2.92
ERR4810895,sensitive,gyrA,AGC,1.38
ERR4810895,sensitive,gyrA,TAC,1.28
ERR4810895,sensitive,gyrA,TAT,0.72
ERR4810895,sensitive,gyrA,GCG,1.45
ERR4810895,sensitive,gyrA,GTG,1.74
ERR4810895,sensitive,gyrA,GTC,1.45
ERR4810895,sensitive,gyrA,GGC,2.26
ERR4810895,sensitive,gyrA,CTG,4.18
ERR4810895,sensitive,gyrA,GGG,0.64
ERR4810895,sensitive,gyrA,AAG,1.28
ERR4810895,sensitive,gyrA,CCC,0.97
ERR4810895,sensitive,gyrA,CAT,0.14
ERR4810895,sensitive,gyrA,GCA,0.43
ERR4810895,sensitive,gyrA,TTC,1.88
ERR4810895,sensitive,gyrA,GAT,0.32
ERR4810895,sensitive,gyrA,TCC,1.69
ERR4810895,sensitive,gyrA,CAC,1.86
ERR4810895,sensitive,gyrA,GCC,2.07
ERR4810895,sensitive,gyrA,ACC,2.55
ERR4810895,sensitive,gyrA,AAC,1.38
ERR4810895,sensitive,gyrA,TGG,1.0
ERR4810895,sensitive,gyrA,CCA,0.41
ERR4810895,sensitive,gyrA,AAT,0.62
ERR4810895,sensitive,gyrA,AGG,0.38
ERR4810895,sensitive,gyrA,CAA,0.12
ERR4810895,sensitive,gyrA,CTA,0.15
ERR4810895,sensitive,gyrA,TCA,0.31
ERR4810895,sensitive,gyrA,CGT,0.53
ERR4810895,sensitive,gyrA,AAA,0.72
ERR4810895,sensitive,gyrA,GGA,0.52
ERR4810895,sensitive,gyrA,GCT,0.05
ERR4810895,sensitive,gyrA,ACT,0.43
ERR4810895,sensitive,gyrA,ATT,0.44
ERR4810895,sensitive,gyrA,CGA,0.23
ERR4810895,sensitive,gyrA,GTA,0.12
ERR4810895,sensitive,gyrA,GGT,0.58
ERR4810895,sensitive,gyrA,TCT,0.15
ERR4810895,sensitive,gyrA,TTA,0.15
ERR4810895,sensitive,gyrA,CTT,0.08
ERR4810895,sensitive,gyrA,TTT,0.12
ERR4810895,sensitive,gyrA,TGC,1.0
ERR4810895,sensitive,gyrA,TGT,1.0
ERR4810895,sensitive,gyrA,AGT,0.15
ERR4810896,sensitive,rpoB,TTG,0.8
ERR4810896,sensitive,rpoB,GCA,0.24
ERR4810896,sensitive,rpoB,GAT,0.21
ERR4810896,sensitive,rpoB,TCC,1.52
ERR4810896,sensitive,rpoB,CGC,3.18
ERR4810896,sensitive,rpoB,CAG,1.76
ERR4810896,sensitive,rpoB,AGC,1.01
ERR4810896,sensitive,rpoB,AAA,0.24
ERR4810896,sensitive,rpoB,ACA,0.13
ERR4810896,sensitive,rpoB,GCC,2.17
ERR4810896,sensitive,rpoB,GCT,0.29
ERR4810896,sensitive,rpoB,AGT,0.59
ERR4810896,sensitive,rpoB,CCT,0.18
ERR4810896,sensitive,rpoB,CCG,2.65
ERR4810896,sensitive,rpoB,CAA,0.24
ERR4810896,sensitive,rpoB,TCG,2.45
ERR4810896,sensitive,rpoB,AAT,0.15
ERR4810896,sensitive,rpoB,AAC,1.85
ERR4810896,sensitive,rpoB,GTA,0.04
ERR4810896,sensitive,rpoB,CCC,0.92
ERR4810896,sensitive,rpoB,GGA,0.12
ERR4810896,sensitive,rpoB,GCG,1.3
ERR4810896,sensitive,rpoB,CCA,0.25
ERR4810896,sensitive,rpoB,CGG,1.66
ERR4810896,sensitive,rpoB,GTC,1.69
ERR4810896,sensitive,rpoB,TTC,1.82
ERR4810896,sensitive,rpoB,AAG,1.76
ERR4810896,sensitive,rpoB,CTG,4.14
ERR4810896,sensitive,rpoB,GAA,0.37
ERR4810896,sensitive,rpoB,CTT,0.25
ERR4810896,sensitive,rpoB,GAG,1.63
ERR4810896,sensitive,rpoB,GTT,0.25
ERR4810896,sensitive,rpoB,CTC,0.74
ERR4810896,sensitive,rpoB,GAC,1.79
ERR4810896,sensitive,rpoB,ACC,2.6
ERR4810896,sensitive,rpoB,TGG,1.0
ERR4810896,sensitive,rpoB,ATC,2.63
ERR4810896,sensitive,rpoB,GGT,1.08
ERR4810896,sensitive,rpoB,GTG,2.02
ERR4810896,sensitive,rpoB,GGC,2.08
ERR4810896,sensitive,rpoB,TAC,1.75
ERR4810896,sensitive,rpoB,TCT,0.25
ERR4810896,sensitive,rpoB,GGG,0.71
ERR4810896,sensitive,rpoB,ATG,1.0
ERR4810896,sensitive,rpoB,CGT,0.8
ERR4810896,sensitive,rpoB,TGC,1.56
ERR4810896,sensitive,rpoB,ACG,1.02
ERR4810896,sensitive,rpoB,ATT,0.37
ERR4810896,sensitive,rpoB,CAC,1.82
ERR4810896,sensitive,rpoB,TTT,0.18
ERR4810896,sensitive,rpoB,CGA,0.29
ERR4810896,sensitive,rpoB,TCA,0.17
ERR4810896,sensitive,rpoB,TAT,0.25
ERR4810896,sensitive,rpoB,CAT,0.18
ERR4810896,sensitive,rpoB,ACT,0.25
ERR4810896,sensitive,rpoB,TGT,0.44
ERR4810896,sensitive,rpoB,AGG,0.07
ERR4810896,sensitive,rpoB,CTA,0.06
ERR4810896,sensitive,katG,GTG,1.46
ERR4810896,sensitive,katG,CCC,1.44
ERR4810896,sensitive,katG,GAG,1.45
ERR4810896,sensitive,katG,CAA,0.48
ERR4810896,sensitive,katG,CAC,1.67
ERR4810896,sensitive,katG,CCA,0.32
ERR4810896,sensitive,katG,ATT,0.6
ERR4810896,sensitive,katG,ACA,0.19
ERR4810896,sensitive,katG,GAA,0.55
ERR4810896,sensitive,katG,ACC,2.38
ERR4810896,sensitive,katG,GGA,0.25
ERR4810896,sensitive,katG,GCC,1.77
ERR4810896,sensitive,katG,GCT,0.47
ERR4810896,sensitive,katG,AGC,2.0
ERR4810896,sensitive,katG,AAC,1.93
ERR4810896,sensitive,katG,GGC,2.38
ERR4810896,sensitive,katG,TGT,1.33
ERR4810896,sensitive,katG,GTC,2.0
ERR4810896,sensitive,katG,GGT,0.71
ERR4810896,sensitive,katG,CAT,0.33
ERR4810896,sensitive,katG,ATG,1.0
ERR4810896,sensitive,katG,AAA,0.23
ERR4810896,sensitive,katG,TAC,1.52
ERR4810896,sensitive,katG,CAG,1.52
ERR4810896,sensitive,katG,GAC,1.52
ERR4810896,sensitive,katG,TGG,1.0
ERR4810896,sensitive,katG,CGG,2.0
ERR4810896,sensitive,katG,CTC,1.35
ERR4810896,sensitive,katG,AAT,0.07
ERR4810896,sensitive,katG,CTG,3.39
ERR4810896,sensitive,katG,AAG,1.77
ERR4810896,sensitive,katG,GTA,0.23
ERR4810896,sensitive,katG,CCG,2.0
ERR4810896,sensitive,katG,GCG,1.4
ERR4810896,sensitive,katG,TTC,1.77
ERR4810896,sensitive,katG,TAT,0.48
ERR4810896,sensitive,katG,ATC,2.28
ERR4810896,sensitive,katG,GTT,0.31
ERR4810896,sensitive,katG,ACG,1.14
ERR4810896,sensitive,katG,TCG,1.83
ERR4810896,sensitive,katG,GGG,0.66
ERR4810896,sensitive,katG,TTT,0.23
ERR4810896,sensitive,katG,CGC,2.83
ERR4810896,sensitive,katG,CTT,0.48
ERR4810896,sensitive,katG,TTG,0.58
ERR4810896,sensitive,katG,TCA,0.67
ERR4810896,sensitive,katG,TGC,0.67
ERR4810896,sensitive,katG,GAT,0.48
ERR4810896,sensitive,katG,CGT,0.5
ERR4810896,sensitive,katG,ACT,0.29
ERR4810896,sensitive,katG,AGT,0.5
ERR4810896,sensitive,katG,CCT,0.24
ERR4810896,sensitive,katG,TCC,1.0
ERR4810896,sensitive,katG,CGA,0.33
ERR4810896,sensitive,katG,AGA,0.17
ERR4810896,sensitive,katG,GCA,0.36
ERR4810896,sensitive,katG,CTA,0.1
ERR4810896,sensitive,katG,ATA,0.12
ERR4810896,sensitive,katG,TTA,0.1
ERR4810896,sensitive,katG,AGG,0.17
ERR4810896,sensitive,gyrA,ATG,1.0
ERR4810896,sensitive,gyrA,ACA,0.26
ERR4810896,sensitive,gyrA,GAC,1.68
ERR4810896,sensitive,gyrA,ACG,0.77
ERR4810896,sensitive,gyrA,TTG,0.91
ERR4810896,sensitive,gyrA,CCG,2.34
ERR4810896,sensitive,gyrA,CCT,0.28
ERR4810896,sensitive,gyrA,TCG,2.31
ERR4810896,sensitive,gyrA,CTC,0.53
ERR4810896,sensitive,gyrA,CGG,1.95
ERR4810896,sensitive,gyrA,ATC,2.56
ERR4810896,sensitive,gyrA,GAA,0.65
ERR4810896,sensitive,gyrA,GTT,0.7
ERR4810896,sensitive,gyrA,CAG,1.88
ERR4810896,sensitive,gyrA,GAG,1.35
ERR4810896,sensitive,gyrA,CGC,2.92
ERR4810896,sensitive,gyrA,AGC,1.38
ERR4810896,sensitive,gyrA,TAC,1.28
ERR4810896,sensitive,gyrA,TAT,0.72
ERR4810896,sensitive,gyrA,GCG,1.45
ERR4810896,sensitive,gyrA,GTG,1.74
ERR4810896,sensitive,gyrA,GTC,1.45
ERR4810896,sensitive,gyrA,GGC,2.26
ERR4810896,sensitive,gyrA,CTG,4.18
ERR4810896,sensitive,gyrA,GGG,0.64
ERR4810896,sensitive,gyrA,AAG,1.28
ERR4810896,sensitive,gyrA,CCC,0.97
ERR4810896,sensitive,gyrA,CAT,0.14
ERR4810896,sensitive,gyrA,GCA,0.43
ERR4810896,sensitive,gyrA,TTC,1.88
ERR4810896,sensitive,gyrA,GAT,0.32
ERR4810896,sensitive,gyrA,TCC,1.69
ERR4810896,sensitive,gyrA,CAC,1.86
ERR4810896,sensitive,gyrA,GCC,2.07
ERR4810896,sensitive,gyrA,ACC,2.55
ERR4810896,sensitive,gyrA,AAC,1.38
ERR4810896,sensitive,gyrA,TGG,1.0
ERR4810896,sensitive,gyrA,CCA,0.41
ERR4810896,sensitive,gyrA,AAT,0.62
ERR4810896,sensitive,gyrA,AGG,0.38
ERR4810896,sensitive,gyrA,CAA,0.12
ERR4810896,sensitive,gyrA,CTA,0.15
ERR4810896,sensitive,gyrA,TCA,0.31
ERR4810896,sensitive,gyrA,CGT,0.53
ERR4810896,sensitive,gyrA,AAA,0.72
ERR4810896,sensitive,gyrA,GGA,0.52
ERR4810896,sensitive,gyrA,GCT,0.05
ERR4810896,sensitive,gyrA,ACT,0.43
ERR4810896,sensitive,gyrA,ATT,0.44
ERR4810896,sensitive,gyrA,CGA,0.23
ERR4810896,sensitive,gyrA,GTA,0.12
ERR4810896,sensitive,gyrA,GGT,0.58
ERR4810896,sensitive,gyrA,TCT,0.15
ERR4810896,sensitive,gyrA,TTA,0.15
ERR4810896,sensitive,gyrA,CTT,0.08
ERR4810896,sensitive,gyrA,TTT,0.12
ERR4810896,sensitive,gyrA,TGC,1.0
ERR4810896,sensitive,gyrA,TGT,1.0
ERR4810896,sensitive,gyrA,AGT,0.15
ERR4810897,sensitive,rpoB,TTG,0.8
ERR4810897,sensitive,rpoB,GCA,0.24
ERR4810897,sensitive,rpoB,GAT,0.21
ERR4810897,sensitive,rpoB,TCC,1.52
ERR4810897,sensitive,rpoB,CGC,3.18
ERR4810897,sensitive,rpoB,CAG,1.76
ERR4810897,sensitive,rpoB,AGC,1.01
ERR4810897,sensitive,rpoB,AAA,0.24
ERR4810897,sensitive,rpoB,ACA,0.13
ERR4810897,sensitive,rpoB,GCC,2.17
ERR4810897,sensitive,rpoB,GCT,0.29
ERR4810897,sensitive,rpoB,AGT,0.59
ERR4810897,sensitive,rpoB,CCT,0.18
ERR4810897,sensitive,rpoB,CCG,2.65
ERR4810897,sensitive,rpoB,CAA,0.24
ERR4810897,sensitive,rpoB,TCG,2.45
ERR4810897,sensitive,rpoB,AAT,0.15
ERR4810897,sensitive,rpoB,AAC,1.85
ERR4810897,sensitive,rpoB,GTA,0.04
ERR4810897,sensitive,rpoB,CCC,0.92
ERR4810897,sensitive,rpoB,GGA,0.12
ERR4810897,sensitive,rpoB,GCG,1.3
ERR4810897,sensitive,rpoB,CCA,0.25
ERR4810897,sensitive,rpoB,CGG,1.59
ERR4810897,sensitive,rpoB,GTC,1.69
ERR4810897,sensitive,rpoB,TTC,1.82
ERR4810897,sensitive,rpoB,AAG,1.76
ERR4810897,sensitive,rpoB,CTG,4.14
ERR4810897,sensitive,rpoB,GAA,0.37
ERR4810897,sensitive,rpoB,CTT,0.25
ERR4810897,sensitive,rpoB,GAG,1.63
ERR4810897,sensitive,rpoB,GTT,0.25
ERR4810897,sensitive,rpoB,CTC,0.74
ERR4810897,sensitive,rpoB,GAC,1.79
ERR4810897,sensitive,rpoB,ACC,2.6
ERR4810897,sensitive,rpoB,TGG,1.0
ERR4810897,sensitive,rpoB,ATC,2.63
ERR4810897,sensitive,rpoB,GGT,1.08
ERR4810897,sensitive,rpoB,CGA,0.36
ERR4810897,sensitive,rpoB,GTG,2.02
ERR4810897,sensitive,rpoB,GGC,2.08
ERR4810897,sensitive,rpoB,TAC,1.75
ERR4810897,sensitive,rpoB,TCT,0.25
ERR4810897,sensitive,rpoB,GGG,0.71
ERR4810897,sensitive,rpoB,ATG,1.0
ERR4810897,sensitive,rpoB,CGT,0.8
ERR4810897,sensitive,rpoB,TGC,1.56
ERR4810897,sensitive,rpoB,ACG,1.02
ERR4810897,sensitive,rpoB,ATT,0.37
ERR4810897,sensitive,rpoB,CAC,1.82
ERR4810897,sensitive,rpoB,TTT,0.18
ERR4810897,sensitive,rpoB,TCA,0.17
ERR4810897,sensitive,rpoB,TAT,0.25
ERR4810897,sensitive,rpoB,CAT,0.18
ERR4810897,sensitive,rpoB,ACT,0.25
ERR4810897,sensitive,rpoB,TGT,0.44
ERR4810897,sensitive,rpoB,AGG,0.07
ERR4810897,sensitive,rpoB,CTA,0.06
ERR4810897,sensitive,katG,GTG,1.46
ERR4810897,sensitive,katG,CCC,1.44
ERR4810897,sensitive,katG,GAG,1.45
ERR4810897,sensitive,katG,CAA,0.48
ERR4810897,sensitive,katG,CAC,1.67
ERR4810897,sensitive,katG,CCA,0.32
ERR4810897,sensitive,katG,ATT,0.6
ERR4810897,sensitive,katG,ACA,0.19
ERR4810897,sensitive,katG,GAA,0.55
ERR4810897,sensitive,katG,ACC,2.38
ERR4810897,sensitive,katG,GGA,0.25
ERR4810897,sensitive,katG,GCC,1.77
ERR4810897,sensitive,katG,GCT,0.47
ERR4810897,sensitive,katG,AGC,2.0
ERR4810897,sensitive,katG,AAC,1.93
ERR4810897,sensitive,katG,GGC,2.38
ERR4810897,sensitive,katG,TGT,1.33
ERR4810897,sensitive,katG,GTC,2.0
ERR4810897,sensitive,katG,GGT,0.71
ERR4810897,sensitive,katG,CAT,0.33
ERR4810897,sensitive,katG,ATG,1.0
ERR4810897,sensitive,katG,AAA,0.23
ERR4810897,sensitive,katG,TAC,1.52
ERR4810897,sensitive,katG,CAG,1.52
ERR4810897,sensitive,katG,GAC,1.52
ERR4810897,sensitive,katG,TGG,1.0
ERR4810897,sensitive,katG,CGG,2.0
ERR4810897,sensitive,katG,CTC,1.35
ERR4810897,sensitive,katG,AAT,0.07
ERR4810897,sensitive,katG,CTG,3.39
ERR4810897,sensitive,katG,AAG,1.77
ERR4810897,sensitive,katG,GTA,0.23
ERR4810897,sensitive,katG,CCG,2.0
ERR4810897,sensitive,katG,GCG,1.4
ERR4810897,sensitive,katG,TTC,1.77
ERR4810897,sensitive,katG,TAT,0.48
ERR4810897,sensitive,katG,ATC,2.28
ERR4810897,sensitive,katG,GTT,0.31
ERR4810897,sensitive,katG,ACG,1.14
ERR4810897,sensitive,katG,TCG,1.83
ERR4810897,sensitive,katG,GGG,0.66
ERR4810897,sensitive,katG,TTT,0.23
ERR4810897,sensitive,katG,CGC,2.83
ERR4810897,sensitive,katG,CTT,0.48
ERR4810897,sensitive,katG,TTG,0.58
ERR4810897,sensitive,katG,TCA,0.67
ERR4810897,sensitive,katG,TGC,0.67
ERR4810897,sensitive,katG,GAT,0.48
ERR4810897,sensitive,katG,CGT,0.5
ERR4810897,sensitive,katG,ACT,0.29
ERR4810897,sensitive,katG,AGT,0.5
ERR4810897,sensitive,katG,CCT,0.24
ERR4810897,sensitive,katG,TCC,1.0
ERR4810897,sensitive,katG,CGA,0.33
ERR4810897,sensitive,katG,AGA,0.17
ERR4810897,sensitive,katG,GCA,0.36
ERR4810897,sensitive,katG,CTA,0.1
ERR4810897,sensitive,katG,ATA,0.12
ERR4810897,sensitive,katG,TTA,0.1
ERR4810897,sensitive,katG,AGG,0.17
ERR4810897,sensitive,gyrA,ATG,1.0
ERR4810897,sensitive,gyrA,ACA,0.26
ERR4810897,sensitive,gyrA,GAC,1.68
ERR4810897,sensitive,gyrA,ACG,0.77
ERR4810897,sensitive,gyrA,TTG,0.91
ERR4810897,sensitive,gyrA,CCG,2.34
ERR4810897,sensitive,gyrA,CCT,0.28
ERR4810897,sensitive,gyrA,TCG,2.31
ERR4810897,sensitive,gyrA,CTC,0.53
ERR4810897,sensitive,gyrA,CGG,1.95
ERR4810897,sensitive,gyrA,ATC,2.56
ERR4810897,sensitive,gyrA,GAA,0.65
ERR4810897,sensitive,gyrA,GTT,0.7
ERR4810897,sensitive,gyrA,CAG,1.88
ERR4810897,sensitive,gyrA,GAG,1.35
ERR4810897,sensitive,gyrA,CGC,2.92
ERR4810897,sensitive,gyrA,AGC,1.38
ERR4810897,sensitive,gyrA,TAC,1.28
ERR4810897,sensitive,gyrA,TAT,0.72
ERR4810897,sensitive,gyrA,GCG,1.45
ERR4810897,sensitive,gyrA,GTG,1.74
ERR4810897,sensitive,gyrA,GTC,1.45
ERR4810897,sensitive,gyrA,GGC,2.26
ERR4810897,sensitive,gyrA,CTG,4.1
ERR4810897,sensitive,gyrA,GGG,0.64
ERR4810897,sensitive,gyrA,AAG,1.28
ERR4810897,sensitive,gyrA,CCC,0.97
ERR4810897,sensitive,gyrA,CAT,0.14
ERR4810897,sensitive,gyrA,GCA,0.43
ERR4810897,sensitive,gyrA,TTC,1.88
ERR4810897,sensitive,gyrA,GAT,0.32
ERR4810897,sensitive,gyrA,TCC,1.69
ERR4810897,sensitive,gyrA,CAC,1.86
ERR4810897,sensitive,gyrA,GCC,2.07
ERR4810897,sensitive,gyrA,ACC,2.55
ERR4810897,sensitive,gyrA,AAC,1.38
ERR4810897,sensitive,gyrA,TGG,1.0
ERR4810897,sensitive,gyrA,CCA,0.41
ERR4810897,sensitive,gyrA,AAT,0.62
ERR4810897,sensitive,gyrA,AGG,0.38
ERR4810897,sensitive,gyrA,CAA,0.12
ERR4810897,sensitive,gyrA,CTA,0.23
ERR4810897,sensitive,gyrA,TCA,0.31
ERR4810897,sensitive,gyrA,CGT,0.53
ERR4810897,sensitive,gyrA,AAA,0.72
ERR4810897,sensitive,gyrA,GGA,0.52
ERR4810897,sensitive,gyrA,GCT,0.05
ERR4810897,sensitive,gyrA,ACT,0.43
ERR4810897,sensitive,gyrA,ATT,0.44
ERR4810897,sensitive,gyrA,CGA,0.23
ERR4810897,sensitive,gyrA,GTA,0.12
ERR4810897,sensitive,gyrA,GGT,0.58
ERR4810897,sensitive,gyrA,TCT,0.15
ERR4810897,sensitive,gyrA,TTA,0.15
ERR4810897,sensitive,gyrA,CTT,0.08
ERR4810897,sensitive,gyrA,TTT,0.12
ERR4810897,sensitive,gyrA,TGC,1.0
ERR4810897,sensitive,gyrA,TGT,1.0
ERR4810897,sensitive,gyrA,AGT,0.15
ERR4810924,resistant,rpoB,TTG,0.8
ERR4810924,resistant,rpoB,GCA,0.24
ERR4810924,resistant,rpoB,GAT,0.21
ERR4810924,resistant,rpoB,TCC,1.52
ERR4810924,resistant,rpoB,CGC,3.18
ERR4810924,resistant,rpoB,CAG,1.76
ERR4810924,resistant,rpoB,AGC,1.01
ERR4810924,resistant,rpoB,AAA,0.24
ERR4810924,resistant,rpoB,ACA,0.13
ERR4810924,resistant,rpoB,GCC,2.22
ERR4810924,resistant,rpoB,GCT,0.24
ERR4810924,resistant,rpoB,AGT,0.59
ERR4810924,resistant,rpoB,CCT,0.18
ERR4810924,resistant,rpoB,CCG,2.65
ERR4810924,resistant,rpoB,CAA,0.24
ERR4810924,resistant,rpoB,TCG,2.45
ERR4810924,resistant,rpoB,AAT,0.15
ERR4810924,resistant,rpoB,AAC,1.85
ERR4810924,resistant,rpoB,GTA,0.04
ERR4810924,resistant,rpoB,CCC,0.92
ERR4810924,resistant,rpoB,GGA,0.12
ERR4810924,resistant,rpoB,GCG,1.3
ERR4810924,resistant,rpoB,CCA,0.25
ERR4810924,resistant,rpoB,CGG,1.66
ERR4810924,resistant,rpoB,GTC,1.69
ERR4810924,resistant,rpoB,TTC,1.82
ERR4810924,resistant,rpoB,AAG,1.76
ERR4810924,resistant,rpoB,CTG,4.14
ERR4810924,resistant,rpoB,GAA,0.37
ERR4810924,resistant,rpoB,CTT,0.25
ERR4810924,resistant,rpoB,GAG,1.63
ERR4810924,resistant,rpoB,GTT,0.25
ERR4810924,resistant,rpoB,CTC,0.74
ERR4810924,resistant,rpoB,GAC,1.79
ERR4810924,resistant,rpoB,ACC,2.6
ERR4810924,resistant,rpoB,TGG,1.0
ERR4810924,resistant,rpoB,ATC,2.63
ERR4810924,resistant,rpoB,GGT,1.08
ERR4810924,resistant,rpoB,GTG,2.02
ERR4810924,resistant,rpoB,GGC,2.08
ERR4810924,resistant,rpoB,TAC,1.76
ERR4810924,resistant,rpoB,TCT,0.25
ERR4810924,resistant,rpoB,GGG,0.71
ERR4810924,resistant,rpoB,ATG,1.0
ERR4810924,resistant,rpoB,CGT,0.8
ERR4810924,resistant,rpoB,TGC,1.56
ERR4810924,resistant,rpoB,ACG,1.02
ERR4810924,resistant,rpoB,ATT,0.37
ERR4810924,resistant,rpoB,CAC,1.81
ERR4810924,resistant,rpoB,TTT,0.18
ERR4810924,resistant,rpoB,CGA,0.29
ERR4810924,resistant,rpoB,TCA,0.17
ERR4810924,resistant,rpoB,TAT,0.24
ERR4810924,resistant,rpoB,CAT,0.19
ERR4810924,resistant,rpoB,ACT,0.25
ERR4810924,resistant,rpoB,TGT,0.44
ERR4810924,resistant,rpoB,AGG,0.07
ERR4810924,resistant,rpoB,CTA,0.06
ERR4810924,resistant,katG,GTG,1.46
ERR4810924,resistant,katG,CCC,1.44
ERR4810924,resistant,katG,GAG,1.45
ERR4810924,resistant,katG,CAA,0.48
ERR4810924,resistant,katG,CAC,1.67
ERR4810924,resistant,katG,CCA,0.32
ERR4810924,resistant,katG,ATT,0.6
ERR4810924,resistant,katG,ACA,0.19
ERR4810924,resistant,katG,GAA,0.55
ERR4810924,resistant,katG,ACC,2.42
ERR4810924,resistant,katG,GGA,0.25
ERR4810924,resistant,katG,GCC,1.77
ERR4810924,resistant,katG,GCT,0.47
ERR4810924,resistant,katG,AGC,1.89
ERR4810924,resistant,katG,AAC,1.93
ERR4810924,resistant,katG,GGC,2.38
ERR4810924,resistant,katG,TGT,1.33
ERR4810924,resistant,katG,GTC,2.0
ERR4810924,resistant,katG,GGT,0.71
ERR4810924,resistant,katG,CAT,0.33
ERR4810924,resistant,katG,ATG,1.0
ERR4810924,resistant,katG,AAA,0.23
ERR4810924,resistant,katG,TAC,1.52
ERR4810924,resistant,katG,CAG,1.52
ERR4810924,resistant,katG,GAC,1.52
ERR4810924,resistant,katG,TGG,1.0
ERR4810924,resistant,katG,CGG,1.89
ERR4810924,resistant,katG,CTC,1.33
ERR4810924,resistant,katG,AAT,0.07
ERR4810924,resistant,katG,CTG,3.43
ERR4810924,resistant,katG,AAG,1.77
ERR4810924,resistant,katG,GTA,0.23
ERR4810924,resistant,katG,CCG,2.0
ERR4810924,resistant,katG,GCG,1.4
ERR4810924,resistant,katG,TTC,1.77
ERR4810924,resistant,katG,TAT,0.48
ERR4810924,resistant,katG,ATC,2.28
ERR4810924,resistant,katG,GTT,0.31
ERR4810924,resistant,katG,ACG,1.12
ERR4810924,resistant,katG,TCG,1.89
ERR4810924,resistant,katG,GGG,0.66
ERR4810924,resistant,katG,TTT,0.23
ERR4810924,resistant,katG,CGC,2.91
ERR4810924,resistant,katG,CTT,0.48
ERR4810924,resistant,katG,TTG,0.57
ERR4810924,resistant,katG,TCA,0.69
ERR4810924,resistant,katG,TGC,0.67
ERR4810924,resistant,katG,GAT,0.48
ERR4810924,resistant,katG,CGT,0.51
ERR4810924,resistant,katG,ACT,0.28
ERR4810924,resistant,katG,AGT,0.51
ERR4810924,resistant,katG,CCT,0.24
ERR4810924,resistant,katG,TCC,1.03
ERR4810924,resistant,katG,CGA,0.34
ERR4810924,resistant,katG,AGA,0.17
ERR4810924,resistant,katG,GCA,0.36
ERR4810924,resistant,katG,CTA,0.1
ERR4810924,resistant,katG,ATA,0.12
ERR4810924,resistant,katG,TTA,0.1
ERR4810924,resistant,katG,AGG,0.17
ERR4810924,resistant,gyrA,ATG,1.0
ERR4810924,resistant,gyrA,ACA,0.26
ERR4810924,resistant,gyrA,GAC,1.68
ERR4810924,resistant,gyrA,ACG,0.77
ERR4810924,resistant,gyrA,TTG,0.91
ERR4810924,resistant,gyrA,CCG,2.34
ERR4810924,resistant,gyrA,CCT,0.28
ERR4810924,resistant,gyrA,TCG,2.31
ERR4810924,resistant,gyrA,CTC,0.53
ERR4810924,resistant,gyrA,CGG,1.95
ERR4810924,resistant,gyrA,ATC,2.56
ERR4810924,resistant,gyrA,GAA,0.65
ERR4810924,resistant,gyrA,GTT,0.7
ERR4810924,resistant,gyrA,CAG,1.88
ERR4810924,resistant,gyrA,GAG,1.35
ERR4810924,resistant,gyrA,CGC,2.92
ERR4810924,resistant,gyrA,AGC,1.38
ERR4810924,resistant,gyrA,TAC,1.28
ERR4810924,resistant,gyrA,TAT,0.72
ERR4810924,resistant,gyrA,GCG,1.45
ERR4810924,resistant,gyrA,GTG,1.74
ERR4810924,resistant,gyrA,GTC,1.45
ERR4810924,resistant,gyrA,GGC,2.26
ERR4810924,resistant,gyrA,CTG,4.18
ERR4810924,resistant,gyrA,GGG,0.64
ERR4810924,resistant,gyrA,AAG,1.28
ERR4810924,resistant,gyrA,CCC,0.97
ERR4810924,resistant,gyrA,CAT,0.14
ERR4810924,resistant,gyrA,GCA,0.43
ERR4810924,resistant,gyrA,TTC,1.88
ERR4810924,resistant,gyrA,GAT,0.32
ERR4810924,resistant,gyrA,TCC,1.69
ERR4810924,resistant,gyrA,CAC,1.86
ERR4810924,resistant,gyrA,GCC,2.07
ERR4810924,resistant,gyrA,ACC,2.55
ERR4810924,resistant,gyrA,AAC,1.38
ERR4810924,resistant,gyrA,TGG,1.0
ERR4810924,resistant,gyrA,CCA,0.41
ERR4810924,resistant,gyrA,AAT,0.62
ERR4810924,resistant,gyrA,AGG,0.38
ERR4810924,resistant,gyrA,CAA,0.12
ERR4810924,resistant,gyrA,CTA,0.15
ERR4810924,resistant,gyrA,TCA,0.31
ERR4810924,resistant,gyrA,CGT,0.53
ERR4810924,resistant,gyrA,AAA,0.72
ERR4810924,resistant,gyrA,GGA,0.52
ERR4810924,resistant,gyrA,GCT,0.05
ERR4810924,resistant,gyrA,ACT,0.43
ERR4810924,resistant,gyrA,ATT,0.44
ERR4810924,resistant,gyrA,CGA,0.23
ERR4810924,resistant,gyrA,GTA,0.12
ERR4810924,resistant,gyrA,GGT,0.58
ERR4810924,resistant,gyrA,TCT,0.15
ERR4810924,resistant,gyrA,TTA,0.15
ERR4810924,resistant,gyrA,CTT,0.08
ERR4810924,resistant,gyrA,TTT,0.12
ERR4810924,resistant,gyrA,TGC,1.0
ERR4810924,resistant,gyrA,TGT,1.0
ERR4810924,resistant,gyrA,AGT,0.15
ERR4810925,resistant,rpoB,TTG,0.8
ERR4810925,resistant,rpoB,GCA,0.24
ERR4810925,resistant,rpoB,GAT,0.21
ERR4810925,resistant,rpoB,TCC,1.52
ERR4810925,resistant,rpoB,CGC,3.18
ERR4810925,resistant,rpoB,CAG,1.76
ERR4810925,resistant,rpoB,AGC,1.01
ERR4810925,resistant,rpoB,AAA,0.24
ERR4810925,resistant,rpoB,ACA,0.13
ERR4810925,resistant,rpoB,GCC,2.17
ERR4810925,resistant,rpoB,GCT,0.29
ERR4810925,resistant,rpoB,AGT,0.59
ERR4810925,resistant,rpoB,CCT,0.18
ERR4810925,resistant,rpoB,CCG,2.65
ERR4810925,resistant,rpoB,CAA,0.24
ERR4810925,resistant,rpoB,TCG,2.45
ERR4810925,resistant,rpoB,AAT,0.15
ERR4810925,resistant,rpoB,AAC,1.85
ERR4810925,resistant,rpoB,GTA,0.04
ERR4810925,resistant,rpoB,CCC,0.92
ERR4810925,resistant,rpoB,GGA,0.13
ERR4810925,resistant,rpoB,GCG,1.3
ERR4810925,resistant,rpoB,CCA,0.25
ERR4810925,resistant,rpoB,CGG,1.66
ERR4810925,resistant,rpoB,GTC,1.69
ERR4810925,resistant,rpoB,TTC,1.82
ERR4810925,resistant,rpoB,AAG,1.76
ERR4810925,resistant,rpoB,CTG,4.14
ERR4810925,resistant,rpoB,GAA,0.36
ERR4810925,resistant,rpoB,CTT,0.25
ERR4810925,resistant,rpoB,GAG,1.64
ERR4810925,resistant,rpoB,GTT,0.25
ERR4810925,resistant,rpoB,CTC,0.74
ERR4810925,resistant,rpoB,GAC,1.79
ERR4810925,resistant,rpoB,ACC,2.6
ERR4810925,resistant,rpoB,TGG,1.0
ERR4810925,resistant,rpoB,ATC,2.63
ERR4810925,resistant,rpoB,GGT,1.09
ERR4810925,resistant,rpoB,GTG,2.02
ERR4810925,resistant,rpoB,GGC,2.11
ERR4810925,resistant,rpoB,TAC,1.75
ERR4810925,resistant,rpoB,TCT,0.25
ERR4810925,resistant,rpoB,GGG,0.67
ERR4810925,resistant,rpoB,ATG,1.0
ERR4810925,resistant,rpoB,CGT,0.8
ERR4810925,resistant,rpoB,TGC,1.6
ERR4810925,resistant,rpoB,ACG,1.02
ERR4810925,resistant,rpoB,ATT,0.37
ERR4810925,resistant,rpoB,CAC,1.81
ERR4810925,resistant,rpoB,TTT,0.18
ERR4810925,resistant,rpoB,CGA,0.29
ERR4810925,resistant,rpoB,TCA,0.17
ERR4810925,resistant,rpoB,TAT,0.25
ERR4810925,resistant,rpoB,CAT,0.19
ERR4810925,resistant,rpoB,ACT,0.25
ERR4810925,resistant,rpoB,TGT,0.4
ERR4810925,resistant,rpoB,AGG,0.07
ERR4810925,resistant,rpoB,CTA,0.06
ERR4810925,resistant,katG,GTG,1.46
ERR4810925,resistant,katG,CCC,1.44
ERR4810925,resistant,katG,GAG,1.45
ERR4810925,resistant,katG,CAA,0.48
ERR4810925,resistant,katG,CAC,1.67
ERR4810925,resistant,katG,CCA,0.32
ERR4810925,resistant,katG,ATT,0.6
ERR4810925,resistant,katG,ACA,0.19
ERR4810925,resistant,katG,GAA,0.55
ERR4810925,resistant,katG,ACC,2.42
ERR4810925,resistant,katG,GGA,0.25
ERR4810925,resistant,katG,GCC,1.77
ERR4810925,resistant,katG,GCT,0.47
ERR4810925,resistant,katG,AGC,1.89
ERR4810925,resistant,katG,AAC,1.93
ERR4810925,resistant,katG,GGC,2.38
ERR4810925,resistant,katG,TGT,1.33
ERR4810925,resistant,katG,GTC,2.0
ERR4810925,resistant,katG,GGT,0.71
ERR4810925,resistant,katG,CAT,0.33
ERR4810925,resistant,katG,ATG,1.0
ERR4810925,resistant,katG,AAA,0.23
ERR4810925,resistant,katG,TAC,1.52
ERR4810925,resistant,katG,CAG,1.52
ERR4810925,resistant,katG,GAC,1.52
ERR4810925,resistant,katG,TGG,1.0
ERR4810925,resistant,katG,CGG,2.0
ERR4810925,resistant,katG,CTC,1.35
ERR4810925,resistant,katG,AAT,0.07
ERR4810925,resistant,katG,CTG,3.39
ERR4810925,resistant,katG,AAG,1.77
ERR4810925,resistant,katG,GTA,0.23
ERR4810925,resistant,katG,CCG,2.0
ERR4810925,resistant,katG,GCG,1.4
ERR4810925,resistant,katG,TTC,1.77
ERR4810925,resistant,katG,TAT,0.48
ERR4810925,resistant,katG,ATC,2.28
ERR4810925,resistant,katG,GTT,0.31
ERR4810925,resistant,katG,ACG,1.12
ERR4810925,resistant,katG,TCG,1.89
ERR4810925,resistant,katG,GGG,0.66
ERR4810925,resistant,katG,TTT,0.23
ERR4810925,resistant,katG,CGC,2.83
ERR4810925,resistant,katG,CTT,0.48
ERR4810925,resistant,katG,TTG,0.58
ERR4810925,resistant,katG,TCA,0.69
ERR4810925,resistant,katG,TGC,0.67
ERR4810925,resistant,katG,GAT,0.48
ERR4810925,resistant,katG,CGT,0.5
ERR4810925,resistant,katG,ACT,0.28
ERR4810925,resistant,katG,AGT,0.51
ERR4810925,resistant,katG,CCT,0.24
ERR4810925,resistant,katG,TCC,1.03
ERR4810925,resistant,katG,CGA,0.33
ERR4810925,resistant,katG,AGA,0.17
ERR4810925,resistant,katG,GCA,0.36
ERR4810925,resistant,katG,CTA,0.1
ERR4810925,resistant,katG,ATA,0.12
ERR4810925,resistant,katG,TTA,0.1
ERR4810925,resistant,katG,AGG,0.17
ERR4810925,resistant,gyrA,ATG,1.0
ERR4810925,resistant,gyrA,ACA,0.26
ERR4810925,resistant,gyrA,GAC,1.68
ERR4810925,resistant,gyrA,ACG,0.77
ERR4810925,resistant,gyrA,TTG,0.91
ERR4810925,resistant,gyrA,CCG,2.34
ERR4810925,resistant,gyrA,CCT,0.28
ERR4810925,resistant,gyrA,TCG,2.31
ERR4810925,resistant,gyrA,CTC,0.53
ERR4810925,resistant,gyrA,CGG,1.95
ERR4810925,resistant,gyrA,ATC,2.56
ERR4810925,resistant,gyrA,GAA,0.65
ERR4810925,resistant,gyrA,GTT,0.7
ERR4810925,resistant,gyrA,CAG,1.88
ERR4810925,resistant,gyrA,GAG,1.35
ERR4810925,resistant,gyrA,CGC,2.92
ERR4810925,resistant,gyrA,AGC,1.38
ERR4810925,resistant,gyrA,TAC,1.28
ERR4810925,resistant,gyrA,TAT,0.72
ERR4810925,resistant,gyrA,GCG,1.45
ERR4810925,resistant,gyrA,GTG,1.74
ERR4810925,resistant,gyrA,GTC,1.45
ERR4810925,resistant,gyrA,GGC,2.24
ERR4810925,resistant,gyrA,CTG,4.18
ERR4810925,resistant,gyrA,GGG,0.65
ERR4810925,resistant,gyrA,AAG,1.31
ERR4810925,resistant,gyrA,CCC,0.97
ERR4810925,resistant,gyrA,CAT,0.14
ERR4810925,resistant,gyrA,GCA,0.43
ERR4810925,resistant,gyrA,TTC,1.88
ERR4810925,resistant,gyrA,GAT,0.32
ERR4810925,resistant,gyrA,TCC,1.69
ERR4810925,resistant,gyrA,CAC,1.86
ERR4810925,resistant,gyrA,GCC,2.07
ERR4810925,resistant,gyrA,ACC,2.55
ERR4810925,resistant,gyrA,AAC,1.36
ERR4810925,resistant,gyrA,TGC,1.33
ERR4810925,resistant,gyrA,TGG,1.0
ERR4810925,resistant,gyrA,CCA,0.41
ERR4810925,resistant,gyrA,AAT,0.64
ERR4810925,resistant,gyrA,AGG,0.38
ERR4810925,resistant,gyrA,CAA,0.12
ERR4810925,resistant,gyrA,CTA,0.15
ERR4810925,resistant,gyrA,TCA,0.31
ERR4810925,resistant,gyrA,CGT,0.53
ERR4810925,resistant,gyrA,AAA,0.69
ERR4810925,resistant,gyrA,GGA,0.53
ERR4810925,resistant,gyrA,GCT,0.05
ERR4810925,resistant,gyrA,ACT,0.43
ERR4810925,resistant,gyrA,ATT,0.44
ERR4810925,resistant,gyrA,CGA,0.23
ERR4810925,resistant,gyrA,GTA,0.12
ERR4810925,resistant,gyrA,GGT,0.59
ERR4810925,resistant,gyrA,TCT,0.15
ERR4810925,resistant,gyrA,TTA,0.15
ERR4810925,resistant,gyrA,CTT,0.08
ERR4810925,resistant,gyrA,TTT,0.12
ERR4810925,resistant,gyrA,TGT,0.67
ERR4810925,resistant,gyrA,AGT,0.15
ERR4810926,resistant,rpoB,TTG,0.86
ERR4810926,resistant,rpoB,GCA,0.24
ERR4810926,resistant,rpoB,GAT,0.21
ERR4810926,resistant,rpoB,TCC,1.54
ERR4810926,resistant,rpoB,CGC,3.18
ERR4810926,resistant,rpoB,CAG,1.76
ERR4810926,resistant,rpoB,AGC,1.03
ERR4810926,resistant,rpoB,AAA,0.24
ERR4810926,resistant,rpoB,ACA,0.13
ERR4810926,resistant,rpoB,GCC,2.22
ERR4810926,resistant,rpoB,GCT,0.24
ERR4810926,resistant,rpoB,AGT,0.6
ERR4810926,resistant,rpoB,CCT,0.18
ERR4810926,resistant,rpoB,CCG,2.65
ERR4810926,resistant,rpoB,CAA,0.24
ERR4810926,resistant,rpoB,TCG,2.4
ERR4810926,resistant,rpoB,AAT,0.15
ERR4810926,resistant,rpoB,AAC,1.85
ERR4810926,resistant,rpoB,GTA,0.04
ERR4810926,resistant,rpoB,CCC,0.92
ERR4810926,resistant,rpoB,GGA,0.12
ERR4810926,resistant,rpoB,GCG,1.3
ERR4810926,resistant,rpoB,CCA,0.25
ERR4810926,resistant,rpoB,CGG,1.66
ERR4810926,resistant,rpoB,GTC,1.69
ERR4810926,resistant,rpoB,TTC,1.82
ERR4810926,resistant,rpoB,AAG,1.76
ERR4810926,resistant,rpoB,CTG,4.1
ERR4810926,resistant,rpoB,GAA,0.37
ERR4810926,resistant,rpoB,CTT,0.24
ERR4810926,resistant,rpoB,GAG,1.63
ERR4810926,resistant,rpoB,GTT,0.25
ERR4810926,resistant,rpoB,CTC,0.73
ERR4810926,resistant,rpoB,GAC,1.79
ERR4810926,resistant,rpoB,ACC,2.6
ERR4810926,resistant,rpoB,TGG,1.0
ERR4810926,resistant,rpoB,ATC,2.63
ERR4810926,resistant,rpoB,GGT,1.08
ERR4810926,resistant,rpoB,GTG,2.02
ERR4810926,resistant,rpoB,GGC,2.08
ERR4810926,resistant,rpoB,TAC,1.75
ERR4810926,resistant,rpoB,TCT,0.26
ERR4810926,resistant,rpoB,GGG,0.71
ERR4810926,resistant,rpoB,ATG,1.0
ERR4810926,resistant,rpoB,CGT,0.8
ERR4810926,resistant,rpoB,TGC,1.56
ERR4810926,resistant,rpoB,ACG,1.02
ERR4810926,resistant,rpoB,ATT,0.37
ERR4810926,resistant,rpoB,CAC,1.82
ERR4810926,resistant,rpoB,TTT,0.18
ERR4810926,resistant,rpoB,CGA,0.29
ERR4810926,resistant,rpoB,TCA,0.17
ERR4810926,resistant,rpoB,TAT,0.25
ERR4810926,resistant,rpoB,CAT,0.18
ERR4810926,resistant,rpoB,ACT,0.25
ERR4810926,resistant,rpoB,TGT,0.44
ERR4810926,resistant,rpoB,AGG,0.07
ERR4810926,resistant,rpoB,CTA,0.06
ERR4810926,resistant,katG,GTG,1.46
ERR4810926,resistant,katG,CCC,1.44
ERR4810926,resistant,katG,GAG,1.45
ERR4810926,resistant,katG,CAA,0.48
ERR4810926,resistant,katG,CAC,1.67
ERR4810926,resistant,katG,CCA,0.32
ERR4810926,resistant,katG,ATT,0.6
ERR4810926,resistant,katG,ACA,0.19
ERR4810926,resistant,katG,GAA,0.55
ERR4810926,resistant,katG,ACC,2.42
ERR4810926,resistant,katG,GGA,0.25
ERR4810926,resistant,katG,GCC,1.77
ERR4810926,resistant,katG,GCT,0.47
ERR4810926,resistant,katG,AGC,1.89
ERR4810926,resistant,katG,AAC,1.93
ERR4810926,resistant,katG,GGC,2.38
ERR4810926,resistant,katG,TGT,1.33
ERR4810926,resistant,katG,GTC,2.0
ERR4810926,resistant,katG,GGT,0.71
ERR4810926,resistant,katG,CAT,0.33
ERR4810926,resistant,katG,ATG,1.0
ERR4810926,resistant,katG,AAA,0.23
ERR4810926,resistant,katG,TAC,1.52
ERR4810926,resistant,katG,CAG,1.52
ERR4810926,resistant,katG,GAC,1.52
ERR4810926,resistant,katG,TGG,1.0
ERR4810926,resistant,katG,CGG,1.89
ERR4810926,resistant,katG,CTC,1.33
ERR4810926,resistant,katG,AAT,0.07
ERR4810926,resistant,katG,CTG,3.43
ERR4810926,resistant,katG,AAG,1.77
ERR4810926,resistant,katG,GTA,0.23
ERR4810926,resistant,katG,CCG,2.0
ERR4810926,resistant,katG,GCG,1.4
ERR4810926,resistant,katG,TTC,1.77
ERR4810926,resistant,katG,TAT,0.48
ERR4810926,resistant,katG,ATC,2.28
ERR4810926,resistant,katG,GTT,0.31
ERR4810926,resistant,katG,ACG,1.12
ERR4810926,resistant,katG,TCG,1.89
ERR4810926,resistant,katG,GGG,0.66
ERR4810926,resistant,katG,TTT,0.23
ERR4810926,resistant,katG,CGC,2.91
ERR4810926,resistant,katG,CTT,0.48
ERR4810926,resistant,katG,TTG,0.57
ERR4810926,resistant,katG,TCA,0.69
ERR4810926,resistant,katG,TGC,0.67
ERR4810926,resistant,katG,GAT,0.48
ERR4810926,resistant,katG,CGT,0.51
ERR4810926,resistant,katG,ACT,0.28
ERR4810926,resistant,katG,AGT,0.51
ERR4810926,resistant,katG,CCT,0.24
ERR4810926,resistant,katG,TCC,1.03
ERR4810926,resistant,katG,CGA,0.34
ERR4810926,resistant,katG,AGA,0.17
ERR4810926,resistant,katG,GCA,0.36
ERR4810926,resistant,katG,CTA,0.1
ERR4810926,resistant,katG,ATA,0.12
ERR4810926,resistant,katG,TTA,0.1
ERR4810926,resistant,katG,AGG,0.17
ERR4810926,resistant,gyrA,ATG,1.0
ERR4810926,resistant,gyrA,ACA,0.26
ERR4810926,resistant,gyrA,GAC,1.68
ERR4810926,resistant,gyrA,ACG,0.77
ERR4810926,resistant,gyrA,TTG,0.91
ERR4810926,resistant,gyrA,CCG,2.34
ERR4810926,resistant,gyrA,CCT,0.28
ERR4810926,resistant,gyrA,TCG,2.31
ERR4810926,resistant,gyrA,CTC,0.53
ERR4810926,resistant,gyrA,CGG,1.95
ERR4810926,resistant,gyrA,ATC,2.56
ERR4810926,resistant,gyrA,GAA,0.65
ERR4810926,resistant,gyrA,GTT,0.7
ERR4810926,resistant,gyrA,CAG,1.88
ERR4810926,resistant,gyrA,GAG,1.35
ERR4810926,resistant,gyrA,CGC,2.92
ERR4810926,resistant,gyrA,AGC,1.38
ERR4810926,resistant,gyrA,TAC,1.28
ERR4810926,resistant,gyrA,TAT,0.72
ERR4810926,resistant,gyrA,GCG,1.45
ERR4810926,resistant,gyrA,GTG,1.74
ERR4810926,resistant,gyrA,GTC,1.45
ERR4810926,resistant,gyrA,GGC,2.26
ERR4810926,resistant,gyrA,CTG,4.18
ERR4810926,resistant,gyrA,GGG,0.64
ERR4810926,resistant,gyrA,AAG,1.28
ERR4810926,resistant,gyrA,CCC,0.97
ERR4810926,resistant,gyrA,CAT,0.14
ERR4810926,resistant,gyrA,GCA,0.43
ERR4810926,resistant,gyrA,TTC,1.88
ERR4810926,resistant,gyrA,GAT,0.32
ERR4810926,resistant,gyrA,TCC,1.69
ERR4810926,resistant,gyrA,CAC,1.86
ERR4810926,resistant,gyrA,GCC,2.07
ERR4810926,resistant,gyrA,ACC,2.55
ERR4810926,resistant,gyrA,AAC,1.38
ERR4810926,resistant,gyrA,TGG,1.0
ERR4810926,resistant,gyrA,CCA,0.41
ERR4810926,resistant,gyrA,AAT,0.62
ERR4810926,resistant,gyrA,AGG,0.38
ERR4810926,resistant,gyrA,CAA,0.12
ERR4810926,resistant,gyrA,CTA,0.15
ERR4810926,resistant,gyrA,TCA,0.31
ERR4810926,resistant,gyrA,CGT,0.53
ERR4810926,resistant,gyrA,AAA,0.72
ERR4810926,resistant,gyrA,GGA,0.52
ERR4810926,resistant,gyrA,GCT,0.05
ERR4810926,resistant,gyrA,ACT,0.43
ERR4810926,resistant,gyrA,ATT,0.44
ERR4810926,resistant,gyrA,CGA,0.23
ERR4810926,resistant,gyrA,GTA,0.12
ERR4810926,resistant,gyrA,GGT,0.58
ERR4810926,resistant,gyrA,TCT,0.15
ERR4810926,resistant,gyrA,TTA,0.15
ERR4810926,resistant,gyrA,CTT,0.08
ERR4810926,resistant,gyrA,TTT,0.12
ERR4810926,resistant,gyrA,TGC,1.0
ERR4810926,resistant,gyrA,TGT,1.0
ERR4810926,resistant,gyrA,AGT,0.15
ERR4810927,resistant,rpoB,TTG,0.86
ERR4810927,resistant,rpoB,GCA,0.24
ERR4810927,resistant,rpoB,GAT,0.21
ERR4810927,resistant,rpoB,TCC,1.54
ERR4810927,resistant,rpoB,CGC,3.18
ERR4810927,resistant,rpoB,CAG,1.76
ERR4810927,resistant,rpoB,AGC,1.03
ERR4810927,resistant,rpoB,AAA,0.24
ERR4810927,resistant,rpoB,ACA,0.13
ERR4810927,resistant,rpoB,GCC,2.22
ERR4810927,resistant,rpoB,GCT,0.24
ERR4810927,resistant,rpoB,AGT,0.6
ERR4810927,resistant,rpoB,CCT,0.18
ERR4810927,resistant,rpoB,CCG,2.65
ERR4810927,resistant,rpoB,CAA,0.24
ERR4810927,resistant,rpoB,TCG,2.4
ERR4810927,resistant,rpoB,AAT,0.15
ERR4810927,resistant,rpoB,AAC,1.85
ERR4810927,resistant,rpoB,GTA,0.04
ERR4810927,resistant,rpoB,CCC,0.92
ERR4810927,resistant,rpoB,GGA,0.12
ERR4810927,resistant,rpoB,GCG,1.3
ERR4810927,resistant,rpoB,CCA,0.25
ERR4810927,resistant,rpoB,CGG,1.66
ERR4810927,resistant,rpoB,GTC,1.69
ERR4810927,resistant,rpoB,TTC,1.82
ERR4810927,resistant,rpoB,AAG,1.76
ERR4810927,resistant,rpoB,CTG,4.1
ERR4810927,resistant,rpoB,GAA,0.37
ERR4810927,resistant,rpoB,CTT,0.24
ERR4810927,resistant,rpoB,GAG,1.63
ERR4810927,resistant,rpoB,GTT,0.25
ERR4810927,resistant,rpoB,CTC,0.73
ERR4810927,resistant,rpoB,GAC,1.79
ERR4810927,resistant,rpoB,ACC,2.6
ERR4810927,resistant,rpoB,TGG,1.0
ERR4810927,resistant,rpoB,ATC,2.63
ERR4810927,resistant,rpoB,GGT,1.08
ERR4810927,resistant,rpoB,GTG,2.02
ERR4810927,resistant,rpoB,GGC,2.08
ERR4810927,resistant,rpoB,TAC,1.75
ERR4810927,resistant,rpoB,TCT,0.26
ERR4810927,resistant,rpoB,GGG,0.71
ERR4810927,resistant,rpoB,ATG,1.0
ERR4810927,resistant,rpoB,CGT,0.8
ERR4810927,resistant,rpoB,TGC,1.56
ERR4810927,resistant,rpoB,ACG,1.02
ERR4810927,resistant,rpoB,ATT,0.37
ERR4810927,resistant,rpoB,CAC,1.82
ERR4810927,resistant,rpoB,TTT,0.18
ERR4810927,resistant,rpoB,CGA,0.29
ERR4810927,resistant,rpoB,TCA,0.17
ERR4810927,resistant,rpoB,TAT,0.25
ERR4810927,resistant,rpoB,CAT,0.18
ERR4810927,resistant,rpoB,ACT,0.25
ERR4810927,resistant,rpoB,TGT,0.44
ERR4810927,resistant,rpoB,AGG,0.07
ERR4810927,resistant,rpoB,CTA,0.06
ERR4810927,resistant,katG,GTG,1.46
ERR4810927,resistant,katG,CCC,1.44
ERR4810927,resistant,katG,GAG,1.45
ERR4810927,resistant,katG,CAA,0.48
ERR4810927,resistant,katG,CAC,1.67
ERR4810927,resistant,katG,CCA,0.32
ERR4810927,resistant,katG,ATT,0.6
ERR4810927,resistant,katG,ACA,0.19
ERR4810927,resistant,katG,GAA,0.55
ERR4810927,resistant,katG,ACC,2.42
ERR4810927,resistant,katG,GGA,0.25
ERR4810927,resistant,katG,GCC,1.77
ERR4810927,resistant,katG,GCT,0.47
ERR4810927,resistant,katG,AGC,1.89
ERR4810927,resistant,katG,AAC,1.93
ERR4810927,resistant,katG,GGC,2.38
ERR4810927,resistant,katG,TGT,1.33
ERR4810927,resistant,katG,GTC,2.0
ERR4810927,resistant,katG,GGT,0.71
ERR4810927,resistant,katG,CAT,0.33
ERR4810927,resistant,katG,ATG,1.0
ERR4810927,resistant,katG,AAA,0.23
ERR4810927,resistant,katG,TAC,1.52
ERR4810927,resistant,katG,CAG,1.52
ERR4810927,resistant,katG,GAC,1.52
ERR4810927,resistant,katG,TGG,1.0
ERR4810927,resistant,katG,CGG,1.89
ERR4810927,resistant,katG,CTC,1.33
ERR4810927,resistant,katG,AAT,0.07
ERR4810927,resistant,katG,CTG,3.43
ERR4810927,resistant,katG,AAG,1.77
ERR4810927,resistant,katG,GTA,0.23
ERR4810927,resistant,katG,CCG,2.0
ERR4810927,resistant,katG,GCG,1.4
ERR4810927,resistant,katG,TTC,1.77
ERR4810927,resistant,katG,TAT,0.48
ERR4810927,resistant,katG,ATC,2.28
ERR4810927,resistant,katG,GTT,0.31
ERR4810927,resistant,katG,ACG,1.12
ERR4810927,resistant,katG,TCG,1.89
ERR4810927,resistant,katG,GGG,0.66
ERR4810927,resistant,katG,TTT,0.23
ERR4810927,resistant,katG,CGC,2.91
ERR4810927,resistant,katG,CTT,0.48
ERR4810927,resistant,katG,TTG,0.57
ERR4810927,resistant,katG,TCA,0.69
ERR4810927,resistant,katG,TGC,0.67
ERR4810927,resistant,katG,GAT,0.48
ERR4810927,resistant,katG,CGT,0.51
ERR4810927,resistant,katG,ACT,0.28
ERR4810927,resistant,katG,AGT,0.51
ERR4810927,resistant,katG,CCT,0.24
ERR4810927,resistant,katG,TCC,1.03
ERR4810927,resistant,katG,CGA,0.34
ERR4810927,resistant,katG,AGA,0.17
ERR4810927,resistant,katG,GCA,0.36
ERR4810927,resistant,katG,CTA,0.1
ERR4810927,resistant,katG,ATA,0.12
ERR4810927,resistant,katG,TTA,0.1
ERR4810927,resistant,katG,AGG,0.17
ERR4810927,resistant,gyrA,ATG,1.0
ERR4810927,resistant,gyrA,ACA,0.26
ERR4810927,resistant,gyrA,GAC,1.68
ERR4810927,resistant,gyrA,ACG,0.77
ERR4810927,resistant,gyrA,TTG,0.91
ERR4810927,resistant,gyrA,CCG,2.34
ERR4810927,resistant,gyrA,CCT,0.28
ERR4810927,resistant,gyrA,TCG,2.31
ERR4810927,resistant,gyrA,CTC,0.53
ERR4810927,resistant,gyrA,CGG,1.95
ERR4810927,resistant,gyrA,ATC,2.56
ERR4810927,resistant,gyrA,GAA,0.65
ERR4810927,resistant,gyrA,GTT,0.7
ERR4810927,resistant,gyrA,CAG,1.88
ERR4810927,resistant,gyrA,GAG,1.35
ERR4810927,resistant,gyrA,CGC,2.92
ERR4810927,resistant,gyrA,AGC,1.38
ERR4810927,resistant,gyrA,TAC,1.28
ERR4810927,resistant,gyrA,TAT,0.72
ERR4810927,resistant,gyrA,GCG,1.45
ERR4810927,resistant,gyrA,GTG,1.74
ERR4810927,resistant,gyrA,GTC,1.45
ERR4810927,resistant,gyrA,GGC,2.26
ERR4810927,resistant,gyrA,CTG,4.18
ERR4810927,resistant,gyrA,GGG,0.64
ERR4810927,resistant,gyrA,AAG,1.28
ERR4810927,resistant,gyrA,CCC,0.97
ERR4810927,resistant,gyrA,CAT,0.14
ERR4810927,resistant,gyrA,GCA,0.43
ERR4810927,resistant,gyrA,TTC,1.88
ERR4810927,resistant,gyrA,GAT,0.32
ERR4810927,resistant,gyrA,TCC,1.69
ERR4810927,resistant,gyrA,CAC,1.86
ERR4810927,resistant,gyrA,GCC,2.07
ERR4810927,resistant,gyrA,ACC,2.55
ERR4810927,resistant,gyrA,AAC,1.38
ERR4810927,resistant,gyrA,TGG,1.0
ERR4810927,resistant,gyrA,CCA,0.41
ERR4810927,resistant,gyrA,AAT,0.62
ERR4810927,resistant,gyrA,AGG,0.38
ERR4810927,resistant,gyrA,CAA,0.12
ERR4810927,resistant,gyrA,CTA,0.15
ERR4810927,resistant,gyrA,TCA,0.31
ERR4810927,resistant,gyrA,CGT,0.53
ERR4810927,resistant,gyrA,AAA,0.72
ERR4810927,resistant,gyrA,GGA,0.52
ERR4810927,resistant,gyrA,GCT,0.05
ERR4810927,resistant,gyrA,ACT,0.43
ERR4810927,resistant,gyrA,ATT,0.44
ERR4810927,resistant,gyrA,CGA,0.23
ERR4810927,resistant,gyrA,GTA,0.12
ERR4810927,resistant,gyrA,GGT,0.58
ERR4810927,resistant,gyrA,TCT,0.15
ERR4810927,resistant,gyrA,TTA,0.15
ERR4810927,resistant,gyrA,CTT,0.08
ERR4810927,resistant,gyrA,TTT,0.12
ERR4810927,resistant,gyrA,TGC,1.0
ERR4810927,resistant,gyrA,TGT,1.0
ERR4810927,resistant,gyrA,AGT,0.15
ERR4810928,resistant,rpoB,TTG,0.86
ERR4810928,resistant,rpoB,GCA,0.24
ERR4810928,resistant,rpoB,GAT,0.21
ERR4810928,resistant,rpoB,TCC,1.54
ERR4810928,resistant,rpoB,CGC,3.18
ERR4810928,resistant,rpoB,CAG,1.76
ERR4810928,resistant,rpoB,AGC,1.03
ERR4810928,resistant,rpoB,AAA,0.24
ERR4810928,resistant,rpoB,ACA,0.13
ERR4810928,resistant,rpoB,GCC,2.22
ERR4810928,resistant,rpoB,GCT,0.24
ERR4810928,resistant,rpoB,AGT,0.6
ERR4810928,resistant,rpoB,CCT,0.18
ERR4810928,resistant,rpoB,CCG,2.65
ERR4810928,resistant,rpoB,CAA,0.24
ERR4810928,resistant,rpoB,TCG,2.4
ERR4810928,resistant,rpoB,AAT,0.15
ERR4810928,resistant,rpoB,AAC,1.85
ERR4810928,resistant,rpoB,GTA,0.04
ERR4810928,resistant,rpoB,CCC,0.92
ERR4810928,resistant,rpoB,GGA,0.12
ERR4810928,resistant,rpoB,GCG,1.3
ERR4810928,resistant,rpoB,CCA,0.25
ERR4810928,resistant,rpoB,CGG,1.66
ERR4810928,resistant,rpoB,GTC,1.69
ERR4810928,resistant,rpoB,TTC,1.82
ERR4810928,resistant,rpoB,AAG,1.76
ERR4810928,resistant,rpoB,CTG,4.1
ERR4810928,resistant,rpoB,GAA,0.37
ERR4810928,resistant,rpoB,CTT,0.24
ERR4810928,resistant,rpoB,GAG,1.63
ERR4810928,resistant,rpoB,GTT,0.25
ERR4810928,resistant,rpoB,CTC,0.73
ERR4810928,resistant,rpoB,GAC,1.79
ERR4810928,resistant,rpoB,ACC,2.6
ERR4810928,resistant,rpoB,TGG,1.0
ERR4810928,resistant,rpoB,ATC,2.63
ERR4810928,resistant,rpoB,GGT,1.08
ERR4810928,resistant,rpoB,GTG,2.02
ERR4810928,resistant,rpoB,GGC,2.12
ERR4810928,resistant,rpoB,TAC,1.75
ERR4810928,resistant,rpoB,TCT,0.26
ERR4810928,resistant,rpoB,GGG,0.67
ERR4810928,resistant,rpoB,ATG,1.0
ERR4810928,resistant,rpoB,CGT,0.8
ERR4810928,resistant,rpoB,TGC,1.56
ERR4810928,resistant,rpoB,ACG,1.02
ERR4810928,resistant,rpoB,ATT,0.37
ERR4810928,resistant,rpoB,CAC,1.82
ERR4810928,resistant,rpoB,TTT,0.18
ERR4810928,resistant,rpoB,CGA,0.29
ERR4810928,resistant,rpoB,TCA,0.17
ERR4810928,resistant,rpoB,TAT,0.25
ERR4810928,resistant,rpoB,CAT,0.18
ERR4810928,resistant,rpoB,ACT,0.25
ERR4810928,resistant,rpoB,TGT,0.44
ERR4810928,resistant,rpoB,AGG,0.07
ERR4810928,resistant,rpoB,CTA,0.06
ERR4810928,resistant,katG,GTG,1.46
ERR4810928,resistant,katG,CCC,1.44
ERR4810928,resistant,katG,GAG,1.45
ERR4810928,resistant,katG,CAA,0.48
ERR4810928,resistant,katG,CAC,1.67
ERR4810928,resistant,katG,CCA,0.32
ERR4810928,resistant,katG,ATT,0.6
ERR4810928,resistant,katG,ACA,0.19
ERR4810928,resistant,katG,GAA,0.55
ERR4810928,resistant,katG,ACC,2.42
ERR4810928,resistant,katG,GGA,0.25
ERR4810928,resistant,katG,GCC,1.77
ERR4810928,resistant,katG,GCT,0.47
ERR4810928,resistant,katG,AGC,1.89
ERR4810928,resistant,katG,AAC,1.93
ERR4810928,resistant,katG,GGC,2.38
ERR4810928,resistant,katG,TGT,1.33
ERR4810928,resistant,katG,GTC,2.0
ERR4810928,resistant,katG,GGT,0.71
ERR4810928,resistant,katG,CAT,0.33
ERR4810928,resistant,katG,ATG,1.0
ERR4810928,resistant,katG,AAA,0.23
ERR4810928,resistant,katG,TAC,1.52
ERR4810928,resistant,katG,CAG,1.52
ERR4810928,resistant,katG,GAC,1.52
ERR4810928,resistant,katG,TGG,1.0
ERR4810928,resistant,katG,CGG,1.89
ERR4810928,resistant,katG,CTC,1.33
ERR4810928,resistant,katG,AAT,0.07
ERR4810928,resistant,katG,CTG,3.43
ERR4810928,resistant,katG,AAG,1.77
ERR4810928,resistant,katG,GTA,0.23
ERR4810928,resistant,katG,CCG,2.0
ERR4810928,resistant,katG,GCG,1.4
ERR4810928,resistant,katG,TTC,1.77
ERR4810928,resistant,katG,TAT,0.48
ERR4810928,resistant,katG,ATC,2.28
ERR4810928,resistant,katG,GTT,0.31
ERR4810928,resistant,katG,ACG,1.12
ERR4810928,resistant,katG,TCG,1.89
ERR4810928,resistant,katG,GGG,0.66
ERR4810928,resistant,katG,TTT,0.23
ERR4810928,resistant,katG,CGC,2.91
ERR4810928,resistant,katG,CTT,0.48
ERR4810928,resistant,katG,TTG,0.57
ERR4810928,resistant,katG,TCA,0.69
ERR4810928,resistant,katG,TGC,0.67
ERR4810928,resistant,katG,GAT,0.48
ERR4810928,resistant,katG,CGT,0.51
ERR4810928,resistant,katG,ACT,0.28
ERR4810928,resistant,katG,AGT,0.51
ERR4810928,resistant,katG,CCT,0.24
ERR4810928,resistant,katG,TCC,1.03
ERR4810928,resistant,katG,CGA,0.34
ERR4810928,resistant,katG,AGA,0.17
ERR4810928,resistant,katG,GCA,0.36
ERR4810928,resistant,katG,CTA,0.1
ERR4810928,resistant,katG,ATA,0.12
ERR4810928,resistant,katG,TTA,0.1
ERR4810928,resistant,katG,AGG,0.17
ERR4810928,resistant,gyrA,ATG,1.0
ERR4810928,resistant,gyrA,ACA,0.26
ERR4810928,resistant,gyrA,GAC,1.68
ERR4810928,resistant,gyrA,ACG,0.77
ERR4810928,resistant,gyrA,TTG,0.91
ERR4810928,resistant,gyrA,CCG,2.34
ERR4810928,resistant,gyrA,CCT,0.28
ERR4810928,resistant,gyrA,TCG,2.31
ERR4810928,resistant,gyrA,CTC,0.53
ERR4810928,resistant,gyrA,CGG,1.95
ERR4810928,resistant,gyrA,ATC,2.56
ERR4810928,resistant,gyrA,GAA,0.65
ERR4810928,resistant,gyrA,GTT,0.7
ERR4810928,resistant,gyrA,CAG,1.88
ERR4810928,resistant,gyrA,GAG,1.35
ERR4810928,resistant,gyrA,CGC,2.92
ERR4810928,resistant,gyrA,AGC,1.38
ERR4810928,resistant,gyrA,TAC,1.28
ERR4810928,resistant,gyrA,TAT,0.72
ERR4810928,resistant,gyrA,GCG,1.45
ERR4810928,resistant,gyrA,GTG,1.74
ERR4810928,resistant,gyrA,GTC,1.45
ERR4810928,resistant,gyrA,GGC,2.26
ERR4810928,resistant,gyrA,CTG,4.18
ERR4810928,resistant,gyrA,GGG,0.64
ERR4810928,resistant,gyrA,AAG,1.28
ERR4810928,resistant,gyrA,CCC,0.97
ERR4810928,resistant,gyrA,CAT,0.14
ERR4810928,resistant,gyrA,GCA,0.43
ERR4810928,resistant,gyrA,TTC,1.88
ERR4810928,resistant,gyrA,GAT,0.32
ERR4810928,resistant,gyrA,TCC,1.69
ERR4810928,resistant,gyrA,CAC,1.86
ERR4810928,resistant,gyrA,GCC,2.07
ERR4810928,resistant,gyrA,ACC,2.55
ERR4810928,resistant,gyrA,AAC,1.4
ERR4810928,resistant,gyrA,TGG,1.0
ERR4810928,resistant,gyrA,CCA,0.41
ERR4810928,resistant,gyrA,AAT,0.6
ERR4810928,resistant,gyrA,AGG,0.38
ERR4810928,resistant,gyrA,CAA,0.12
ERR4810928,resistant,gyrA,CTA,0.15
ERR4810928,resistant,gyrA,TCA,0.31
ERR4810928,resistant,gyrA,CGT,0.53
ERR4810928,resistant,gyrA,AAA,0.72
ERR4810928,resistant,gyrA,GGA,0.52
ERR4810928,resistant,gyrA,GCT,0.05
ERR4810928,resistant,gyrA,ACT,0.43
ERR4810928,resistant,gyrA,ATT,0.44
ERR4810928,resistant,gyrA,CGA,0.23
ERR4810928,resistant,gyrA,GTA,0.12
ERR4810928,resistant,gyrA,GGT,0.58
ERR4810928,resistant,gyrA,TCT,0.15
ERR4810928,resistant,gyrA,TTA,0.15
ERR4810928,resistant,gyrA,CTT,0.08
ERR4810928,resistant,gyrA,TTT,0.12
ERR4810928,resistant,gyrA,TGC,1.0
ERR4810928,resistant,gyrA,TGT,1.0
ERR4810928,resistant,gyrA,AGT,0.15
ERR4810929,resistant,rpoB,TTG,0.86
ERR4810929,resistant,rpoB,GCA,0.24
ERR4810929,resistant,rpoB,GAT,0.21
ERR4810929,resistant,rpoB,TCC,1.54
ERR4810929,resistant,rpoB,CGC,3.18
ERR4810929,resistant,rpoB,CAG,1.76
ERR4810929,resistant,rpoB,AGC,1.03
ERR4810929,resistant,rpoB,AAA,0.24
ERR4810929,resistant,rpoB,ACA,0.13
ERR4810929,resistant,rpoB,GCC,2.22
ERR4810929,resistant,rpoB,GCT,0.24
ERR4810929,resistant,rpoB,AGT,0.6
ERR4810929,resistant,rpoB,CCT,0.18
ERR4810929,resistant,rpoB,CCG,2.65
ERR4810929,resistant,rpoB,CAA,0.24
ERR4810929,resistant,rpoB,TCG,2.4
ERR4810929,resistant,rpoB,AAT,0.15
ERR4810929,resistant,rpoB,AAC,1.85
ERR4810929,resistant,rpoB,GTA,0.04
ERR4810929,resistant,rpoB,CCC,0.92
ERR4810929,resistant,rpoB,GGA,0.12
ERR4810929,resistant,rpoB,GCG,1.3
ERR4810929,resistant,rpoB,CCA,0.25
ERR4810929,resistant,rpoB,CGG,1.66
ERR4810929,resistant,rpoB,GTC,1.69
ERR4810929,resistant,rpoB,TTC,1.82
ERR4810929,resistant,rpoB,AAG,1.76
ERR4810929,resistant,rpoB,CTG,4.1
ERR4810929,resistant,rpoB,GAA,0.37
ERR4810929,resistant,rpoB,CTT,0.24
ERR4810929,resistant,rpoB,GAG,1.63
ERR4810929,resistant,rpoB,GTT,0.25
ERR4810929,resistant,rpoB,CTC,0.73
ERR4810929,resistant,rpoB,GAC,1.79
ERR4810929,resistant,rpoB,ACC,2.6
ERR4810929,resistant,rpoB,TGG,1.0
ERR4810929,resistant,rpoB,ATC,2.63
ERR4810929,resistant,rpoB,GGT,1.08
ERR4810929,resistant,rpoB,GTG,2.02
ERR4810929,resistant,rpoB,GGC,2.08
ERR4810929,resistant,rpoB,TAC,1.75
ERR4810929,resistant,rpoB,TCT,0.26
ERR4810929,resistant,rpoB,GGG,0.71
ERR4810929,resistant,rpoB,ATG,1.0
ERR4810929,resistant,rpoB,CGT,0.8
ERR4810929,resistant,rpoB,TGC,1.56
ERR4810929,resistant,rpoB,ACG,1.02
ERR4810929,resistant,rpoB,ATT,0.37
ERR4810929,resistant,rpoB,CAC,1.82
ERR4810929,resistant,rpoB,TTT,0.18
ERR4810929,resistant,rpoB,CGA,0.29
ERR4810929,resistant,rpoB,TCA,0.17
ERR4810929,resistant,rpoB,TAT,0.25
ERR4810929,resistant,rpoB,CAT,0.18
ERR4810929,resistant,rpoB,ACT,0.25
ERR4810929,resistant,rpoB,TGT,0.44
ERR4810929,resistant,rpoB,AGG,0.07
ERR4810929,resistant,rpoB,CTA,0.06
ERR4810929,resistant,katG,GTG,1.46
ERR4810929,resistant,katG,CCC,1.44
ERR4810929,resistant,katG,GAG,1.45
ERR4810929,resistant,katG,CAA,0.48
ERR4810929,resistant,katG,CAC,1.67
ERR4810929,resistant,katG,CCA,0.32
ERR4810929,resistant,katG,ATT,0.6
ERR4810929,resistant,katG,ACA,0.19
ERR4810929,resistant,katG,GAA,0.55
ERR4810929,resistant,katG,ACC,2.42
ERR4810929,resistant,katG,GGA,0.25
ERR4810929,resistant,katG,GCC,1.77
ERR4810929,resistant,katG,GCT,0.47
ERR4810929,resistant,katG,AGC,1.89
ERR4810929,resistant,katG,AAC,1.93
ERR4810929,resistant,katG,GGC,2.38
ERR4810929,resistant,katG,TGT,1.33
ERR4810929,resistant,katG,GTC,2.0
ERR4810929,resistant,katG,GGT,0.71
ERR4810929,resistant,katG,CAT,0.33
ERR4810929,resistant,katG,ATG,1.0
ERR4810929,resistant,katG,AAA,0.23
ERR4810929,resistant,katG,TAC,1.52
ERR4810929,resistant,katG,CAG,1.52
ERR4810929,resistant,katG,GAC,1.52
ERR4810929,resistant,katG,TGG,1.0
ERR4810929,resistant,katG,CGG,1.89
ERR4810929,resistant,katG,CTC,1.33
ERR4810929,resistant,katG,AAT,0.07
ERR4810929,resistant,katG,CTG,3.43
ERR4810929,resistant,katG,AAG,1.77
ERR4810929,resistant,katG,GTA,0.23
ERR4810929,resistant,katG,CCG,2.0
ERR4810929,resistant,katG,GCG,1.4
ERR4810929,resistant,katG,TTC,1.77
ERR4810929,resistant,katG,TAT,0.48
ERR4810929,resistant,katG,ATC,2.28
ERR4810929,resistant,katG,GTT,0.31
ERR4810929,resistant,katG,ACG,1.12
ERR4810929,resistant,katG,TCG,1.89
ERR4810929,resistant,katG,GGG,0.66
ERR4810929,resistant,katG,TTT,0.23
ERR4810929,resistant,katG,CGC,2.91
ERR4810929,resistant,katG,CTT,0.48
ERR4810929,resistant,katG,TTG,0.57
ERR4810929,resistant,katG,TCA,0.69
ERR4810929,resistant,katG,TGC,0.67
ERR4810929,resistant,katG,GAT,0.48
ERR4810929,resistant,katG,CGT,0.51
ERR4810929,resistant,katG,ACT,0.28
ERR4810929,resistant,katG,AGT,0.51
ERR4810929,resistant,katG,CCT,0.24
ERR4810929,resistant,katG,TCC,1.03
ERR4810929,resistant,katG,CGA,0.34
ERR4810929,resistant,katG,AGA,0.17
ERR4810929,resistant,katG,GCA,0.36
ERR4810929,resistant,katG,CTA,0.1
ERR4810929,resistant,katG,ATA,0.12
ERR4810929,resistant,katG,TTA,0.1
ERR4810929,resistant,katG,AGG,0.17
ERR4810929,resistant,gyrA,ATG,1.0
ERR4810929,resistant,gyrA,ACA,0.26
ERR4810929,resistant,gyrA,GAC,1.68
ERR4810929,resistant,gyrA,ACG,0.77
ERR4810929,resistant,gyrA,TTG,0.91
ERR4810929,resistant,gyrA,CCG,2.34
ERR4810929,resistant,gyrA,CCT,0.28
ERR4810929,resistant,gyrA,TCG,2.31
ERR4810929,resistant,gyrA,CTC,0.53
ERR4810929,resistant,gyrA,CGG,1.95
ERR4810929,resistant,gyrA,ATC,2.56
ERR4810929,resistant,gyrA,GAA,0.65
ERR4810929,resistant,gyrA,GTT,0.7
ERR4810929,resistant,gyrA,CAG,1.88
ERR4810929,resistant,gyrA,GAG,1.35
ERR4810929,resistant,gyrA,CGC,2.92
ERR4810929,resistant,gyrA,AGC,1.38
ERR4810929,resistant,gyrA,TAC,1.28
ERR4810929,resistant,gyrA,TAT,0.72
ERR4810929,resistant,gyrA,GCG,1.45
ERR4810929,resistant,gyrA,GTG,1.74
ERR4810929,resistant,gyrA,GTC,1.45
ERR4810929,resistant,gyrA,GGC,2.26
ERR4810929,resistant,gyrA,CTG,4.18
ERR4810929,resistant,gyrA,GGG,0.64
ERR4810929,resistant,gyrA,AAG,1.28
ERR4810929,resistant,gyrA,CCC,0.97
ERR4810929,resistant,gyrA,CAT,0.14
ERR4810929,resistant,gyrA,GCA,0.43
ERR4810929,resistant,gyrA,TTC,1.88
ERR4810929,resistant,gyrA,GAT,0.32
ERR4810929,resistant,gyrA,TCC,1.69
ERR4810929,resistant,gyrA,CAC,1.86
ERR4810929,resistant,gyrA,GCC,2.07
ERR4810929,resistant,gyrA,ACC,2.55
ERR4810929,resistant,gyrA,AAC,1.4
ERR4810929,resistant,gyrA,TGG,1.0
ERR4810929,resistant,gyrA,CCA,0.41
ERR4810929,resistant,gyrA,AAT,0.6
ERR4810929,resistant,gyrA,AGG,0.38
ERR4810929,resistant,gyrA,CAA,0.12
ERR4810929,resistant,gyrA,CTA,0.15
ERR4810929,resistant,gyrA,TCA,0.31
ERR4810929,resistant,gyrA,CGT,0.53
ERR4810929,resistant,gyrA,AAA,0.72
ERR4810929,resistant,gyrA,GGA,0.52
ERR4810929,resistant,gyrA,GCT,0.05
ERR4810929,resistant,gyrA,ACT,0.43
ERR4810929,resistant,gyrA,ATT,0.44
ERR4810929,resistant,gyrA,CGA,0.23
ERR4810929,resistant,gyrA,GTA,0.12
ERR4810929,resistant,gyrA,GGT,0.58
ERR4810929,resistant,gyrA,TCT,0.15
ERR4810929,resistant,gyrA,TTA,0.15
ERR4810929,resistant,gyrA,CTT,0.08
ERR4810929,resistant,gyrA,TTT,0.12
ERR4810929,resistant,gyrA,TGC,1.0
ERR4810929,resistant,gyrA,TGT,1.0
ERR4810929,resistant,gyrA,AGT,0.15
ERR4810930,resistant,rpoB,TTG,0.86
ERR4810930,resistant,rpoB,GCA,0.24
ERR4810930,resistant,rpoB,GAT,0.21
ERR4810930,resistant,rpoB,TCC,1.54
ERR4810930,resistant,rpoB,CGC,3.18
ERR4810930,resistant,rpoB,CAG,1.76
ERR4810930,resistant,rpoB,AGC,1.03
ERR4810930,resistant,rpoB,AAA,0.24
ERR4810930,resistant,rpoB,ACA,0.13
ERR4810930,resistant,rpoB,GCC,2.22
ERR4810930,resistant,rpoB,GCT,0.24
ERR4810930,resistant,rpoB,AGT,0.6
ERR4810930,resistant,rpoB,CCT,0.18
ERR4810930,resistant,rpoB,CCG,2.65
ERR4810930,resistant,rpoB,CAA,0.24
ERR4810930,resistant,rpoB,TCG,2.4
ERR4810930,resistant,rpoB,AAT,0.15
ERR4810930,resistant,rpoB,AAC,1.85
ERR4810930,resistant,rpoB,GTA,0.04
ERR4810930,resistant,rpoB,CCC,0.92
ERR4810930,resistant,rpoB,GGA,0.12
ERR4810930,resistant,rpoB,GCG,1.3
ERR4810930,resistant,rpoB,CCA,0.25
ERR4810930,resistant,rpoB,CGG,1.66
ERR4810930,resistant,rpoB,GTC,1.69
ERR4810930,resistant,rpoB,TTC,1.82
ERR4810930,resistant,rpoB,AAG,1.76
ERR4810930,resistant,rpoB,CTG,4.1
ERR4810930,resistant,rpoB,GAA,0.37
ERR4810930,resistant,rpoB,CTT,0.24
ERR4810930,resistant,rpoB,GAG,1.63
ERR4810930,resistant,rpoB,GTT,0.25
ERR4810930,resistant,rpoB,CTC,0.73
ERR4810930,resistant,rpoB,GAC,1.79
ERR4810930,resistant,rpoB,ACC,2.6
ERR4810930,resistant,rpoB,TGG,1.0
ERR4810930,resistant,rpoB,ATC,2.63
ERR4810930,resistant,rpoB,GGT,1.08
ERR4810930,resistant,rpoB,GTG,2.02
ERR4810930,resistant,rpoB,GGC,2.08
ERR4810930,resistant,rpoB,TAC,1.75
ERR4810930,resistant,rpoB,TCT,0.26
ERR4810930,resistant,rpoB,GGG,0.71
ERR4810930,resistant,rpoB,ATG,1.0
ERR4810930,resistant,rpoB,CGT,0.8
ERR4810930,resistant,rpoB,TGC,1.56
ERR4810930,resistant,rpoB,ACG,1.02
ERR4810930,resistant,rpoB,ATT,0.37
ERR4810930,resistant,rpoB,CAC,1.82
ERR4810930,resistant,rpoB,TTT,0.18
ERR4810930,resistant,rpoB,CGA,0.29
ERR4810930,resistant,rpoB,TCA,0.17
ERR4810930,resistant,rpoB,TAT,0.25
ERR4810930,resistant,rpoB,CAT,0.18
ERR4810930,resistant,rpoB,ACT,0.25
ERR4810930,resistant,rpoB,TGT,0.44
ERR4810930,resistant,rpoB,AGG,0.07
ERR4810930,resistant,rpoB,CTA,0.06
ERR4810930,resistant,katG,GTG,1.46
ERR4810930,resistant,katG,CCC,1.44
ERR4810930,resistant,katG,GAG,1.45
ERR4810930,resistant,katG,CAA,0.48
ERR4810930,resistant,katG,CAC,1.67
ERR4810930,resistant,katG,CCA,0.32
ERR4810930,resistant,katG,ATT,0.6
ERR4810930,resistant,katG,ACA,0.19
ERR4810930,resistant,katG,GAA,0.55
ERR4810930,resistant,katG,ACC,2.42
ERR4810930,resistant,katG,GGA,0.25
ERR4810930,resistant,katG,GCC,1.77
ERR4810930,resistant,katG,GCT,0.47
ERR4810930,resistant,katG,AGC,1.89
ERR4810930,resistant,katG,AAC,1.93
ERR4810930,resistant,katG,GGC,2.38
ERR4810930,resistant,katG,TGT,1.33
ERR4810930,resistant,katG,GTC,2.0
ERR4810930,resistant,katG,GGT,0.71
ERR4810930,resistant,katG,CAT,0.33
ERR4810930,resistant,katG,ATG,1.0
ERR4810930,resistant,katG,AAA,0.23
ERR4810930,resistant,katG,TAC,1.52
ERR4810930,resistant,katG,CAG,1.52
ERR4810930,resistant,katG,GAC,1.52
ERR4810930,resistant,katG,TGG,1.0
ERR4810930,resistant,katG,CGG,1.89
ERR4810930,resistant,katG,CTC,1.33
ERR4810930,resistant,katG,AAT,0.07
ERR4810930,resistant,katG,CTG,3.43
ERR4810930,resistant,katG,AAG,1.77
ERR4810930,resistant,katG,GTA,0.23
ERR4810930,resistant,katG,CCG,2.0
ERR4810930,resistant,katG,GCG,1.4
ERR4810930,resistant,katG,TTC,1.77
ERR4810930,resistant,katG,TAT,0.48
ERR4810930,resistant,katG,ATC,2.28
ERR4810930,resistant,katG,GTT,0.31
ERR4810930,resistant,katG,ACG,1.12
ERR4810930,resistant,katG,TCG,1.89
ERR4810930,resistant,katG,GGG,0.66
ERR4810930,resistant,katG,TTT,0.23
ERR4810930,resistant,katG,CGC,2.91
ERR4810930,resistant,katG,CTT,0.48
ERR4810930,resistant,katG,TTG,0.57
ERR4810930,resistant,katG,TCA,0.69
ERR4810930,resistant,katG,TGC,0.67
ERR4810930,resistant,katG,GAT,0.48
ERR4810930,resistant,katG,CGT,0.51
ERR4810930,resistant,katG,ACT,0.28
ERR4810930,resistant,katG,AGT,0.51
ERR4810930,resistant,katG,CCT,0.24
ERR4810930,resistant,katG,TCC,1.03
ERR4810930,resistant,katG,CGA,0.34
ERR4810930,resistant,katG,AGA,0.17
ERR4810930,resistant,katG,GCA,0.36
ERR4810930,resistant,katG,CTA,0.1
ERR4810930,resistant,katG,ATA,0.12
ERR4810930,resistant,katG,TTA,0.1
ERR4810930,resistant,katG,AGG,0.17
ERR4810930,resistant,gyrA,ATG,1.0
ERR4810930,resistant,gyrA,ACA,0.26
ERR4810930,resistant,gyrA,GAC,1.68
ERR4810930,resistant,gyrA,ACG,0.77
ERR4810930,resistant,gyrA,TTG,0.91
ERR4810930,resistant,gyrA,CCG,2.34
ERR4810930,resistant,gyrA,CCT,0.28
ERR4810930,resistant,gyrA,TCG,2.31
ERR4810930,resistant,gyrA,CTC,0.53
ERR4810930,resistant,gyrA,CGG,1.95
ERR4810930,resistant,gyrA,ATC,2.56
ERR4810930,resistant,gyrA,GAA,0.65
ERR4810930,resistant,gyrA,GTT,0.7
ERR4810930,resistant,gyrA,CAG,1.88
ERR4810930,resistant,gyrA,GAG,1.35
ERR4810930,resistant,gyrA,CGC,2.92
ERR4810930,resistant,gyrA,AGC,1.38
ERR4810930,resistant,gyrA,TAC,1.28
ERR4810930,resistant,gyrA,TAT,0.72
ERR4810930,resistant,gyrA,GCG,1.43
ERR4810930,resistant,gyrA,GTG,1.74
ERR4810930,resistant,gyrA,GTC,1.45
ERR4810930,resistant,gyrA,GGC,2.26
ERR4810930,resistant,gyrA,CTG,4.18
ERR4810930,resistant,gyrA,GGG,0.64
ERR4810930,resistant,gyrA,AAG,1.28
ERR4810930,resistant,gyrA,CCC,0.97
ERR4810930,resistant,gyrA,CAT,0.14
ERR4810930,resistant,gyrA,GCA,0.43
ERR4810930,resistant,gyrA,TTC,1.88
ERR4810930,resistant,gyrA,GAT,0.32
ERR4810930,resistant,gyrA,TCC,1.69
ERR4810930,resistant,gyrA,CAC,1.86
ERR4810930,resistant,gyrA,GCC,2.1
ERR4810930,resistant,gyrA,ACC,2.55
ERR4810930,resistant,gyrA,AAC,1.38
ERR4810930,resistant,gyrA,TGG,1.0
ERR4810930,resistant,gyrA,CCA,0.41
ERR4810930,resistant,gyrA,AAT,0.62
ERR4810930,resistant,gyrA,AGG,0.38
ERR4810930,resistant,gyrA,CAA,0.12
ERR4810930,resistant,gyrA,CTA,0.15
ERR4810930,resistant,gyrA,TCA,0.31
ERR4810930,resistant,gyrA,CGT,0.53
ERR4810930,resistant,gyrA,AAA,0.72
ERR4810930,resistant,gyrA,GGA,0.52
ERR4810930,resistant,gyrA,GCT,0.05
ERR4810930,resistant,gyrA,ACT,0.43
ERR4810930,resistant,gyrA,ATT,0.44
ERR4810930,resistant,gyrA,CGA,0.23
ERR4810930,resistant,gyrA,GTA,0.12
ERR4810930,resistant,gyrA,GGT,0.58
ERR4810930,resistant,gyrA,TCT,0.15
ERR4810930,resistant,gyrA,TTA,0.15
ERR4810930,resistant,gyrA,CTT,0.08
ERR4810930,resistant,gyrA,TTT,0.12
ERR4810930,resistant,gyrA,TGC,1.0
ERR4810930,resistant,gyrA,TGT,1.0
ERR4810930,resistant,gyrA,AGT,0.15
ERR4810931,resistant,rpoB,TTG,0.81
ERR4810931,resistant,rpoB,GCA,0.24
ERR4810931,resistant,rpoB,GAT,0.22
ERR4810931,resistant,rpoB,TCC,1.52
ERR4810931,resistant,rpoB,CGC,3.18
ERR4810931,resistant,rpoB,CAG,1.76
ERR4810931,resistant,rpoB,AGC,1.01
ERR4810931,resistant,rpoB,AAA,0.24
ERR4810931,resistant,rpoB,ACA,0.13
ERR4810931,resistant,rpoB,GCC,2.22
ERR4810931,resistant,rpoB,GCT,0.24
ERR4810931,resistant,rpoB,AGT,0.59
ERR4810931,resistant,rpoB,CCT,0.18
ERR4810931,resistant,rpoB,CCG,2.67
ERR4810931,resistant,rpoB,CAA,0.24
ERR4810931,resistant,rpoB,TCG,2.45
ERR4810931,resistant,rpoB,AAT,0.15
ERR4810931,resistant,rpoB,AAC,1.85
ERR4810931,resistant,rpoB,GTA,0.04
ERR4810931,resistant,rpoB,CCC,0.91
ERR4810931,resistant,rpoB,GGA,0.12
ERR4810931,resistant,rpoB,GCG,1.3
ERR4810931,resistant,rpoB,CCA,0.24
ERR4810931,resistant,rpoB,CGG,1.66
ERR4810931,resistant,rpoB,GTC,1.69
ERR4810931,resistant,rpoB,TTC,1.82
ERR4810931,resistant,rpoB,AAG,1.76
ERR4810931,resistant,rpoB,CTG,4.12
ERR4810931,resistant,rpoB,GAA,0.37
ERR4810931,resistant,rpoB,CTT,0.25
ERR4810931,resistant,rpoB,GAG,1.63
ERR4810931,resistant,rpoB,GTT,0.25
ERR4810931,resistant,rpoB,CTC,0.75
ERR4810931,resistant,rpoB,GAC,1.78
ERR4810931,resistant,rpoB,ACC,2.6
ERR4810931,resistant,rpoB,TGG,1.0
ERR4810931,resistant,rpoB,ATC,2.63
ERR4810931,resistant,rpoB,GGT,1.07
ERR4810931,resistant,rpoB,GTG,2.02
ERR4810931,resistant,rpoB,GGC,2.1
ERR4810931,resistant,rpoB,TAC,1.75
ERR4810931,resistant,rpoB,TCT,0.25
ERR4810931,resistant,rpoB,GGG,0.7
ERR4810931,resistant,rpoB,ATG,1.0
ERR4810931,resistant,rpoB,CGT,0.8
ERR4810931,resistant,rpoB,TGC,1.56
ERR4810931,resistant,rpoB,ACG,1.02
ERR4810931,resistant,rpoB,ATT,0.37
ERR4810931,resistant,rpoB,CAC,1.82
ERR4810931,resistant,rpoB,TTT,0.18
ERR4810931,resistant,rpoB,CGA,0.29
ERR4810931,resistant,rpoB,TCA,0.17
ERR4810931,resistant,rpoB,TAT,0.25
ERR4810931,resistant,rpoB,CAT,0.18
ERR4810931,resistant,rpoB,ACT,0.25
ERR4810931,resistant,rpoB,TGT,0.44
ERR4810931,resistant,rpoB,AGG,0.07
ERR4810931,resistant,rpoB,CTA,0.06
ERR4810931,resistant,katG,GTG,1.46
ERR4810931,resistant,katG,CCC,1.44
ERR4810931,resistant,katG,GAG,1.45
ERR4810931,resistant,katG,CAA,0.48
ERR4810931,resistant,katG,CAC,1.67
ERR4810931,resistant,katG,CCA,0.32
ERR4810931,resistant,katG,ATT,0.6
ERR4810931,resistant,katG,ACA,0.19
ERR4810931,resistant,katG,GAA,0.55
ERR4810931,resistant,katG,ACC,2.42
ERR4810931,resistant,katG,GGA,0.25
ERR4810931,resistant,katG,GCC,1.77
ERR4810931,resistant,katG,GCT,0.47
ERR4810931,resistant,katG,AGC,1.89
ERR4810931,resistant,katG,AAC,1.93
ERR4810931,resistant,katG,GGC,2.38
ERR4810931,resistant,katG,TGT,1.33
ERR4810931,resistant,katG,GTC,2.0
ERR4810931,resistant,katG,GGT,0.71
ERR4810931,resistant,katG,CAT,0.33
ERR4810931,resistant,katG,ATG,1.0
ERR4810931,resistant,katG,AAA,0.23
ERR4810931,resistant,katG,TAC,1.52
ERR4810931,resistant,katG,CAG,1.52
ERR4810931,resistant,katG,GAC,1.52
ERR4810931,resistant,katG,TGG,1.0
ERR4810931,resistant,katG,CGG,1.89
ERR4810931,resistant,katG,CTC,1.33
ERR4810931,resistant,katG,AAT,0.07
ERR4810931,resistant,katG,CTG,3.43
ERR4810931,resistant,katG,AAG,1.77
ERR4810931,resistant,katG,GTA,0.23
ERR4810931,resistant,katG,CCG,2.0
ERR4810931,resistant,katG,GCG,1.4
ERR4810931,resistant,katG,TTC,1.77
ERR4810931,resistant,katG,TAT,0.48
ERR4810931,resistant,katG,ATC,2.28
ERR4810931,resistant,katG,GTT,0.31
ERR4810931,resistant,katG,ACG,1.12
ERR4810931,resistant,katG,TCG,1.89
ERR4810931,resistant,katG,GGG,0.66
ERR4810931,resistant,katG,TTT,0.23
ERR4810931,resistant,katG,CGC,2.91
ERR4810931,resistant,katG,CTT,0.48
ERR4810931,resistant,katG,TTG,0.57
ERR4810931,resistant,katG,TCA,0.69
ERR4810931,resistant,katG,TGC,0.67
ERR4810931,resistant,katG,GAT,0.48
ERR4810931,resistant,katG,CGT,0.51
ERR4810931,resistant,katG,ACT,0.28
ERR4810931,resistant,katG,AGT,0.51
ERR4810931,resistant,katG,CCT,0.24
ERR4810931,resistant,katG,TCC,1.03
ERR4810931,resistant,katG,CGA,0.34
ERR4810931,resistant,katG,AGA,0.17
ERR4810931,resistant,katG,GCA,0.36
ERR4810931,resistant,katG,CTA,0.1
ERR4810931,resistant,katG,ATA,0.12
ERR4810931,resistant,katG,TTA,0.1
ERR4810931,resistant,katG,AGG,0.17
ERR4810931,resistant,gyrA,ATG,1.0
ERR4810931,resistant,gyrA,ACA,0.26
ERR4810931,resistant,gyrA,GAC,1.68
ERR4810931,resistant,gyrA,ACG,0.77
ERR4810931,resistant,gyrA,TTG,0.91
ERR4810931,resistant,gyrA,CCG,2.34
ERR4810931,resistant,gyrA,CCT,0.28
ERR4810931,resistant,gyrA,TCG,2.31
ERR4810931,resistant,gyrA,CTC,0.53
ERR4810931,resistant,gyrA,CGG,1.95
ERR4810931,resistant,gyrA,ATC,2.56
ERR4810931,resistant,gyrA,GAA,0.65
ERR4810931,resistant,gyrA,GTT,0.7
ERR4810931,resistant,gyrA,CAG,1.88
ERR4810931,resistant,gyrA,GAG,1.35
ERR4810931,resistant,gyrA,CGC,2.92
ERR4810931,resistant,gyrA,AGC,1.38
ERR4810931,resistant,gyrA,TAC,1.28
ERR4810931,resistant,gyrA,TAT,0.72
ERR4810931,resistant,gyrA,GCG,1.45
ERR4810931,resistant,gyrA,GTG,1.74
ERR4810931,resistant,gyrA,GTC,1.45
ERR4810931,resistant,gyrA,GGC,2.26
ERR4810931,resistant,gyrA,CTG,4.18
ERR4810931,resistant,gyrA,GGG,0.64
ERR4810931,resistant,gyrA,AAG,1.28
ERR4810931,resistant,gyrA,CCC,0.97
ERR4810931,resistant,gyrA,CAT,0.14
ERR4810931,resistant,gyrA,GCA,0.43
ERR4810931,resistant,gyrA,TTC,1.88
ERR4810931,resistant,gyrA,GAT,0.32
ERR4810931,resistant,gyrA,TCC,1.69
ERR4810931,resistant,gyrA,CAC,1.86
ERR4810931,resistant,gyrA,GCC,2.07
ERR4810931,resistant,gyrA,ACC,2.55
ERR4810931,resistant,gyrA,AAC,1.38
ERR4810931,resistant,gyrA,TGG,1.0
ERR4810931,resistant,gyrA,CCA,0.41
ERR4810931,resistant,gyrA,AAT,0.62
ERR4810931,resistant,gyrA,AGG,0.38
ERR4810931,resistant,gyrA,CAA,0.12
ERR4810931,resistant,gyrA,CTA,0.15
ERR4810931,resistant,gyrA,TCA,0.31
ERR4810931,resistant,gyrA,CGT,0.53
ERR4810931,resistant,gyrA,AAA,0.72
ERR4810931,resistant,gyrA,GGA,0.52
ERR4810931,resistant,gyrA,GCT,0.05
ERR4810931,resistant,gyrA,ACT,0.43
ERR4810931,resistant,gyrA,ATT,0.44
ERR4810931,resistant,gyrA,CGA,0.23
ERR4810931,resistant,gyrA,GTA,0.12
ERR4810931,resistant,gyrA,GGT,0.58
ERR4810931,resistant,gyrA,TCT,0.15
ERR4810931,resistant,gyrA,TTA,0.15
ERR4810931,resistant,gyrA,CTT,0.08
ERR4810931,resistant,gyrA,TTT,0.12
ERR4810931,resistant,gyrA,TGC,1.0
ERR4810931,resistant,gyrA,TGT,1.0
ERR4810931,resistant,gyrA,AGT,0.15
ERR4810932,resistant,rpoB,TTG,0.8
ERR4810932,resistant,rpoB,GCA,0.24
ERR4810932,resistant,rpoB,GAT,0.22
ERR4810932,resistant,rpoB,TCC,1.46
ERR4810932,resistant,rpoB,CGC,3.18
ERR4810932,resistant,rpoB,CAG,1.76
ERR4810932,resistant,rpoB,AGC,1.03
ERR4810932,resistant,rpoB,AAA,0.24
ERR4810932,resistant,rpoB,ACA,0.13
ERR4810932,resistant,rpoB,GCC,2.22
ERR4810932,resistant,rpoB,GCT,0.24
ERR4810932,resistant,rpoB,AGT,0.6
ERR4810932,resistant,rpoB,CCT,0.18
ERR4810932,resistant,rpoB,CCG,2.65
ERR4810932,resistant,rpoB,CAA,0.24
ERR4810932,resistant,rpoB,TCG,2.49
ERR4810932,resistant,rpoB,AAT,0.15
ERR4810932,resistant,rpoB,AAC,1.85
ERR4810932,resistant,rpoB,GTA,0.04
ERR4810932,resistant,rpoB,CCC,0.92
ERR4810932,resistant,rpoB,GGA,0.12
ERR4810932,resistant,rpoB,GCG,1.3
ERR4810932,resistant,rpoB,CCA,0.25
ERR4810932,resistant,rpoB,CGG,1.66
ERR4810932,resistant,rpoB,GTC,1.71
ERR4810932,resistant,rpoB,TTC,1.82
ERR4810932,resistant,rpoB,AAG,1.76
ERR4810932,resistant,rpoB,CTG,4.14
ERR4810932,resistant,rpoB,GAA,0.37
ERR4810932,resistant,rpoB,CTT,0.25
ERR4810932,resistant,rpoB,GAG,1.63
ERR4810932,resistant,rpoB,GTT,0.25
ERR4810932,resistant,rpoB,CTC,0.74
ERR4810932,resistant,rpoB,GAC,1.78
ERR4810932,resistant,rpoB,ACC,2.6
ERR4810932,resistant,rpoB,TGG,1.0
ERR4810932,resistant,rpoB,ATC,2.63
ERR4810932,resistant,rpoB,GGT,1.08
ERR4810932,resistant,rpoB,GTG,2.0
ERR4810932,resistant,rpoB,GGC,2.08
ERR4810932,resistant,rpoB,TAC,1.75
ERR4810932,resistant,rpoB,TCT,0.26
ERR4810932,resistant,rpoB,GGG,0.71
ERR4810932,resistant,rpoB,ATG,1.0
ERR4810932,resistant,rpoB,CGT,0.8
ERR4810932,resistant,rpoB,TGC,1.56
ERR4810932,resistant,rpoB,ACG,1.02
ERR4810932,resistant,rpoB,ATT,0.37
ERR4810932,resistant,rpoB,CAC,1.82
ERR4810932,resistant,rpoB,TTT,0.18
ERR4810932,resistant,rpoB,CGA,0.29
ERR4810932,resistant,rpoB,TCA,0.17
ERR4810932,resistant,rpoB,TAT,0.25
ERR4810932,resistant,rpoB,CAT,0.18
ERR4810932,resistant,rpoB,ACT,0.25
ERR4810932,resistant,rpoB,TGT,0.44
ERR4810932,resistant,rpoB,AGG,0.07
ERR4810932,resistant,rpoB,CTA,0.06
ERR4810932,resistant,katG,GTG,1.46
ERR4810932,resistant,katG,CCC,1.44
ERR4810932,resistant,katG,GAG,1.45
ERR4810932,resistant,katG,CAA,0.48
ERR4810932,resistant,katG,CAC,1.67
ERR4810932,resistant,katG,CCA,0.32
ERR4810932,resistant,katG,ATT,0.6
ERR4810932,resistant,katG,ACA,0.19
ERR4810932,resistant,katG,GAA,0.55
ERR4810932,resistant,katG,ACC,2.42
ERR4810932,resistant,katG,GGA,0.25
ERR4810932,resistant,katG,GCC,1.77
ERR4810932,resistant,katG,GCT,0.47
ERR4810932,resistant,katG,AGC,1.89
ERR4810932,resistant,katG,AAC,1.93
ERR4810932,resistant,katG,GGC,2.38
ERR4810932,resistant,katG,TGT,1.33
ERR4810932,resistant,katG,GTC,2.0
ERR4810932,resistant,katG,GGT,0.71
ERR4810932,resistant,katG,CAT,0.33
ERR4810932,resistant,katG,ATG,1.0
ERR4810932,resistant,katG,AAA,0.23
ERR4810932,resistant,katG,TAC,1.52
ERR4810932,resistant,katG,CAG,1.52
ERR4810932,resistant,katG,GAC,1.52
ERR4810932,resistant,katG,TGG,1.0
ERR4810932,resistant,katG,CGG,1.89
ERR4810932,resistant,katG,CTC,1.33
ERR4810932,resistant,katG,AAT,0.07
ERR4810932,resistant,katG,CTG,3.43
ERR4810932,resistant,katG,AAG,1.77
ERR4810932,resistant,katG,GTA,0.23
ERR4810932,resistant,katG,CCG,2.0
ERR4810932,resistant,katG,GCG,1.4
ERR4810932,resistant,katG,TTC,1.77
ERR4810932,resistant,katG,TAT,0.48
ERR4810932,resistant,katG,ATC,2.28
ERR4810932,resistant,katG,GTT,0.31
ERR4810932,resistant,katG,ACG,1.12
ERR4810932,resistant,katG,TCG,1.89
ERR4810932,resistant,katG,GGG,0.66
ERR4810932,resistant,katG,TTT,0.23
ERR4810932,resistant,katG,CGC,2.91
ERR4810932,resistant,katG,CTT,0.48
ERR4810932,resistant,katG,TTG,0.57
ERR4810932,resistant,katG,TCA,0.69
ERR4810932,resistant,katG,TGC,0.67
ERR4810932,resistant,katG,GAT,0.48
ERR4810932,resistant,katG,CGT,0.51
ERR4810932,resistant,katG,ACT,0.28
ERR4810932,resistant,katG,AGT,0.51
ERR4810932,resistant,katG,CCT,0.24
ERR4810932,resistant,katG,TCC,1.03
ERR4810932,resistant,katG,CGA,0.34
ERR4810932,resistant,katG,AGA,0.17
ERR4810932,resistant,katG,GCA,0.36
ERR4810932,resistant,katG,CTA,0.1
ERR4810932,resistant,katG,ATA,0.12
ERR4810932,resistant,katG,TTA,0.1
ERR4810932,resistant,katG,AGG,0.17
ERR4810932,resistant,gyrA,ATG,1.0
ERR4810932,resistant,gyrA,ACA,0.26
ERR4810932,resistant,gyrA,GAC,1.68
ERR4810932,resistant,gyrA,ACG,0.77
ERR4810932,resistant,gyrA,TTG,0.91
ERR4810932,resistant,gyrA,CCG,2.34
ERR4810932,resistant,gyrA,CCT,0.28
ERR4810932,resistant,gyrA,TCG,2.31
ERR4810932,resistant,gyrA,CTC,0.53
ERR4810932,resistant,gyrA,CGG,1.95
ERR4810932,resistant,gyrA,ATC,2.56
ERR4810932,resistant,gyrA,GAA,0.65
ERR4810932,resistant,gyrA,GTT,0.7
ERR4810932,resistant,gyrA,CAG,1.88
ERR4810932,resistant,gyrA,GAG,1.35
ERR4810932,resistant,gyrA,CGC,2.92
ERR4810932,resistant,gyrA,AGC,1.38
ERR4810932,resistant,gyrA,TAC,1.28
ERR4810932,resistant,gyrA,TAT,0.72
ERR4810932,resistant,gyrA,GCG,1.45
ERR4810932,resistant,gyrA,GTG,1.74
ERR4810932,resistant,gyrA,GTC,1.45
ERR4810932,resistant,gyrA,GGC,2.29
ERR4810932,resistant,gyrA,CTG,4.18
ERR4810932,resistant,gyrA,GGG,0.63
ERR4810932,resistant,gyrA,AAG,1.28
ERR4810932,resistant,gyrA,CCC,0.97
ERR4810932,resistant,gyrA,CAT,0.14
ERR4810932,resistant,gyrA,GCA,0.43
ERR4810932,resistant,gyrA,TTC,1.88
ERR4810932,resistant,gyrA,GAT,0.32
ERR4810932,resistant,gyrA,TCC,1.69
ERR4810932,resistant,gyrA,CAC,1.86
ERR4810932,resistant,gyrA,GCC,2.07
ERR4810932,resistant,gyrA,ACC,2.55
ERR4810932,resistant,gyrA,AAC,1.38
ERR4810932,resistant,gyrA,TGG,1.0
ERR4810932,resistant,gyrA,CCA,0.41
ERR4810932,resistant,gyrA,AAT,0.62
ERR4810932,resistant,gyrA,AGG,0.38
ERR4810932,resistant,gyrA,CAA,0.12
ERR4810932,resistant,gyrA,CTA,0.15
ERR4810932,resistant,gyrA,TCA,0.31
ERR4810932,resistant,gyrA,CGT,0.53
ERR4810932,resistant,gyrA,AAA,0.72
ERR4810932,resistant,gyrA,GGA,0.51
ERR4810932,resistant,gyrA,GCT,0.05
ERR4810932,resistant,gyrA,ACT,0.43
ERR4810932,resistant,gyrA,ATT,0.44
ERR4810932,resistant,gyrA,CGA,0.23
ERR4810932,resistant,gyrA,GTA,0.12
ERR4810932,resistant,gyrA,GGT,0.57
ERR4810932,resistant,gyrA,TCT,0.15
ERR4810932,resistant,gyrA,TTA,0.15
ERR4810932,resistant,gyrA,CTT,0.08
ERR4810932,resistant,gyrA,TTT,0.12
ERR4810932,resistant,gyrA,TGC,1.0
ERR4810932,resistant,gyrA,TGT,1.0
ERR4810932,resistant,gyrA,AGT,0.15
ERR4810933,resistant,rpoB,TTG,0.8
ERR4810933,resistant,rpoB,GCA,0.24
ERR4810933,resistant,rpoB,GAT,0.22
ERR4810933,resistant,rpoB,TCC,1.52
ERR4810933,resistant,rpoB,CGC,3.18
ERR4810933,resistant,rpoB,CAG,1.76
ERR4810933,resistant,rpoB,AGC,1.01
ERR4810933,resistant,rpoB,AAA,0.24
ERR4810933,resistant,rpoB,ACA,0.13
ERR4810933,resistant,rpoB,GCC,2.22
ERR4810933,resistant,rpoB,GCT,0.24
ERR4810933,resistant,rpoB,AGT,0.59
ERR4810933,resistant,rpoB,CCT,0.18
ERR4810933,resistant,rpoB,CCG,2.65
ERR4810933,resistant,rpoB,CAA,0.24
ERR4810933,resistant,rpoB,TCG,2.45
ERR4810933,resistant,rpoB,AAT,0.15
ERR4810933,resistant,rpoB,AAC,1.85
ERR4810933,resistant,rpoB,GTA,0.04
ERR4810933,resistant,rpoB,CCC,0.92
ERR4810933,resistant,rpoB,GGA,0.12
ERR4810933,resistant,rpoB,GCG,1.3
ERR4810933,resistant,rpoB,CCA,0.25
ERR4810933,resistant,rpoB,CGG,1.66
ERR4810933,resistant,rpoB,GTC,1.69
ERR4810933,resistant,rpoB,TTC,1.82
ERR4810933,resistant,rpoB,AAG,1.76
ERR4810933,resistant,rpoB,CTG,4.1
ERR4810933,resistant,rpoB,GAA,0.37
ERR4810933,resistant,rpoB,CTT,0.24
ERR4810933,resistant,rpoB,GAG,1.63
ERR4810933,resistant,rpoB,GTT,0.25
ERR4810933,resistant,rpoB,CTC,0.8
ERR4810933,resistant,rpoB,GAC,1.78
ERR4810933,resistant,rpoB,ACC,2.6
ERR4810933,resistant,rpoB,TGG,1.0
ERR4810933,resistant,rpoB,ATC,2.62
ERR4810933,resistant,rpoB,GGT,1.07
ERR4810933,resistant,rpoB,GTG,2.02
ERR4810933,resistant,rpoB,GGC,2.1
ERR4810933,resistant,rpoB,TAC,1.75
ERR4810933,resistant,rpoB,TCT,0.25
ERR4810933,resistant,rpoB,GGG,0.7
ERR4810933,resistant,rpoB,ATG,1.0
ERR4810933,resistant,rpoB,CGT,0.8
ERR4810933,resistant,rpoB,TGC,1.56
ERR4810933,resistant,rpoB,ACG,1.02
ERR4810933,resistant,rpoB,ATT,0.38
ERR4810933,resistant,rpoB,CAC,1.82
ERR4810933,resistant,rpoB,TTT,0.18
ERR4810933,resistant,rpoB,CGA,0.29
ERR4810933,resistant,rpoB,TCA,0.17
ERR4810933,resistant,rpoB,TAT,0.25
ERR4810933,resistant,rpoB,CAT,0.18
ERR4810933,resistant,rpoB,ACT,0.25
ERR4810933,resistant,rpoB,TGT,0.44
ERR4810933,resistant,rpoB,AGG,0.07
ERR4810933,resistant,rpoB,CTA,0.06
ERR4810933,resistant,katG,GTG,1.46
ERR4810933,resistant,katG,CCC,1.44
ERR4810933,resistant,katG,GAG,1.45
ERR4810933,resistant,katG,CAA,0.48
ERR4810933,resistant,katG,CAC,1.67
ERR4810933,resistant,katG,CCA,0.32
ERR4810933,resistant,katG,ATT,0.6
ERR4810933,resistant,katG,ACA,0.19
ERR4810933,resistant,katG,GAA,0.55
ERR4810933,resistant,katG,ACC,2.42
ERR4810933,resistant,katG,GGA,0.25
ERR4810933,resistant,katG,GCC,1.77
ERR4810933,resistant,katG,GCT,0.47
ERR4810933,resistant,katG,AGC,1.89
ERR4810933,resistant,katG,AAC,1.93
ERR4810933,resistant,katG,GGC,2.38
ERR4810933,resistant,katG,TGT,1.33
ERR4810933,resistant,katG,GTC,2.0
ERR4810933,resistant,katG,GGT,0.71
ERR4810933,resistant,katG,CAT,0.33
ERR4810933,resistant,katG,ATG,1.0
ERR4810933,resistant,katG,AAA,0.23
ERR4810933,resistant,katG,TAC,1.52
ERR4810933,resistant,katG,CAG,1.52
ERR4810933,resistant,katG,GAC,1.52
ERR4810933,resistant,katG,TGG,1.0
ERR4810933,resistant,katG,CGG,1.89
ERR4810933,resistant,katG,CTC,1.33
ERR4810933,resistant,katG,AAT,0.07
ERR4810933,resistant,katG,CTG,3.43
ERR4810933,resistant,katG,AAG,1.77
ERR4810933,resistant,katG,GTA,0.23
ERR4810933,resistant,katG,CCG,2.0
ERR4810933,resistant,katG,GCG,1.4
ERR4810933,resistant,katG,TTC,1.77
ERR4810933,resistant,katG,TAT,0.48
ERR4810933,resistant,katG,ATC,2.28
ERR4810933,resistant,katG,GTT,0.31
ERR4810933,resistant,katG,ACG,1.12
ERR4810933,resistant,katG,TCG,1.89
ERR4810933,resistant,katG,GGG,0.66
ERR4810933,resistant,katG,TTT,0.23
ERR4810933,resistant,katG,CGC,2.91
ERR4810933,resistant,katG,CTT,0.48
ERR4810933,resistant,katG,TTG,0.57
ERR4810933,resistant,katG,TCA,0.69
ERR4810933,resistant,katG,TGC,0.67
ERR4810933,resistant,katG,GAT,0.48
ERR4810933,resistant,katG,CGT,0.51
ERR4810933,resistant,katG,ACT,0.28
ERR4810933,resistant,katG,AGT,0.51
ERR4810933,resistant,katG,CCT,0.24
ERR4810933,resistant,katG,TCC,1.03
ERR4810933,resistant,katG,CGA,0.34
ERR4810933,resistant,katG,AGA,0.17
ERR4810933,resistant,katG,GCA,0.36
ERR4810933,resistant,katG,CTA,0.1
ERR4810933,resistant,katG,ATA,0.12
ERR4810933,resistant,katG,TTA,0.1
ERR4810933,resistant,katG,AGG,0.17
ERR4810933,resistant,gyrA,ATG,1.0
ERR4810933,resistant,gyrA,ACA,0.26
ERR4810933,resistant,gyrA,GAC,1.68
ERR4810933,resistant,gyrA,ACG,0.77
ERR4810933,resistant,gyrA,TTG,0.91
ERR4810933,resistant,gyrA,CCG,2.34
ERR4810933,resistant,gyrA,CCT,0.28
ERR4810933,resistant,gyrA,TCG,2.31
ERR4810933,resistant,gyrA,CTC,0.53
ERR4810933,resistant,gyrA,CGG,1.95
ERR4810933,resistant,gyrA,ATC,2.56
ERR4810933,resistant,gyrA,GAA,0.65
ERR4810933,resistant,gyrA,GTT,0.7
ERR4810933,resistant,gyrA,CAG,1.88
ERR4810933,resistant,gyrA,GAG,1.35
ERR4810933,resistant,gyrA,CGC,2.92
ERR4810933,resistant,gyrA,AGC,1.38
ERR4810933,resistant,gyrA,TAC,1.28
ERR4810933,resistant,gyrA,TAT,0.72
ERR4810933,resistant,gyrA,GCG,1.45
ERR4810933,resistant,gyrA,GTG,1.74
ERR4810933,resistant,gyrA,GTC,1.45
ERR4810933,resistant,gyrA,GGC,2.26
ERR4810933,resistant,gyrA,CTG,4.18
ERR4810933,resistant,gyrA,GGG,0.64
ERR4810933,resistant,gyrA,AAG,1.28
ERR4810933,resistant,gyrA,CCC,0.97
ERR4810933,resistant,gyrA,CAT,0.14
ERR4810933,resistant,gyrA,GCA,0.43
ERR4810933,resistant,gyrA,TTC,1.88
ERR4810933,resistant,gyrA,GAT,0.32
ERR4810933,resistant,gyrA,TCC,1.69
ERR4810933,resistant,gyrA,CAC,1.86
ERR4810933,resistant,gyrA,GCC,2.07
ERR4810933,resistant,gyrA,ACC,2.55
ERR4810933,resistant,gyrA,AAC,1.38
ERR4810933,resistant,gyrA,TGG,1.0
ERR4810933,resistant,gyrA,CCA,0.41
ERR4810933,resistant,gyrA,AAT,0.62
ERR4810933,resistant,gyrA,AGG,0.38
ERR4810933,resistant,gyrA,CAA,0.12
ERR4810933,resistant,gyrA,CTA,0.15
ERR4810933,resistant,gyrA,TCA,0.31
ERR4810933,resistant,gyrA,CGT,0.53
ERR4810933,resistant,gyrA,AAA,0.72
ERR4810933,resistant,gyrA,GGA,0.52
ERR4810933,resistant,gyrA,GCT,0.05
ERR4810933,resistant,gyrA,ACT,0.43
ERR4810933,resistant,gyrA,ATT,0.44
ERR4810933,resistant,gyrA,CGA,0.23
ERR4810933,resistant,gyrA,GTA,0.12
ERR4810933,resistant,gyrA,GGT,0.58
ERR4810933,resistant,gyrA,TCT,0.15
ERR4810933,resistant,gyrA,TTA,0.15
ERR4810933,resistant,gyrA,CTT,0.08
ERR4810933,resistant,gyrA,TTT,0.12
ERR4810933,resistant,gyrA,TGC,1.0
ERR4810933,resistant,gyrA,TGT,1.0
ERR4810933,resistant,gyrA,AGT,0.15
ERR4810934,resistant,rpoB,TTG,0.8
ERR4810934,resistant,rpoB,GCA,0.24
ERR4810934,resistant,rpoB,GAT,0.22
ERR4810934,resistant,rpoB,TCC,1.52
ERR4810934,resistant,rpoB,CGC,3.18
ERR4810934,resistant,rpoB,CAG,1.76
ERR4810934,resistant,rpoB,AGC,1.01
ERR4810934,resistant,rpoB,AAA,0.24
ERR4810934,resistant,rpoB,ACA,0.13
ERR4810934,resistant,rpoB,GCC,2.22
ERR4810934,resistant,rpoB,GCT,0.24
ERR4810934,resistant,rpoB,AGT,0.59
ERR4810934,resistant,rpoB,CCT,0.18
ERR4810934,resistant,rpoB,CCG,2.65
ERR4810934,resistant,rpoB,CAA,0.24
ERR4810934,resistant,rpoB,TCG,2.45
ERR4810934,resistant,rpoB,AAT,0.15
ERR4810934,resistant,rpoB,AAC,1.85
ERR4810934,resistant,rpoB,GTA,0.04
ERR4810934,resistant,rpoB,CCC,0.92
ERR4810934,resistant,rpoB,GGA,0.12
ERR4810934,resistant,rpoB,GCG,1.3
ERR4810934,resistant,rpoB,CCA,0.25
ERR4810934,resistant,rpoB,CGG,1.66
ERR4810934,resistant,rpoB,GTC,1.69
ERR4810934,resistant,rpoB,TTC,1.82
ERR4810934,resistant,rpoB,AAG,1.76
ERR4810934,resistant,rpoB,CTG,4.1
ERR4810934,resistant,rpoB,GAA,0.37
ERR4810934,resistant,rpoB,CTT,0.24
ERR4810934,resistant,rpoB,GAG,1.63
ERR4810934,resistant,rpoB,GTT,0.25
ERR4810934,resistant,rpoB,CTC,0.8
ERR4810934,resistant,rpoB,GAC,1.78
ERR4810934,resistant,rpoB,ACC,2.6
ERR4810934,resistant,rpoB,TGG,1.0
ERR4810934,resistant,rpoB,ATC,2.62
ERR4810934,resistant,rpoB,GGT,1.07
ERR4810934,resistant,rpoB,GTG,2.02
ERR4810934,resistant,rpoB,GGC,2.1
ERR4810934,resistant,rpoB,TAC,1.75
ERR4810934,resistant,rpoB,TCT,0.25
ERR4810934,resistant,rpoB,GGG,0.7
ERR4810934,resistant,rpoB,ATG,1.0
ERR4810934,resistant,rpoB,CGT,0.8
ERR4810934,resistant,rpoB,TGC,1.56
ERR4810934,resistant,rpoB,ACG,1.02
ERR4810934,resistant,rpoB,ATT,0.38
ERR4810934,resistant,rpoB,CAC,1.82
ERR4810934,resistant,rpoB,TTT,0.18
ERR4810934,resistant,rpoB,CGA,0.29
ERR4810934,resistant,rpoB,TCA,0.17
ERR4810934,resistant,rpoB,TAT,0.25
ERR4810934,resistant,rpoB,CAT,0.18
ERR4810934,resistant,rpoB,ACT,0.25
ERR4810934,resistant,rpoB,TGT,0.44
ERR4810934,resistant,rpoB,AGG,0.07
ERR4810934,resistant,rpoB,CTA,0.06
ERR4810934,resistant,katG,GTG,1.46
ERR4810934,resistant,katG,CCC,1.44
ERR4810934,resistant,katG,GAG,1.45
ERR4810934,resistant,katG,CAA,0.48
ERR4810934,resistant,katG,CAC,1.67
ERR4810934,resistant,katG,CCA,0.32
ERR4810934,resistant,katG,ATT,0.6
ERR4810934,resistant,katG,ACA,0.19
ERR4810934,resistant,katG,GAA,0.55
ERR4810934,resistant,katG,ACC,2.42
ERR4810934,resistant,katG,GGA,0.25
ERR4810934,resistant,katG,GCC,1.77
ERR4810934,resistant,katG,GCT,0.47
ERR4810934,resistant,katG,AGC,1.89
ERR4810934,resistant,katG,AAC,1.93
ERR4810934,resistant,katG,GGC,2.38
ERR4810934,resistant,katG,TGT,1.33
ERR4810934,resistant,katG,GTC,2.0
ERR4810934,resistant,katG,GGT,0.71
ERR4810934,resistant,katG,CAT,0.33
ERR4810934,resistant,katG,ATG,1.0
ERR4810934,resistant,katG,AAA,0.23
ERR4810934,resistant,katG,TAC,1.52
ERR4810934,resistant,katG,CAG,1.52
ERR4810934,resistant,katG,GAC,1.52
ERR4810934,resistant,katG,TGG,1.0
ERR4810934,resistant,katG,CGG,1.89
ERR4810934,resistant,katG,CTC,1.33
ERR4810934,resistant,katG,AAT,0.07
ERR4810934,resistant,katG,CTG,3.43
ERR4810934,resistant,katG,AAG,1.77
ERR4810934,resistant,katG,GTA,0.23
ERR4810934,resistant,katG,CCG,2.0
ERR4810934,resistant,katG,GCG,1.4
ERR4810934,resistant,katG,TTC,1.77
ERR4810934,resistant,katG,TAT,0.48
ERR4810934,resistant,katG,ATC,2.28
ERR4810934,resistant,katG,GTT,0.31
ERR4810934,resistant,katG,ACG,1.12
ERR4810934,resistant,katG,TCG,1.89
ERR4810934,resistant,katG,GGG,0.66
ERR4810934,resistant,katG,TTT,0.23
ERR4810934,resistant,katG,CGC,2.91
ERR4810934,resistant,katG,CTT,0.48
ERR4810934,resistant,katG,TTG,0.57
ERR4810934,resistant,katG,TCA,0.69
ERR4810934,resistant,katG,TGC,0.67
ERR4810934,resistant,katG,GAT,0.48
ERR4810934,resistant,katG,CGT,0.51
ERR4810934,resistant,katG,ACT,0.28
ERR4810934,resistant,katG,AGT,0.51
ERR4810934,resistant,katG,CCT,0.24
ERR4810934,resistant,katG,TCC,1.03
ERR4810934,resistant,katG,CGA,0.34
ERR4810934,resistant,katG,AGA,0.17
ERR4810934,resistant,katG,GCA,0.36
ERR4810934,resistant,katG,CTA,0.1
ERR4810934,resistant,katG,ATA,0.12
ERR4810934,resistant,katG,TTA,0.1
ERR4810934,resistant,katG,AGG,0.17
ERR4810934,resistant,gyrA,ATG,1.0
ERR4810934,resistant,gyrA,ACA,0.26
ERR4810934,resistant,gyrA,GAC,1.68
ERR4810934,resistant,gyrA,ACG,0.77
ERR4810934,resistant,gyrA,TTG,0.91
ERR4810934,resistant,gyrA,CCG,2.34
ERR4810934,resistant,gyrA,CCT,0.28
ERR4810934,resistant,gyrA,TCG,2.31
ERR4810934,resistant,gyrA,CTC,0.53
ERR4810934,resistant,gyrA,CGG,1.95
ERR4810934,resistant,gyrA,ATC,2.56
ERR4810934,resistant,gyrA,GAA,0.65
ERR4810934,resistant,gyrA,GTT,0.7
ERR4810934,resistant,gyrA,CAG,1.88
ERR4810934,resistant,gyrA,GAG,1.35
ERR4810934,resistant,gyrA,CGC,2.92
ERR4810934,resistant,gyrA,AGC,1.38
ERR4810934,resistant,gyrA,TAC,1.28
ERR4810934,resistant,gyrA,TAT,0.72
ERR4810934,resistant,gyrA,GCG,1.45
ERR4810934,resistant,gyrA,GTG,1.74
ERR4810934,resistant,gyrA,GTC,1.45
ERR4810934,resistant,gyrA,GGC,2.26
ERR4810934,resistant,gyrA,CTG,4.18
ERR4810934,resistant,gyrA,GGG,0.64
ERR4810934,resistant,gyrA,AAG,1.28
ERR4810934,resistant,gyrA,CCC,0.97
ERR4810934,resistant,gyrA,CAT,0.14
ERR4810934,resistant,gyrA,GCA,0.43
ERR4810934,resistant,gyrA,TTC,1.88
ERR4810934,resistant,gyrA,GAT,0.32
ERR4810934,resistant,gyrA,TCC,1.69
ERR4810934,resistant,gyrA,CAC,1.86
ERR4810934,resistant,gyrA,GCC,2.07
ERR4810934,resistant,gyrA,ACC,2.55
ERR4810934,resistant,gyrA,AAC,1.38
ERR4810934,resistant,gyrA,TGG,1.0
ERR4810934,resistant,gyrA,CCA,0.41
ERR4810934,resistant,gyrA,AAT,0.62
ERR4810934,resistant,gyrA,AGG,0.38
ERR4810934,resistant,gyrA,CAA,0.12
ERR4810934,resistant,gyrA,CTA,0.15
ERR4810934,resistant,gyrA,TCA,0.31
ERR4810934,resistant,gyrA,CGT,0.53
ERR4810934,resistant,gyrA,AAA,0.72
ERR4810934,resistant,gyrA,GGA,0.52
ERR4810934,resistant,gyrA,GCT,0.05
ERR4810934,resistant,gyrA,ACT,0.43
ERR4810934,resistant,gyrA,ATT,0.44
ERR4810934,resistant,gyrA,CGA,0.23
ERR4810934,resistant,gyrA,GTA,0.12
ERR4810934,resistant,gyrA,GGT,0.58
ERR4810934,resistant,gyrA,TCT,0.15
ERR4810934,resistant,gyrA,TTA,0.15
ERR4810934,resistant,gyrA,CTT,0.08
ERR4810934,resistant,gyrA,TTT,0.12
ERR4810934,resistant,gyrA,TGC,1.0
ERR4810934,resistant,gyrA,TGT,1.0
ERR4810934,resistant,gyrA,AGT,0.15
ERR4810935,resistant,rpoB,TTG,0.8
ERR4810935,resistant,rpoB,GCA,0.24
ERR4810935,resistant,rpoB,GAT,0.21
ERR4810935,resistant,rpoB,TCC,1.52
ERR4810935,resistant,rpoB,CGC,3.18
ERR4810935,resistant,rpoB,CAG,1.76
ERR4810935,resistant,rpoB,AGC,1.01
ERR4810935,resistant,rpoB,AAA,0.24
ERR4810935,resistant,rpoB,ACA,0.13
ERR4810935,resistant,rpoB,GCC,2.17
ERR4810935,resistant,rpoB,GCT,0.29
ERR4810935,resistant,rpoB,AGT,0.59
ERR4810935,resistant,rpoB,CCT,0.18
ERR4810935,resistant,rpoB,CCG,2.65
ERR4810935,resistant,rpoB,CAA,0.24
ERR4810935,resistant,rpoB,TCG,2.45
ERR4810935,resistant,rpoB,AAT,0.15
ERR4810935,resistant,rpoB,AAC,1.85
ERR4810935,resistant,rpoB,GTA,0.04
ERR4810935,resistant,rpoB,CCC,0.92
ERR4810935,resistant,rpoB,GGA,0.12
ERR4810935,resistant,rpoB,GCG,1.3
ERR4810935,resistant,rpoB,CCA,0.25
ERR4810935,resistant,rpoB,CGG,1.66
ERR4810935,resistant,rpoB,GTC,1.69
ERR4810935,resistant,rpoB,TTC,1.82
ERR4810935,resistant,rpoB,AAG,1.76
ERR4810935,resistant,rpoB,CTG,4.14
ERR4810935,resistant,rpoB,GAA,0.37
ERR4810935,resistant,rpoB,CTT,0.25
ERR4810935,resistant,rpoB,GAG,1.63
ERR4810935,resistant,rpoB,GTT,0.25
ERR4810935,resistant,rpoB,CTC,0.74
ERR4810935,resistant,rpoB,GAC,1.79
ERR4810935,resistant,rpoB,ACC,2.6
ERR4810935,resistant,rpoB,TGG,1.0
ERR4810935,resistant,rpoB,ATC,2.63
ERR4810935,resistant,rpoB,GGT,1.08
ERR4810935,resistant,rpoB,GTG,2.02
ERR4810935,resistant,rpoB,GGC,2.08
ERR4810935,resistant,rpoB,TAC,1.75
ERR4810935,resistant,rpoB,TCT,0.25
ERR4810935,resistant,rpoB,GGG,0.71
ERR4810935,resistant,rpoB,ATG,1.0
ERR4810935,resistant,rpoB,CGT,0.8
ERR4810935,resistant,rpoB,TGC,1.56
ERR4810935,resistant,rpoB,ACG,1.02
ERR4810935,resistant,rpoB,ATT,0.37
ERR4810935,resistant,rpoB,CAC,1.82
ERR4810935,resistant,rpoB,TTT,0.18
ERR4810935,resistant,rpoB,CGA,0.29
ERR4810935,resistant,rpoB,TCA,0.17
ERR4810935,resistant,rpoB,TAT,0.25
ERR4810935,resistant,rpoB,CAT,0.18
ERR4810935,resistant,rpoB,ACT,0.25
ERR4810935,resistant,rpoB,TGT,0.44
ERR4810935,resistant,rpoB,AGG,0.07
ERR4810935,resistant,rpoB,CTA,0.06
ERR4810935,resistant,katG,GTG,1.46
ERR4810935,resistant,katG,CCC,1.44
ERR4810935,resistant,katG,GAG,1.45
ERR4810935,resistant,katG,CAA,0.48
ERR4810935,resistant,katG,CAC,1.67
ERR4810935,resistant,katG,CCA,0.32
ERR4810935,resistant,katG,ATT,0.6
ERR4810935,resistant,katG,ACA,0.19
ERR4810935,resistant,katG,GAA,0.55
ERR4810935,resistant,katG,ACC,2.38
ERR4810935,resistant,katG,GGA,0.25
ERR4810935,resistant,katG,GCC,1.77
ERR4810935,resistant,katG,GCT,0.47
ERR4810935,resistant,katG,AGC,2.0
ERR4810935,resistant,katG,AAC,1.93
ERR4810935,resistant,katG,GGC,2.38
ERR4810935,resistant,katG,TGT,1.33
ERR4810935,resistant,katG,GTC,2.0
ERR4810935,resistant,katG,GGT,0.71
ERR4810935,resistant,katG,CAT,0.33
ERR4810935,resistant,katG,ATG,1.0
ERR4810935,resistant,katG,AAA,0.23
ERR4810935,resistant,katG,TAC,1.52
ERR4810935,resistant,katG,CAG,1.52
ERR4810935,resistant,katG,GAC,1.52
ERR4810935,resistant,katG,TGG,1.0
ERR4810935,resistant,katG,CGG,2.0
ERR4810935,resistant,katG,CTC,1.35
ERR4810935,resistant,katG,AAT,0.07
ERR4810935,resistant,katG,CTG,3.39
ERR4810935,resistant,katG,AAG,1.77
ERR4810935,resistant,katG,GTA,0.23
ERR4810935,resistant,katG,CCG,2.0
ERR4810935,resistant,katG,GCG,1.4
ERR4810935,resistant,katG,TTC,1.77
ERR4810935,resistant,katG,TAT,0.48
ERR4810935,resistant,katG,ATC,2.28
ERR4810935,resistant,katG,GTT,0.31
ERR4810935,resistant,katG,ACG,1.14
ERR4810935,resistant,katG,TCG,1.83
ERR4810935,resistant,katG,GGG,0.66
ERR4810935,resistant,katG,TTT,0.23
ERR4810935,resistant,katG,CGC,2.83
ERR4810935,resistant,katG,CTT,0.48
ERR4810935,resistant,katG,TTG,0.58
ERR4810935,resistant,katG,TCA,0.67
ERR4810935,resistant,katG,TGC,0.67
ERR4810935,resistant,katG,GAT,0.48
ERR4810935,resistant,katG,CGT,0.5
ERR4810935,resistant,katG,ACT,0.29
ERR4810935,resistant,katG,AGT,0.5
ERR4810935,resistant,katG,CCT,0.24
ERR4810935,resistant,katG,TCC,1.0
ERR4810935,resistant,katG,CGA,0.33
ERR4810935,resistant,katG,AGA,0.17
ERR4810935,resistant,katG,GCA,0.36
ERR4810935,resistant,katG,CTA,0.1
ERR4810935,resistant,katG,ATA,0.12
ERR4810935,resistant,katG,TTA,0.1
ERR4810935,resistant,katG,AGG,0.17
ERR4810935,resistant,gyrA,ATG,1.0
ERR4810935,resistant,gyrA,ACA,0.26
ERR4810935,resistant,gyrA,GAC,1.68
ERR4810935,resistant,gyrA,ACG,0.77
ERR4810935,resistant,gyrA,TTG,0.91
ERR4810935,resistant,gyrA,CCG,2.34
ERR4810935,resistant,gyrA,CCT,0.28
ERR4810935,resistant,gyrA,TCG,2.31
ERR4810935,resistant,gyrA,CTC,0.53
ERR4810935,resistant,gyrA,CGG,1.95
ERR4810935,resistant,gyrA,ATC,2.56
ERR4810935,resistant,gyrA,GAA,0.65
ERR4810935,resistant,gyrA,GTT,0.7
ERR4810935,resistant,gyrA,CAG,1.88
ERR4810935,resistant,gyrA,GAG,1.35
ERR4810935,resistant,gyrA,CGC,2.92
ERR4810935,resistant,gyrA,AGC,1.38
ERR4810935,resistant,gyrA,TAC,1.28
ERR4810935,resistant,gyrA,TAT,0.72
ERR4810935,resistant,gyrA,GCG,1.45
ERR4810935,resistant,gyrA,GTG,1.74
ERR4810935,resistant,gyrA,GTC,1.45
ERR4810935,resistant,gyrA,GGC,2.26
ERR4810935,resistant,gyrA,CTG,4.18
ERR4810935,resistant,gyrA,GGG,0.64
ERR4810935,resistant,gyrA,AAG,1.28
ERR4810935,resistant,gyrA,CCC,0.97
ERR4810935,resistant,gyrA,CAT,0.14
ERR4810935,resistant,gyrA,GCA,0.43
ERR4810935,resistant,gyrA,TTC,1.88
ERR4810935,resistant,gyrA,GAT,0.32
ERR4810935,resistant,gyrA,TCC,1.69
ERR4810935,resistant,gyrA,CAC,1.86
ERR4810935,resistant,gyrA,GCC,2.07
ERR4810935,resistant,gyrA,ACC,2.55
ERR4810935,resistant,gyrA,AAC,1.38
ERR4810935,resistant,gyrA,TGG,1.0
ERR4810935,resistant,gyrA,CCA,0.41
ERR4810935,resistant,gyrA,AAT,0.62
ERR4810935,resistant,gyrA,AGG,0.38
ERR4810935,resistant,gyrA,CAA,0.12
ERR4810935,resistant,gyrA,CTA,0.15
ERR4810935,resistant,gyrA,TCA,0.31
ERR4810935,resistant,gyrA,CGT,0.53
ERR4810935,resistant,gyrA,AAA,0.72
ERR4810935,resistant,gyrA,GGA,0.52
ERR4810935,resistant,gyrA,GCT,0.05
ERR4810935,resistant,gyrA,ACT,0.43
ERR4810935,resistant,gyrA,ATT,0.44
ERR4810935,resistant,gyrA,CGA,0.23
ERR4810935,resistant,gyrA,GTA,0.12
ERR4810935,resistant,gyrA,GGT,0.58
ERR4810935,resistant,gyrA,TCT,0.15
ERR4810935,resistant,gyrA,TTA,0.15
ERR4810935,resistant,gyrA,CTT,0.08
ERR4810935,resistant,gyrA,TTT,0.12
ERR4810935,resistant,gyrA,TGC,1.0
ERR4810935,resistant,gyrA,TGT,1.0
ERR4810935,resistant,gyrA,AGT,0.15
ERR4810936,resistant,rpoB,TTG,0.8
ERR4810936,resistant,rpoB,GCA,0.24
ERR4810936,resistant,rpoB,GAT,0.21
ERR4810936,resistant,rpoB,TCC,1.52
ERR4810936,resistant,rpoB,CGC,3.18
ERR4810936,resistant,rpoB,CAG,1.76
ERR4810936,resistant,rpoB,AGC,1.01
ERR4810936,resistant,rpoB,AAA,0.24
ERR4810936,resistant,rpoB,ACA,0.13
ERR4810936,resistant,rpoB,GCC,2.17
ERR4810936,resistant,rpoB,GCT,0.29
ERR4810936,resistant,rpoB,AGT,0.59
ERR4810936,resistant,rpoB,CCT,0.18
ERR4810936,resistant,rpoB,CCG,2.65
ERR4810936,resistant,rpoB,CAA,0.24
ERR4810936,resistant,rpoB,TCG,2.45
ERR4810936,resistant,rpoB,AAT,0.15
ERR4810936,resistant,rpoB,AAC,1.85
ERR4810936,resistant,rpoB,GTA,0.04
ERR4810936,resistant,rpoB,CCC,0.92
ERR4810936,resistant,rpoB,GGA,0.12
ERR4810936,resistant,rpoB,GCG,1.3
ERR4810936,resistant,rpoB,CCA,0.25
ERR4810936,resistant,rpoB,CGG,1.66
ERR4810936,resistant,rpoB,GTC,1.69
ERR4810936,resistant,rpoB,TTC,1.82
ERR4810936,resistant,rpoB,AAG,1.76
ERR4810936,resistant,rpoB,CTG,4.14
ERR4810936,resistant,rpoB,GAA,0.37
ERR4810936,resistant,rpoB,CTT,0.25
ERR4810936,resistant,rpoB,GAG,1.63
ERR4810936,resistant,rpoB,GTT,0.25
ERR4810936,resistant,rpoB,CTC,0.74
ERR4810936,resistant,rpoB,GAC,1.79
ERR4810936,resistant,rpoB,ACC,2.6
ERR4810936,resistant,rpoB,TGG,1.0
ERR4810936,resistant,rpoB,ATC,2.63
ERR4810936,resistant,rpoB,GGT,1.08
ERR4810936,resistant,rpoB,GTG,2.02
ERR4810936,resistant,rpoB,GGC,2.08
ERR4810936,resistant,rpoB,TAC,1.75
ERR4810936,resistant,rpoB,TCT,0.25
ERR4810936,resistant,rpoB,GGG,0.71
ERR4810936,resistant,rpoB,ATG,1.0
ERR4810936,resistant,rpoB,CGT,0.8
ERR4810936,resistant,rpoB,TGC,1.56
ERR4810936,resistant,rpoB,ACG,1.02
ERR4810936,resistant,rpoB,ATT,0.37
ERR4810936,resistant,rpoB,CAC,1.82
ERR4810936,resistant,rpoB,TTT,0.18
ERR4810936,resistant,rpoB,CGA,0.29
ERR4810936,resistant,rpoB,TCA,0.17
ERR4810936,resistant,rpoB,TAT,0.25
ERR4810936,resistant,rpoB,CAT,0.18
ERR4810936,resistant,rpoB,ACT,0.25
ERR4810936,resistant,rpoB,TGT,0.44
ERR4810936,resistant,rpoB,AGG,0.07
ERR4810936,resistant,rpoB,CTA,0.06
ERR4810936,resistant,katG,GTG,1.46
ERR4810936,resistant,katG,CCC,1.44
ERR4810936,resistant,katG,GAG,1.45
ERR4810936,resistant,katG,CAA,0.48
ERR4810936,resistant,katG,CAC,1.67
ERR4810936,resistant,katG,CCA,0.32
ERR4810936,resistant,katG,ATT,0.6
ERR4810936,resistant,katG,ACA,0.19
ERR4810936,resistant,katG,GAA,0.55
ERR4810936,resistant,katG,ACC,2.38
ERR4810936,resistant,katG,GGA,0.25
ERR4810936,resistant,katG,GCC,1.77
ERR4810936,resistant,katG,GCT,0.47
ERR4810936,resistant,katG,AGC,2.0
ERR4810936,resistant,katG,AAC,1.93
ERR4810936,resistant,katG,GGC,2.38
ERR4810936,resistant,katG,TGT,1.33
ERR4810936,resistant,katG,GTC,2.0
ERR4810936,resistant,katG,GGT,0.71
ERR4810936,resistant,katG,CAT,0.33
ERR4810936,resistant,katG,ATG,1.0
ERR4810936,resistant,katG,AAA,0.23
ERR4810936,resistant,katG,TAC,1.52
ERR4810936,resistant,katG,CAG,1.52
ERR4810936,resistant,katG,GAC,1.52
ERR4810936,resistant,katG,TGG,1.0
ERR4810936,resistant,katG,CGG,2.0
ERR4810936,resistant,katG,CTC,1.35
ERR4810936,resistant,katG,AAT,0.07
ERR4810936,resistant,katG,CTG,3.39
ERR4810936,resistant,katG,AAG,1.77
ERR4810936,resistant,katG,GTA,0.23
ERR4810936,resistant,katG,CCG,2.0
ERR4810936,resistant,katG,GCG,1.4
ERR4810936,resistant,katG,TTC,1.77
ERR4810936,resistant,katG,TAT,0.48
ERR4810936,resistant,katG,ATC,2.28
ERR4810936,resistant,katG,GTT,0.31
ERR4810936,resistant,katG,ACG,1.14
ERR4810936,resistant,katG,TCG,1.83
ERR4810936,resistant,katG,GGG,0.66
ERR4810936,resistant,katG,TTT,0.23
ERR4810936,resistant,katG,CGC,2.83
ERR4810936,resistant,katG,CTT,0.48
ERR4810936,resistant,katG,TTG,0.58
ERR4810936,resistant,katG,TCA,0.67
ERR4810936,resistant,katG,TGC,0.67
ERR4810936,resistant,katG,GAT,0.48
ERR4810936,resistant,katG,CGT,0.5
ERR4810936,resistant,katG,ACT,0.29
ERR4810936,resistant,katG,AGT,0.5
ERR4810936,resistant,katG,CCT,0.24
ERR4810936,resistant,katG,TCC,1.0
ERR4810936,resistant,katG,CGA,0.33
ERR4810936,resistant,katG,AGA,0.17
ERR4810936,resistant,katG,GCA,0.36
ERR4810936,resistant,katG,CTA,0.1
ERR4810936,resistant,katG,ATA,0.12
ERR4810936,resistant,katG,TTA,0.1
ERR4810936,resistant,katG,AGG,0.17
ERR4810936,resistant,gyrA,ATG,1.0
ERR4810936,resistant,gyrA,ACA,0.26
ERR4810936,resistant,gyrA,GAC,1.68
ERR4810936,resistant,gyrA,ACG,0.77
ERR4810936,resistant,gyrA,TTG,0.91
ERR4810936,resistant,gyrA,CCG,2.34
ERR4810936,resistant,gyrA,CCT,0.28
ERR4810936,resistant,gyrA,TCG,2.31
ERR4810936,resistant,gyrA,CTC,0.53
ERR4810936,resistant,gyrA,CGG,1.95
ERR4810936,resistant,gyrA,ATC,2.56
ERR4810936,resistant,gyrA,GAA,0.65
ERR4810936,resistant,gyrA,GTT,0.7
ERR4810936,resistant,gyrA,CAG,1.88
ERR4810936,resistant,gyrA,GAG,1.35
ERR4810936,resistant,gyrA,CGC,2.92
ERR4810936,resistant,gyrA,AGC,1.38
ERR4810936,resistant,gyrA,TAC,1.28
ERR4810936,resistant,gyrA,TAT,0.72
ERR4810936,resistant,gyrA,GCG,1.45
ERR4810936,resistant,gyrA,GTG,1.74
ERR4810936,resistant,gyrA,GTC,1.45
ERR4810936,resistant,gyrA,GGC,2.26
ERR4810936,resistant,gyrA,CTG,4.18
ERR4810936,resistant,gyrA,GGG,0.64
ERR4810936,resistant,gyrA,AAG,1.28
ERR4810936,resistant,gyrA,CCC,0.97
ERR4810936,resistant,gyrA,CAT,0.14
ERR4810936,resistant,gyrA,GCA,0.43
ERR4810936,resistant,gyrA,TTC,1.88
ERR4810936,resistant,gyrA,GAT,0.32
ERR4810936,resistant,gyrA,TCC,1.69
ERR4810936,resistant,gyrA,CAC,1.86
ERR4810936,resistant,gyrA,GCC,2.07
ERR4810936,resistant,gyrA,ACC,2.55
ERR4810936,resistant,gyrA,AAC,1.38
ERR4810936,resistant,gyrA,TGG,1.0
ERR4810936,resistant,gyrA,CCA,0.41
ERR4810936,resistant,gyrA,AAT,0.62
ERR4810936,resistant,gyrA,AGG,0.38
ERR4810936,resistant,gyrA,CAA,0.12
ERR4810936,resistant,gyrA,CTA,0.15
ERR4810936,resistant,gyrA,TCA,0.31
ERR4810936,resistant,gyrA,CGT,0.53
ERR4810936,resistant,gyrA,AAA,0.72
ERR4810936,resistant,gyrA,GGA,0.52
ERR4810936,resistant,gyrA,GCT,0.05
ERR4810936,resistant,gyrA,ACT,0.43
ERR4810936,resistant,gyrA,ATT,0.44
ERR4810936,resistant,gyrA,CGA,0.23
ERR4810936,resistant,gyrA,GTA,0.12
ERR4810936,resistant,gyrA,GGT,0.58
ERR4810936,resistant,gyrA,TCT,0.15
ERR4810936,resistant,gyrA,TTA,0.15
ERR4810936,resistant,gyrA,CTT,0.08
ERR4810936,resistant,gyrA,TTT,0.12
ERR4810936,resistant,gyrA,TGC,1.0
ERR4810936,resistant,gyrA,TGT,1.0
ERR4810936,resistant,gyrA,AGT,0.15
ERR4810937,resistant,rpoB,TTG,0.86
ERR4810937,resistant,rpoB,GCA,0.24
ERR4810937,resistant,rpoB,GAT,0.21
ERR4810937,resistant,rpoB,TCC,1.54
ERR4810937,resistant,rpoB,CGC,3.18
ERR4810937,resistant,rpoB,CAG,1.76
ERR4810937,resistant,rpoB,AGC,1.03
ERR4810937,resistant,rpoB,AAA,0.24
ERR4810937,resistant,rpoB,ACA,0.13
ERR4810937,resistant,rpoB,GCC,2.22
ERR4810937,resistant,rpoB,GCT,0.24
ERR4810937,resistant,rpoB,AGT,0.6
ERR4810937,resistant,rpoB,CCT,0.18
ERR4810937,resistant,rpoB,CCG,2.65
ERR4810937,resistant,rpoB,CAA,0.24
ERR4810937,resistant,rpoB,TCG,2.4
ERR4810937,resistant,rpoB,AAT,0.15
ERR4810937,resistant,rpoB,AAC,1.85
ERR4810937,resistant,rpoB,GTA,0.04
ERR4810937,resistant,rpoB,CCC,0.92
ERR4810937,resistant,rpoB,GGA,0.12
ERR4810937,resistant,rpoB,GCG,1.3
ERR4810937,resistant,rpoB,CCA,0.25
ERR4810937,resistant,rpoB,CGG,1.66
ERR4810937,resistant,rpoB,GTC,1.69
ERR4810937,resistant,rpoB,TTC,1.82
ERR4810937,resistant,rpoB,AAG,1.76
ERR4810937,resistant,rpoB,CTG,4.1
ERR4810937,resistant,rpoB,GAA,0.37
ERR4810937,resistant,rpoB,CTT,0.24
ERR4810937,resistant,rpoB,GAG,1.63
ERR4810937,resistant,rpoB,GTT,0.25
ERR4810937,resistant,rpoB,CTC,0.73
ERR4810937,resistant,rpoB,GAC,1.79
ERR4810937,resistant,rpoB,ACC,2.6
ERR4810937,resistant,rpoB,TGG,1.0
ERR4810937,resistant,rpoB,ATC,2.63
ERR4810937,resistant,rpoB,GGT,1.08
ERR4810937,resistant,rpoB,GTG,2.02
ERR4810937,resistant,rpoB,GGC,2.08
ERR4810937,resistant,rpoB,TAC,1.75
ERR4810937,resistant,rpoB,TCT,0.26
ERR4810937,resistant,rpoB,GGG,0.71
ERR4810937,resistant,rpoB,ATG,1.0
ERR4810937,resistant,rpoB,CGT,0.8
ERR4810937,resistant,rpoB,TGC,1.56
ERR4810937,resistant,rpoB,ACG,1.02
ERR4810937,resistant,rpoB,ATT,0.37
ERR4810937,resistant,rpoB,CAC,1.82
ERR4810937,resistant,rpoB,TTT,0.18
ERR4810937,resistant,rpoB,CGA,0.29
ERR4810937,resistant,rpoB,TCA,0.17
ERR4810937,resistant,rpoB,TAT,0.25
ERR4810937,resistant,rpoB,CAT,0.18
ERR4810937,resistant,rpoB,ACT,0.25
ERR4810937,resistant,rpoB,TGT,0.44
ERR4810937,resistant,rpoB,AGG,0.07
ERR4810937,resistant,rpoB,CTA,0.06
ERR4810937,resistant,katG,GTG,1.46
ERR4810937,resistant,katG,CCC,1.44
ERR4810937,resistant,katG,GAG,1.45
ERR4810937,resistant,katG,CAA,0.48
ERR4810937,resistant,katG,CAC,1.67
ERR4810937,resistant,katG,CCA,0.32
ERR4810937,resistant,katG,ATT,0.6
ERR4810937,resistant,katG,ACA,0.19
ERR4810937,resistant,katG,GAA,0.55
ERR4810937,resistant,katG,ACC,2.42
ERR4810937,resistant,katG,GGA,0.25
ERR4810937,resistant,katG,GCC,1.77
ERR4810937,resistant,katG,GCT,0.47
ERR4810937,resistant,katG,AGC,1.89
ERR4810937,resistant,katG,AAC,1.93
ERR4810937,resistant,katG,GGC,2.38
ERR4810937,resistant,katG,TGT,1.33
ERR4810937,resistant,katG,GTC,2.0
ERR4810937,resistant,katG,GGT,0.71
ERR4810937,resistant,katG,CAT,0.33
ERR4810937,resistant,katG,ATG,1.0
ERR4810937,resistant,katG,AAA,0.23
ERR4810937,resistant,katG,TAC,1.52
ERR4810937,resistant,katG,CAG,1.52
ERR4810937,resistant,katG,GAC,1.52
ERR4810937,resistant,katG,TGG,1.0
ERR4810937,resistant,katG,CGG,1.89
ERR4810937,resistant,katG,CTC,1.33
ERR4810937,resistant,katG,AAT,0.07
ERR4810937,resistant,katG,CTG,3.43
ERR4810937,resistant,katG,AAG,1.77
ERR4810937,resistant,katG,GTA,0.23
ERR4810937,resistant,katG,CCG,2.0
ERR4810937,resistant,katG,GCG,1.4
ERR4810937,resistant,katG,TTC,1.77
ERR4810937,resistant,katG,TAT,0.48
ERR4810937,resistant,katG,ATC,2.28
ERR4810937,resistant,katG,GTT,0.31
ERR4810937,resistant,katG,ACG,1.12
ERR4810937,resistant,katG,TCG,1.89
ERR4810937,resistant,katG,GGG,0.66
ERR4810937,resistant,katG,TTT,0.23
ERR4810937,resistant,katG,CGC,2.91
ERR4810937,resistant,katG,CTT,0.48
ERR4810937,resistant,katG,TTG,0.57
ERR4810937,resistant,katG,TCA,0.69
ERR4810937,resistant,katG,TGC,0.67
ERR4810937,resistant,katG,GAT,0.48
ERR4810937,resistant,katG,CGT,0.51
ERR4810937,resistant,katG,ACT,0.28
ERR4810937,resistant,katG,AGT,0.51
ERR4810937,resistant,katG,CCT,0.24
ERR4810937,resistant,katG,TCC,1.03
ERR4810937,resistant,katG,CGA,0.34
ERR4810937,resistant,katG,AGA,0.17
ERR4810937,resistant,katG,GCA,0.36
ERR4810937,resistant,katG,CTA,0.1
ERR4810937,resistant,katG,ATA,0.12
ERR4810937,resistant,katG,TTA,0.1
ERR4810937,resistant,katG,AGG,0.17
ERR4810937,resistant,gyrA,ATG,1.0
ERR4810937,resistant,gyrA,ACA,0.26
ERR4810937,resistant,gyrA,GAC,1.68
ERR4810937,resistant,gyrA,ACG,0.77
ERR4810937,resistant,gyrA,TTG,0.91
ERR4810937,resistant,gyrA,CCG,2.34
ERR4810937,resistant,gyrA,CCT,0.28
ERR4810937,resistant,gyrA,TCG,2.31
ERR4810937,resistant,gyrA,CTC,0.53
ERR4810937,resistant,gyrA,CGG,1.95
ERR4810937,resistant,gyrA,ATC,2.56
ERR4810937,resistant,gyrA,GAA,0.65
ERR4810937,resistant,gyrA,GTT,0.7
ERR4810937,resistant,gyrA,CAG,1.88
ERR4810937,resistant,gyrA,GAG,1.35
ERR4810937,resistant,gyrA,CGC,2.92
ERR4810937,resistant,gyrA,AGC,1.38
ERR4810937,resistant,gyrA,TAC,1.28
ERR4810937,resistant,gyrA,TAT,0.72
ERR4810937,resistant,gyrA,GCG,1.45
ERR4810937,resistant,gyrA,GTG,1.74
ERR4810937,resistant,gyrA,GTC,1.45
ERR4810937,resistant,gyrA,GGC,2.26
ERR4810937,resistant,gyrA,CTG,4.18
ERR4810937,resistant,gyrA,GGG,0.64
ERR4810937,resistant,gyrA,AAG,1.28
ERR4810937,resistant,gyrA,CCC,0.97
ERR4810937,resistant,gyrA,CAT,0.14
ERR4810937,resistant,gyrA,GCA,0.43
ERR4810937,resistant,gyrA,TTC,1.88
ERR4810937,resistant,gyrA,GAT,0.32
ERR4810937,resistant,gyrA,TCC,1.69
ERR4810937,resistant,gyrA,CAC,1.86
ERR4810937,resistant,gyrA,GCC,2.07
ERR4810937,resistant,gyrA,ACC,2.55
ERR4810937,resistant,gyrA,AAC,1.38
ERR4810937,resistant,gyrA,TGG,1.0
ERR4810937,resistant,gyrA,CCA,0.41
ERR4810937,resistant,gyrA,AAT,0.62
ERR4810937,resistant,gyrA,AGG,0.38
ERR4810937,resistant,gyrA,CAA,0.12
ERR4810937,resistant,gyrA,CTA,0.15
ERR4810937,resistant,gyrA,TCA,0.31
ERR4810937,resistant,gyrA,CGT,0.53
ERR4810937,resistant,gyrA,AAA,0.72
ERR4810937,resistant,gyrA,GGA,0.52
ERR4810937,resistant,gyrA,GCT,0.05
ERR4810937,resistant,gyrA,ACT,0.43
ERR4810937,resistant,gyrA,ATT,0.44
ERR4810937,resistant,gyrA,CGA,0.23
ERR4810937,resistant,gyrA,GTA,0.12
ERR4810937,resistant,gyrA,GGT,0.58
ERR4810937,resistant,gyrA,TCT,0.15
ERR4810937,resistant,gyrA,TTA,0.15
ERR4810937,resistant,gyrA,CTT,0.08
ERR4810937,resistant,gyrA,TTT,0.12
ERR4810937,resistant,gyrA,TGC,1.0
ERR4810937,resistant,gyrA,TGT,1.0
ERR4810937,resistant,gyrA,AGT,0.15
ERR4810938,resistant,rpoB,TTG,0.81
ERR4810938,resistant,rpoB,GCA,0.24
ERR4810938,resistant,rpoB,GAT,0.22
ERR4810938,resistant,rpoB,TCC,1.52
ERR4810938,resistant,rpoB,CGC,3.18
ERR4810938,resistant,rpoB,CAG,1.76
ERR4810938,resistant,rpoB,AGC,1.01
ERR4810938,resistant,rpoB,AAA,0.24
ERR4810938,resistant,rpoB,ACA,0.13
ERR4810938,resistant,rpoB,GCC,2.22
ERR4810938,resistant,rpoB,GCT,0.24
ERR4810938,resistant,rpoB,AGT,0.59
ERR4810938,resistant,rpoB,CCT,0.18
ERR4810938,resistant,rpoB,CCG,2.67
ERR4810938,resistant,rpoB,CAA,0.24
ERR4810938,resistant,rpoB,TCG,2.45
ERR4810938,resistant,rpoB,AAT,0.15
ERR4810938,resistant,rpoB,AAC,1.85
ERR4810938,resistant,rpoB,GTA,0.04
ERR4810938,resistant,rpoB,CCC,0.91
ERR4810938,resistant,rpoB,GGA,0.12
ERR4810938,resistant,rpoB,GCG,1.3
ERR4810938,resistant,rpoB,CCA,0.24
ERR4810938,resistant,rpoB,CGG,1.66
ERR4810938,resistant,rpoB,GTC,1.69
ERR4810938,resistant,rpoB,TTC,1.82
ERR4810938,resistant,rpoB,AAG,1.76
ERR4810938,resistant,rpoB,CTG,4.12
ERR4810938,resistant,rpoB,GAA,0.37
ERR4810938,resistant,rpoB,CTT,0.25
ERR4810938,resistant,rpoB,GAG,1.63
ERR4810938,resistant,rpoB,GTT,0.25
ERR4810938,resistant,rpoB,CTC,0.75
ERR4810938,resistant,rpoB,GAC,1.78
ERR4810938,resistant,rpoB,ACC,2.6
ERR4810938,resistant,rpoB,TGG,1.0
ERR4810938,resistant,rpoB,ATC,2.63
ERR4810938,resistant,rpoB,GGT,1.07
ERR4810938,resistant,rpoB,GTG,2.02
ERR4810938,resistant,rpoB,GGC,2.1
ERR4810938,resistant,rpoB,TAC,1.75
ERR4810938,resistant,rpoB,TCT,0.25
ERR4810938,resistant,rpoB,GGG,0.7
ERR4810938,resistant,rpoB,ATG,1.0
ERR4810938,resistant,rpoB,CGT,0.8
ERR4810938,resistant,rpoB,TGC,1.56
ERR4810938,resistant,rpoB,ACG,1.02
ERR4810938,resistant,rpoB,ATT,0.37
ERR4810938,resistant,rpoB,CAC,1.82
ERR4810938,resistant,rpoB,TTT,0.18
ERR4810938,resistant,rpoB,CGA,0.29
ERR4810938,resistant,rpoB,TCA,0.17
ERR4810938,resistant,rpoB,TAT,0.25
ERR4810938,resistant,rpoB,CAT,0.18
ERR4810938,resistant,rpoB,ACT,0.25
ERR4810938,resistant,rpoB,TGT,0.44
ERR4810938,resistant,rpoB,AGG,0.07
ERR4810938,resistant,rpoB,CTA,0.06
ERR4810938,resistant,katG,GTG,1.46
ERR4810938,resistant,katG,CCC,1.44
ERR4810938,resistant,katG,GAG,1.45
ERR4810938,resistant,katG,CAA,0.48
ERR4810938,resistant,katG,CAC,1.67
ERR4810938,resistant,katG,CCA,0.32
ERR4810938,resistant,katG,ATT,0.6
ERR4810938,resistant,katG,ACA,0.19
ERR4810938,resistant,katG,GAA,0.55
ERR4810938,resistant,katG,ACC,2.38
ERR4810938,resistant,katG,GGA,0.25
ERR4810938,resistant,katG,GCC,1.77
ERR4810938,resistant,katG,GCT,0.47
ERR4810938,resistant,katG,AGC,2.0
ERR4810938,resistant,katG,AAC,1.93
ERR4810938,resistant,katG,GGC,2.38
ERR4810938,resistant,katG,TGT,1.0
ERR4810938,resistant,katG,GTC,2.0
ERR4810938,resistant,katG,GGT,0.71
ERR4810938,resistant,katG,CAT,0.33
ERR4810938,resistant,katG,ATG,1.0
ERR4810938,resistant,katG,AAA,0.23
ERR4810938,resistant,katG,TAC,1.5
ERR4810938,resistant,katG,CAG,1.52
ERR4810938,resistant,katG,GAC,1.52
ERR4810938,resistant,katG,TGG,1.0
ERR4810938,resistant,katG,CGG,1.89
ERR4810938,resistant,katG,CTC,1.33
ERR4810938,resistant,katG,AAT,0.07
ERR4810938,resistant,katG,CTG,3.43
ERR4810938,resistant,katG,AAG,1.77
ERR4810938,resistant,katG,GTA,0.23
ERR4810938,resistant,katG,CCG,2.0
ERR4810938,resistant,katG,GCG,1.4
ERR4810938,resistant,katG,TTC,1.77
ERR4810938,resistant,katG,TAT,0.5
ERR4810938,resistant,katG,ATC,2.28
ERR4810938,resistant,katG,GTT,0.31
ERR4810938,resistant,katG,ACG,1.14
ERR4810938,resistant,katG,TCG,1.83
ERR4810938,resistant,katG,TGC,1.0
ERR4810938,resistant,katG,GGG,0.66
ERR4810938,resistant,katG,TTT,0.23
ERR4810938,resistant,katG,CGC,2.91
ERR4810938,resistant,katG,CTT,0.48
ERR4810938,resistant,katG,TTG,0.57
ERR4810938,resistant,katG,TCA,0.67
ERR4810938,resistant,katG,GAT,0.48
ERR4810938,resistant,katG,CGT,0.51
ERR4810938,resistant,katG,ACT,0.29
ERR4810938,resistant,katG,AGT,0.5
ERR4810938,resistant,katG,CCT,0.24
ERR4810938,resistant,katG,TCC,1.0
ERR4810938,resistant,katG,CGA,0.34
ERR4810938,resistant,katG,AGA,0.17
ERR4810938,resistant,katG,GCA,0.36
ERR4810938,resistant,katG,CTA,0.1
ERR4810938,resistant,katG,ATA,0.12
ERR4810938,resistant,katG,TTA,0.1
ERR4810938,resistant,katG,AGG,0.17
ERR4810938,resistant,gyrA,ATG,1.0
ERR4810938,resistant,gyrA,ACA,0.26
ERR4810938,resistant,gyrA,GAC,1.68
ERR4810938,resistant,gyrA,ACG,0.77
ERR4810938,resistant,gyrA,TTG,0.91
ERR4810938,resistant,gyrA,CCG,2.34
ERR4810938,resistant,gyrA,CCT,0.28
ERR4810938,resistant,gyrA,TCG,2.31
ERR4810938,resistant,gyrA,CTC,0.53
ERR4810938,resistant,gyrA,CGG,1.95
ERR4810938,resistant,gyrA,ATC,2.56
ERR4810938,resistant,gyrA,GAA,0.65
ERR4810938,resistant,gyrA,GTT,0.69
ERR4810938,resistant,gyrA,CAG,1.88
ERR4810938,resistant,gyrA,GAG,1.35
ERR4810938,resistant,gyrA,CGC,2.92
ERR4810938,resistant,gyrA,AGC,1.38
ERR4810938,resistant,gyrA,TAC,1.28
ERR4810938,resistant,gyrA,TAT,0.72
ERR4810938,resistant,gyrA,GCG,1.4
ERR4810938,resistant,gyrA,GTG,1.77
ERR4810938,resistant,gyrA,GTC,1.43
ERR4810938,resistant,gyrA,GGC,2.26
ERR4810938,resistant,gyrA,CTG,4.18
ERR4810938,resistant,gyrA,GGG,0.64
ERR4810938,resistant,gyrA,AAG,1.28
ERR4810938,resistant,gyrA,CCC,0.97
ERR4810938,resistant,gyrA,CAT,0.14
ERR4810938,resistant,gyrA,GCA,0.43
ERR4810938,resistant,gyrA,TTC,1.88
ERR4810938,resistant,gyrA,GAT,0.32
ERR4810938,resistant,gyrA,TCC,1.69
ERR4810938,resistant,gyrA,CAC,1.86
ERR4810938,resistant,gyrA,GCC,2.12
ERR4810938,resistant,gyrA,ACC,2.55
ERR4810938,resistant,gyrA,AAC,1.38
ERR4810938,resistant,gyrA,TGG,1.0
ERR4810938,resistant,gyrA,CCA,0.41
ERR4810938,resistant,gyrA,AAT,0.62
ERR4810938,resistant,gyrA,AGG,0.38
ERR4810938,resistant,gyrA,CAA,0.12
ERR4810938,resistant,gyrA,CTA,0.15
ERR4810938,resistant,gyrA,TCA,0.31
ERR4810938,resistant,gyrA,CGT,0.53
ERR4810938,resistant,gyrA,AAA,0.72
ERR4810938,resistant,gyrA,GGA,0.52
ERR4810938,resistant,gyrA,GCT,0.05
ERR4810938,resistant,gyrA,ACT,0.43
ERR4810938,resistant,gyrA,ATT,0.44
ERR4810938,resistant,gyrA,CGA,0.23
ERR4810938,resistant,gyrA,GTA,0.11
ERR4810938,resistant,gyrA,GGT,0.58
ERR4810938,resistant,gyrA,TCT,0.15
ERR4810938,resistant,gyrA,TTA,0.15
ERR4810938,resistant,gyrA,CTT,0.08
ERR4810938,resistant,gyrA,TTT,0.12
ERR4810938,resistant,gyrA,TGC,1.0
ERR4810938,resistant,gyrA,TGT,1.0
ERR4810938,resistant,gyrA,AGT,0.15
ERR4810939,resistant,rpoB,TTG,0.86
ERR4810939,resistant,rpoB,GCA,0.24
ERR4810939,resistant,rpoB,GAT,0.21
ERR4810939,resistant,rpoB,TCC,1.54
ERR4810939,resistant,rpoB,CGC,3.18
ERR4810939,resistant,rpoB,CAG,1.76
ERR4810939,resistant,rpoB,AGC,1.03
ERR4810939,resistant,rpoB,AAA,0.24
ERR4810939,resistant,rpoB,ACA,0.13
ERR4810939,resistant,rpoB,GCC,2.22
ERR4810939,resistant,rpoB,GCT,0.24
ERR4810939,resistant,rpoB,AGT,0.6
ERR4810939,resistant,rpoB,CCT,0.18
ERR4810939,resistant,rpoB,CCG,2.65
ERR4810939,resistant,rpoB,CAA,0.24
ERR4810939,resistant,rpoB,TCG,2.4
ERR4810939,resistant,rpoB,AAT,0.15
ERR4810939,resistant,rpoB,AAC,1.85
ERR4810939,resistant,rpoB,GTA,0.04
ERR4810939,resistant,rpoB,CCC,0.92
ERR4810939,resistant,rpoB,GGA,0.12
ERR4810939,resistant,rpoB,GCG,1.3
ERR4810939,resistant,rpoB,CCA,0.25
ERR4810939,resistant,rpoB,CGG,1.66
ERR4810939,resistant,rpoB,GTC,1.69
ERR4810939,resistant,rpoB,TTC,1.82
ERR4810939,resistant,rpoB,AAG,1.76
ERR4810939,resistant,rpoB,CTG,4.1
ERR4810939,resistant,rpoB,GAA,0.37
ERR4810939,resistant,rpoB,CTT,0.24
ERR4810939,resistant,rpoB,GAG,1.63
ERR4810939,resistant,rpoB,GTT,0.25
ERR4810939,resistant,rpoB,CTC,0.73
ERR4810939,resistant,rpoB,GAC,1.79
ERR4810939,resistant,rpoB,ACC,2.6
ERR4810939,resistant,rpoB,TGG,1.0
ERR4810939,resistant,rpoB,ATC,2.63
ERR4810939,resistant,rpoB,GGT,1.08
ERR4810939,resistant,rpoB,GTG,2.02
ERR4810939,resistant,rpoB,GGC,2.08
ERR4810939,resistant,rpoB,TAC,1.75
ERR4810939,resistant,rpoB,TCT,0.26
ERR4810939,resistant,rpoB,GGG,0.71
ERR4810939,resistant,rpoB,ATG,1.0
ERR4810939,resistant,rpoB,CGT,0.8
ERR4810939,resistant,rpoB,TGC,1.56
ERR4810939,resistant,rpoB,ACG,1.02
ERR4810939,resistant,rpoB,ATT,0.37
ERR4810939,resistant,rpoB,CAC,1.82
ERR4810939,resistant,rpoB,TTT,0.18
ERR4810939,resistant,rpoB,CGA,0.29
ERR4810939,resistant,rpoB,TCA,0.17
ERR4810939,resistant,rpoB,TAT,0.25
ERR4810939,resistant,rpoB,CAT,0.18
ERR4810939,resistant,rpoB,ACT,0.25
ERR4810939,resistant,rpoB,TGT,0.44
ERR4810939,resistant,rpoB,AGG,0.07
ERR4810939,resistant,rpoB,CTA,0.06
ERR4810939,resistant,katG,GTG,1.46
ERR4810939,resistant,katG,CCC,1.44
ERR4810939,resistant,katG,GAG,1.45
ERR4810939,resistant,katG,CAA,0.48
ERR4810939,resistant,katG,CAC,1.67
ERR4810939,resistant,katG,CCA,0.32
ERR4810939,resistant,katG,ATT,0.6
ERR4810939,resistant,katG,ACA,0.19
ERR4810939,resistant,katG,GAA,0.55
ERR4810939,resistant,katG,ACC,2.42
ERR4810939,resistant,katG,GGA,0.25
ERR4810939,resistant,katG,GCC,1.77
ERR4810939,resistant,katG,GCT,0.47
ERR4810939,resistant,katG,AGC,1.89
ERR4810939,resistant,katG,AAC,1.93
ERR4810939,resistant,katG,GGC,2.38
ERR4810939,resistant,katG,TGT,1.33
ERR4810939,resistant,katG,GTC,2.0
ERR4810939,resistant,katG,GGT,0.71
ERR4810939,resistant,katG,CAT,0.33
ERR4810939,resistant,katG,ATG,1.0
ERR4810939,resistant,katG,AAA,0.23
ERR4810939,resistant,katG,TAC,1.52
ERR4810939,resistant,katG,CAG,1.52
ERR4810939,resistant,katG,GAC,1.52
ERR4810939,resistant,katG,TGG,1.0
ERR4810939,resistant,katG,CGG,1.89
ERR4810939,resistant,katG,CTC,1.33
ERR4810939,resistant,katG,AAT,0.07
ERR4810939,resistant,katG,CTG,3.43
ERR4810939,resistant,katG,AAG,1.77
ERR4810939,resistant,katG,GTA,0.23
ERR4810939,resistant,katG,CCG,2.0
ERR4810939,resistant,katG,GCG,1.4
ERR4810939,resistant,katG,TTC,1.77
ERR4810939,resistant,katG,TAT,0.48
ERR4810939,resistant,katG,ATC,2.28
ERR4810939,resistant,katG,GTT,0.31
ERR4810939,resistant,katG,ACG,1.12
ERR4810939,resistant,katG,TCG,1.89
ERR4810939,resistant,katG,GGG,0.66
ERR4810939,resistant,katG,TTT,0.23
ERR4810939,resistant,katG,CGC,2.91
ERR4810939,resistant,katG,CTT,0.48
ERR4810939,resistant,katG,TTG,0.57
ERR4810939,resistant,katG,TCA,0.69
ERR4810939,resistant,katG,TGC,0.67
ERR4810939,resistant,katG,GAT,0.48
ERR4810939,resistant,katG,CGT,0.51
ERR4810939,resistant,katG,ACT,0.28
ERR4810939,resistant,katG,AGT,0.51
ERR4810939,resistant,katG,CCT,0.24
ERR4810939,resistant,katG,TCC,1.03
ERR4810939,resistant,katG,CGA,0.34
ERR4810939,resistant,katG,AGA,0.17
ERR4810939,resistant,katG,GCA,0.36
ERR4810939,resistant,katG,CTA,0.1
ERR4810939,resistant,katG,ATA,0.12
ERR4810939,resistant,katG,TTA,0.1
ERR4810939,resistant,katG,AGG,0.17
ERR4810939,resistant,gyrA,ATG,1.0
ERR4810939,resistant,gyrA,ACA,0.26
ERR4810939,resistant,gyrA,GAC,1.68
ERR4810939,resistant,gyrA,ACG,0.77
ERR4810939,resistant,gyrA,TTG,0.91
ERR4810939,resistant,gyrA,CCG,2.34
ERR4810939,resistant,gyrA,CCT,0.28
ERR4810939,resistant,gyrA,TCG,2.31
ERR4810939,resistant,gyrA,CTC,0.53
ERR4810939,resistant,gyrA,CGG,1.95
ERR4810939,resistant,gyrA,ATC,2.56
ERR4810939,resistant,gyrA,GAA,0.65
ERR4810939,resistant,gyrA,GTT,0.7
ERR4810939,resistant,gyrA,CAG,1.88
ERR4810939,resistant,gyrA,GAG,1.35
ERR4810939,resistant,gyrA,CGC,2.92
ERR4810939,resistant,gyrA,AGC,1.38
ERR4810939,resistant,gyrA,TAC,1.28
ERR4810939,resistant,gyrA,TAT,0.72
ERR4810939,resistant,gyrA,GCG,1.45
ERR4810939,resistant,gyrA,GTG,1.74
ERR4810939,resistant,gyrA,GTC,1.45
ERR4810939,resistant,gyrA,GGC,2.26
ERR4810939,resistant,gyrA,CTG,4.18
ERR4810939,resistant,gyrA,GGG,0.64
ERR4810939,resistant,gyrA,AAG,1.28
ERR4810939,resistant,gyrA,CCC,0.97
ERR4810939,resistant,gyrA,CAT,0.14
ERR4810939,resistant,gyrA,GCA,0.43
ERR4810939,resistant,gyrA,TTC,1.88
ERR4810939,resistant,gyrA,GAT,0.32
ERR4810939,resistant,gyrA,TCC,1.69
ERR4810939,resistant,gyrA,CAC,1.86
ERR4810939,resistant,gyrA,GCC,2.07
ERR4810939,resistant,gyrA,ACC,2.55
ERR4810939,resistant,gyrA,AAC,1.38
ERR4810939,resistant,gyrA,TGG,1.0
ERR4810939,resistant,gyrA,CCA,0.41
ERR4810939,resistant,gyrA,AAT,0.62
ERR4810939,resistant,gyrA,AGG,0.38
ERR4810939,resistant,gyrA,CAA,0.12
ERR4810939,resistant,gyrA,CTA,0.15
ERR4810939,resistant,gyrA,TCA,0.31
ERR4810939,resistant,gyrA,CGT,0.53
ERR4810939,resistant,gyrA,AAA,0.72
ERR4810939,resistant,gyrA,GGA,0.52
ERR4810939,resistant,gyrA,GCT,0.05
ERR4810939,resistant,gyrA,ACT,0.43
ERR4810939,resistant,gyrA,ATT,0.44
ERR4810939,resistant,gyrA,CGA,0.23
ERR4810939,resistant,gyrA,GTA,0.12
ERR4810939,resistant,gyrA,GGT,0.58
ERR4810939,resistant,gyrA,TCT,0.15
ERR4810939,resistant,gyrA,TTA,0.15
ERR4810939,resistant,gyrA,CTT,0.08
ERR4810939,resistant,gyrA,TTT,0.12
ERR4810939,resistant,gyrA,TGC,1.0
ERR4810939,resistant,gyrA,TGT,1.0
ERR4810939,resistant,gyrA,AGT,0.15
ERR4810940,resistant,rpoB,TTG,0.86
ERR4810940,resistant,rpoB,GCA,0.24
ERR4810940,resistant,rpoB,GAT,0.21
ERR4810940,resistant,rpoB,TCC,1.54
ERR4810940,resistant,rpoB,CGC,3.18
ERR4810940,resistant,rpoB,CAG,1.76
ERR4810940,resistant,rpoB,AGC,1.03
ERR4810940,resistant,rpoB,AAA,0.24
ERR4810940,resistant,rpoB,ACA,0.13
ERR4810940,resistant,rpoB,GCC,2.22
ERR4810940,resistant,rpoB,GCT,0.24
ERR4810940,resistant,rpoB,AGT,0.6
ERR4810940,resistant,rpoB,CCT,0.18
ERR4810940,resistant,rpoB,CCG,2.65
ERR4810940,resistant,rpoB,CAA,0.24
ERR4810940,resistant,rpoB,TCG,2.4
ERR4810940,resistant,rpoB,AAT,0.15
ERR4810940,resistant,rpoB,AAC,1.85
ERR4810940,resistant,rpoB,GTA,0.04
ERR4810940,resistant,rpoB,CCC,0.92
ERR4810940,resistant,rpoB,GGA,0.12
ERR4810940,resistant,rpoB,GCG,1.3
ERR4810940,resistant,rpoB,CCA,0.25
ERR4810940,resistant,rpoB,CGG,1.66
ERR4810940,resistant,rpoB,GTC,1.69
ERR4810940,resistant,rpoB,TTC,1.82
ERR4810940,resistant,rpoB,AAG,1.76
ERR4810940,resistant,rpoB,CTG,4.1
ERR4810940,resistant,rpoB,GAA,0.37
ERR4810940,resistant,rpoB,CTT,0.24
ERR4810940,resistant,rpoB,GAG,1.63
ERR4810940,resistant,rpoB,GTT,0.25
ERR4810940,resistant,rpoB,CTC,0.73
ERR4810940,resistant,rpoB,GAC,1.79
ERR4810940,resistant,rpoB,ACC,2.6
ERR4810940,resistant,rpoB,TGG,1.0
ERR4810940,resistant,rpoB,ATC,2.63
ERR4810940,resistant,rpoB,GGT,1.08
ERR4810940,resistant,rpoB,GTG,2.02
ERR4810940,resistant,rpoB,GGC,2.08
ERR4810940,resistant,rpoB,TAC,1.75
ERR4810940,resistant,rpoB,TCT,0.26
ERR4810940,resistant,rpoB,GGG,0.71
ERR4810940,resistant,rpoB,ATG,1.0
ERR4810940,resistant,rpoB,CGT,0.8
ERR4810940,resistant,rpoB,TGC,1.56
ERR4810940,resistant,rpoB,ACG,1.02
ERR4810940,resistant,rpoB,ATT,0.37
ERR4810940,resistant,rpoB,CAC,1.82
ERR4810940,resistant,rpoB,TTT,0.18
ERR4810940,resistant,rpoB,CGA,0.29
ERR4810940,resistant,rpoB,TCA,0.17
ERR4810940,resistant,rpoB,TAT,0.25
ERR4810940,resistant,rpoB,CAT,0.18
ERR4810940,resistant,rpoB,ACT,0.25
ERR4810940,resistant,rpoB,TGT,0.44
ERR4810940,resistant,rpoB,AGG,0.07
ERR4810940,resistant,rpoB,CTA,0.06
ERR4810940,resistant,katG,GTG,1.46
ERR4810940,resistant,katG,CCC,1.44
ERR4810940,resistant,katG,GAG,1.45
ERR4810940,resistant,katG,CAA,0.48
ERR4810940,resistant,katG,CAC,1.67
ERR4810940,resistant,katG,CCA,0.32
ERR4810940,resistant,katG,ATT,0.6
ERR4810940,resistant,katG,ACA,0.19
ERR4810940,resistant,katG,GAA,0.55
ERR4810940,resistant,katG,ACC,2.38
ERR4810940,resistant,katG,GGA,0.25
ERR4810940,resistant,katG,GCC,1.77
ERR4810940,resistant,katG,GCT,0.47
ERR4810940,resistant,katG,AGC,1.89
ERR4810940,resistant,katG,AAC,1.93
ERR4810940,resistant,katG,GGC,2.38
ERR4810940,resistant,katG,TGT,1.33
ERR4810940,resistant,katG,GTC,2.0
ERR4810940,resistant,katG,GGT,0.71
ERR4810940,resistant,katG,CAT,0.33
ERR4810940,resistant,katG,ATG,1.0
ERR4810940,resistant,katG,AAA,0.23
ERR4810940,resistant,katG,TAC,1.52
ERR4810940,resistant,katG,CAG,1.52
ERR4810940,resistant,katG,GAC,1.52
ERR4810940,resistant,katG,TGG,1.0
ERR4810940,resistant,katG,CGG,1.89
ERR4810940,resistant,katG,CTC,1.33
ERR4810940,resistant,katG,AAT,0.07
ERR4810940,resistant,katG,CTG,3.43
ERR4810940,resistant,katG,AAG,1.77
ERR4810940,resistant,katG,GTA,0.23
ERR4810940,resistant,katG,CCG,2.0
ERR4810940,resistant,katG,GCG,1.4
ERR4810940,resistant,katG,TTC,1.77
ERR4810940,resistant,katG,TAT,0.48
ERR4810940,resistant,katG,ATC,2.28
ERR4810940,resistant,katG,GTT,0.31
ERR4810940,resistant,katG,ACG,1.14
ERR4810940,resistant,katG,TCG,1.89
ERR4810940,resistant,katG,GGG,0.66
ERR4810940,resistant,katG,TTT,0.23
ERR4810940,resistant,katG,CGC,2.91
ERR4810940,resistant,katG,CTT,0.48
ERR4810940,resistant,katG,TTG,0.57
ERR4810940,resistant,katG,TCA,0.69
ERR4810940,resistant,katG,TGC,0.67
ERR4810940,resistant,katG,GAT,0.48
ERR4810940,resistant,katG,CGT,0.51
ERR4810940,resistant,katG,ACT,0.29
ERR4810940,resistant,katG,AGT,0.51
ERR4810940,resistant,katG,CCT,0.24
ERR4810940,resistant,katG,TCC,1.03
ERR4810940,resistant,katG,CGA,0.34
ERR4810940,resistant,katG,AGA,0.17
ERR4810940,resistant,katG,GCA,0.36
ERR4810940,resistant,katG,CTA,0.1
ERR4810940,resistant,katG,ATA,0.12
ERR4810940,resistant,katG,TTA,0.1
ERR4810940,resistant,katG,AGG,0.17
ERR4810940,resistant,gyrA,ATG,1.0
ERR4810940,resistant,gyrA,ACA,0.26
ERR4810940,resistant,gyrA,GAC,1.68
ERR4810940,resistant,gyrA,ACG,0.77
ERR4810940,resistant,gyrA,TTG,0.91
ERR4810940,resistant,gyrA,CCG,2.34
ERR4810940,resistant,gyrA,CCT,0.28
ERR4810940,resistant,gyrA,TCG,2.31
ERR4810940,resistant,gyrA,CTC,0.53
ERR4810940,resistant,gyrA,CGG,1.95
ERR4810940,resistant,gyrA,ATC,2.56
ERR4810940,resistant,gyrA,GAA,0.65
ERR4810940,resistant,gyrA,GTT,0.7
ERR4810940,resistant,gyrA,CAG,1.88
ERR4810940,resistant,gyrA,GAG,1.35
ERR4810940,resistant,gyrA,CGC,2.92
ERR4810940,resistant,gyrA,AGC,1.38
ERR4810940,resistant,gyrA,TAC,1.28
ERR4810940,resistant,gyrA,TAT,0.72
ERR4810940,resistant,gyrA,GCG,1.45
ERR4810940,resistant,gyrA,GTG,1.74
ERR4810940,resistant,gyrA,GTC,1.45
ERR4810940,resistant,gyrA,GGC,2.26
ERR4810940,resistant,gyrA,CTG,4.18
ERR4810940,resistant,gyrA,GGG,0.64
ERR4810940,resistant,gyrA,AAG,1.28
ERR4810940,resistant,gyrA,CCC,0.97
ERR4810940,resistant,gyrA,CAT,0.14
ERR4810940,resistant,gyrA,GCA,0.43
ERR4810940,resistant,gyrA,TTC,1.88
ERR4810940,resistant,gyrA,GAT,0.32
ERR4810940,resistant,gyrA,TCC,1.69
ERR4810940,resistant,gyrA,CAC,1.86
ERR4810940,resistant,gyrA,GCC,2.07
ERR4810940,resistant,gyrA,ACC,2.55
ERR4810940,resistant,gyrA,AAC,1.38
ERR4810940,resistant,gyrA,TGG,1.0
ERR4810940,resistant,gyrA,CCA,0.41
ERR4810940,resistant,gyrA,AAT,0.62
ERR4810940,resistant,gyrA,AGG,0.38
ERR4810940,resistant,gyrA,CAA,0.12
ERR4810940,resistant,gyrA,CTA,0.15
ERR4810940,resistant,gyrA,TCA,0.31
ERR4810940,resistant,gyrA,CGT,0.53
ERR4810940,resistant,gyrA,AAA,0.72
ERR4810940,resistant,gyrA,GGA,0.52
ERR4810940,resistant,gyrA,GCT,0.05
ERR4810940,resistant,gyrA,ACT,0.43
ERR4810940,resistant,gyrA,ATT,0.44
ERR4810940,resistant,gyrA,CGA,0.23
ERR4810940,resistant,gyrA,GTA,0.12
ERR4810940,resistant,gyrA,GGT,0.58
ERR4810940,resistant,gyrA,TCT,0.15
ERR4810940,resistant,gyrA,TTA,0.15
ERR4810940,resistant,gyrA,CTT,0.08
ERR4810940,resistant,gyrA,TTT,0.12
ERR4810940,resistant,gyrA,TGC,1.0
ERR4810940,resistant,gyrA,TGT,1.0
ERR4810940,resistant,gyrA,AGT,0.15
ERR4810941,resistant,rpoB,TTG,0.86
ERR4810941,resistant,rpoB,GCA,0.24
ERR4810941,resistant,rpoB,GAT,0.21
ERR4810941,resistant,rpoB,TCC,1.54
ERR4810941,resistant,rpoB,CGC,3.18
ERR4810941,resistant,rpoB,CAG,1.76
ERR4810941,resistant,rpoB,AGC,1.03
ERR4810941,resistant,rpoB,AAA,0.24
ERR4810941,resistant,rpoB,ACA,0.13
ERR4810941,resistant,rpoB,GCC,2.22
ERR4810941,resistant,rpoB,GCT,0.24
ERR4810941,resistant,rpoB,AGT,0.6
ERR4810941,resistant,rpoB,CCT,0.18
ERR4810941,resistant,rpoB,CCG,2.65
ERR4810941,resistant,rpoB,CAA,0.24
ERR4810941,resistant,rpoB,TCG,2.4
ERR4810941,resistant,rpoB,AAT,0.15
ERR4810941,resistant,rpoB,AAC,1.85
ERR4810941,resistant,rpoB,GTA,0.04
ERR4810941,resistant,rpoB,CCC,0.92
ERR4810941,resistant,rpoB,GGA,0.12
ERR4810941,resistant,rpoB,GCG,1.3
ERR4810941,resistant,rpoB,CCA,0.25
ERR4810941,resistant,rpoB,CGG,1.66
ERR4810941,resistant,rpoB,GTC,1.69
ERR4810941,resistant,rpoB,TTC,1.82
ERR4810941,resistant,rpoB,AAG,1.76
ERR4810941,resistant,rpoB,CTG,4.1
ERR4810941,resistant,rpoB,GAA,0.37
ERR4810941,resistant,rpoB,CTT,0.24
ERR4810941,resistant,rpoB,GAG,1.63
ERR4810941,resistant,rpoB,GTT,0.25
ERR4810941,resistant,rpoB,CTC,0.73
ERR4810941,resistant,rpoB,GAC,1.79
ERR4810941,resistant,rpoB,ACC,2.6
ERR4810941,resistant,rpoB,TGG,1.0
ERR4810941,resistant,rpoB,ATC,2.63
ERR4810941,resistant,rpoB,GGT,1.08
ERR4810941,resistant,rpoB,GTG,2.02
ERR4810941,resistant,rpoB,GGC,2.08
ERR4810941,resistant,rpoB,TAC,1.75
ERR4810941,resistant,rpoB,TCT,0.26
ERR4810941,resistant,rpoB,GGG,0.71
ERR4810941,resistant,rpoB,ATG,1.0
ERR4810941,resistant,rpoB,CGT,0.8
ERR4810941,resistant,rpoB,TGC,1.56
ERR4810941,resistant,rpoB,ACG,1.02
ERR4810941,resistant,rpoB,ATT,0.37
ERR4810941,resistant,rpoB,CAC,1.82
ERR4810941,resistant,rpoB,TTT,0.18
ERR4810941,resistant,rpoB,CGA,0.29
ERR4810941,resistant,rpoB,TCA,0.17
ERR4810941,resistant,rpoB,TAT,0.25
ERR4810941,resistant,rpoB,CAT,0.18
ERR4810941,resistant,rpoB,ACT,0.25
ERR4810941,resistant,rpoB,TGT,0.44
ERR4810941,resistant,rpoB,AGG,0.07
ERR4810941,resistant,rpoB,CTA,0.06
ERR4810941,resistant,katG,GTG,1.46
ERR4810941,resistant,katG,CCC,1.44
ERR4810941,resistant,katG,GAG,1.45
ERR4810941,resistant,katG,CAA,0.48
ERR4810941,resistant,katG,CAC,1.67
ERR4810941,resistant,katG,CCA,0.32
ERR4810941,resistant,katG,ATT,0.6
ERR4810941,resistant,katG,ACA,0.19
ERR4810941,resistant,katG,GAA,0.55
ERR4810941,resistant,katG,ACC,2.42
ERR4810941,resistant,katG,GGA,0.25
ERR4810941,resistant,katG,GCC,1.77
ERR4810941,resistant,katG,GCT,0.47
ERR4810941,resistant,katG,AGC,1.89
ERR4810941,resistant,katG,AAC,1.93
ERR4810941,resistant,katG,GGC,2.38
ERR4810941,resistant,katG,TGT,1.33
ERR4810941,resistant,katG,GTC,2.0
ERR4810941,resistant,katG,GGT,0.71
ERR4810941,resistant,katG,CAT,0.33
ERR4810941,resistant,katG,ATG,1.0
ERR4810941,resistant,katG,AAA,0.23
ERR4810941,resistant,katG,TAC,1.52
ERR4810941,resistant,katG,CAG,1.52
ERR4810941,resistant,katG,GAC,1.52
ERR4810941,resistant,katG,TGG,1.0
ERR4810941,resistant,katG,CGG,1.89
ERR4810941,resistant,katG,CTC,1.33
ERR4810941,resistant,katG,AAT,0.07
ERR4810941,resistant,katG,CTG,3.43
ERR4810941,resistant,katG,AAG,1.77
ERR4810941,resistant,katG,GTA,0.23
ERR4810941,resistant,katG,CCG,2.0
ERR4810941,resistant,katG,GCG,1.4
ERR4810941,resistant,katG,TTC,1.77
ERR4810941,resistant,katG,TAT,0.48
ERR4810941,resistant,katG,ATC,2.28
ERR4810941,resistant,katG,GTT,0.31
ERR4810941,resistant,katG,ACG,1.12
ERR4810941,resistant,katG,TCG,1.89
ERR4810941,resistant,katG,GGG,0.66
ERR4810941,resistant,katG,TTT,0.23
ERR4810941,resistant,katG,CGC,2.91
ERR4810941,resistant,katG,CTT,0.48
ERR4810941,resistant,katG,TTG,0.57
ERR4810941,resistant,katG,TCA,0.69
ERR4810941,resistant,katG,TGC,0.67
ERR4810941,resistant,katG,GAT,0.48
ERR4810941,resistant,katG,CGT,0.51
ERR4810941,resistant,katG,ACT,0.28
ERR4810941,resistant,katG,AGT,0.51
ERR4810941,resistant,katG,CCT,0.24
ERR4810941,resistant,katG,TCC,1.03
ERR4810941,resistant,katG,CGA,0.34
ERR4810941,resistant,katG,AGA,0.17
ERR4810941,resistant,katG,GCA,0.36
ERR4810941,resistant,katG,CTA,0.1
ERR4810941,resistant,katG,ATA,0.12
ERR4810941,resistant,katG,TTA,0.1
ERR4810941,resistant,katG,AGG,0.17
ERR4810941,resistant,gyrA,ATG,1.0
ERR4810941,resistant,gyrA,ACA,0.26
ERR4810941,resistant,gyrA,GAC,1.68
ERR4810941,resistant,gyrA,ACG,0.77
ERR4810941,resistant,gyrA,TTG,0.91
ERR4810941,resistant,gyrA,CCG,2.34
ERR4810941,resistant,gyrA,CCT,0.28
ERR4810941,resistant,gyrA,TCG,2.31
ERR4810941,resistant,gyrA,CTC,0.53
ERR4810941,resistant,gyrA,CGG,1.95
ERR4810941,resistant,gyrA,ATC,2.56
ERR4810941,resistant,gyrA,GAA,0.65
ERR4810941,resistant,gyrA,GTT,0.7
ERR4810941,resistant,gyrA,CAG,1.88
ERR4810941,resistant,gyrA,GAG,1.35
ERR4810941,resistant,gyrA,CGC,2.92
ERR4810941,resistant,gyrA,AGC,1.38
ERR4810941,resistant,gyrA,TAC,1.28
ERR4810941,resistant,gyrA,TAT,0.72
ERR4810941,resistant,gyrA,GCG,1.45
ERR4810941,resistant,gyrA,GTG,1.74
ERR4810941,resistant,gyrA,GTC,1.45
ERR4810941,resistant,gyrA,GGC,2.26
ERR4810941,resistant,gyrA,CTG,4.18
ERR4810941,resistant,gyrA,GGG,0.64
ERR4810941,resistant,gyrA,AAG,1.28
ERR4810941,resistant,gyrA,CCC,0.97
ERR4810941,resistant,gyrA,CAT,0.14
ERR4810941,resistant,gyrA,GCA,0.43
ERR4810941,resistant,gyrA,TTC,1.88
ERR4810941,resistant,gyrA,GAT,0.32
ERR4810941,resistant,gyrA,TCC,1.69
ERR4810941,resistant,gyrA,CAC,1.86
ERR4810941,resistant,gyrA,GCC,2.07
ERR4810941,resistant,gyrA,ACC,2.55
ERR4810941,resistant,gyrA,AAC,1.38
ERR4810941,resistant,gyrA,TGG,1.0
ERR4810941,resistant,gyrA,CCA,0.41
ERR4810941,resistant,gyrA,AAT,0.62
ERR4810941,resistant,gyrA,AGG,0.38
ERR4810941,resistant,gyrA,CAA,0.12
ERR4810941,resistant,gyrA,CTA,0.15
ERR4810941,resistant,gyrA,TCA,0.31
ERR4810941,resistant,gyrA,CGT,0.53
ERR4810941,resistant,gyrA,AAA,0.72
ERR4810941,resistant,gyrA,GGA,0.52
ERR4810941,resistant,gyrA,GCT,0.05
ERR4810941,resistant,gyrA,ACT,0.43
ERR4810941,resistant,gyrA,ATT,0.44
ERR4810941,resistant,gyrA,CGA,0.23
ERR4810941,resistant,gyrA,GTA,0.12
ERR4810941,resistant,gyrA,GGT,0.58
ERR4810941,resistant,gyrA,TCT,0.15
ERR4810941,resistant,gyrA,TTA,0.15
ERR4810941,resistant,gyrA,CTT,0.08
ERR4810941,resistant,gyrA,TTT,0.12
ERR4810941,resistant,gyrA,TGC,1.0
ERR4810941,resistant,gyrA,TGT,1.0
ERR4810941,resistant,gyrA,AGT,0.15
ERR4810942,resistant,rpoB,TTG,0.86
ERR4810942,resistant,rpoB,GCA,0.24
ERR4810942,resistant,rpoB,GAT,0.21
ERR4810942,resistant,rpoB,TCC,1.54
ERR4810942,resistant,rpoB,CGC,3.18
ERR4810942,resistant,rpoB,CAG,1.76
ERR4810942,resistant,rpoB,AGC,1.03
ERR4810942,resistant,rpoB,AAA,0.24
ERR4810942,resistant,rpoB,ACA,0.13
ERR4810942,resistant,rpoB,GCC,2.24
ERR4810942,resistant,rpoB,GCT,0.24
ERR4810942,resistant,rpoB,AGT,0.6
ERR4810942,resistant,rpoB,CCT,0.18
ERR4810942,resistant,rpoB,CCG,2.65
ERR4810942,resistant,rpoB,CAA,0.24
ERR4810942,resistant,rpoB,TCG,2.4
ERR4810942,resistant,rpoB,AAT,0.15
ERR4810942,resistant,rpoB,AAC,1.85
ERR4810942,resistant,rpoB,GTA,0.04
ERR4810942,resistant,rpoB,CCC,0.92
ERR4810942,resistant,rpoB,GGA,0.12
ERR4810942,resistant,rpoB,GCG,1.27
ERR4810942,resistant,rpoB,CCA,0.25
ERR4810942,resistant,rpoB,CGG,1.66
ERR4810942,resistant,rpoB,GTC,1.68
ERR4810942,resistant,rpoB,TTC,1.82
ERR4810942,resistant,rpoB,AAG,1.76
ERR4810942,resistant,rpoB,CTG,4.1
ERR4810942,resistant,rpoB,GAA,0.37
ERR4810942,resistant,rpoB,CTT,0.24
ERR4810942,resistant,rpoB,GAG,1.63
ERR4810942,resistant,rpoB,GTT,0.25
ERR4810942,resistant,rpoB,CTC,0.73
ERR4810942,resistant,rpoB,GAC,1.79
ERR4810942,resistant,rpoB,ACC,2.6
ERR4810942,resistant,rpoB,TGG,1.0
ERR4810942,resistant,rpoB,ATC,2.63
ERR4810942,resistant,rpoB,GGT,1.08
ERR4810942,resistant,rpoB,GTG,2.04
ERR4810942,resistant,rpoB,GGC,2.08
ERR4810942,resistant,rpoB,TAC,1.75
ERR4810942,resistant,rpoB,TCT,0.26
ERR4810942,resistant,rpoB,GGG,0.71
ERR4810942,resistant,rpoB,ATG,1.0
ERR4810942,resistant,rpoB,CGT,0.8
ERR4810942,resistant,rpoB,TGC,1.56
ERR4810942,resistant,rpoB,ACG,1.02
ERR4810942,resistant,rpoB,ATT,0.37
ERR4810942,resistant,rpoB,CAC,1.82
ERR4810942,resistant,rpoB,TTT,0.18
ERR4810942,resistant,rpoB,CGA,0.29
ERR4810942,resistant,rpoB,TCA,0.17
ERR4810942,resistant,rpoB,TAT,0.25
ERR4810942,resistant,rpoB,CAT,0.18
ERR4810942,resistant,rpoB,ACT,0.25
ERR4810942,resistant,rpoB,TGT,0.44
ERR4810942,resistant,rpoB,AGG,0.07
ERR4810942,resistant,rpoB,CTA,0.06
ERR4810942,resistant,katG,GTG,1.46
ERR4810942,resistant,katG,CCC,1.44
ERR4810942,resistant,katG,GAG,1.45
ERR4810942,resistant,katG,CAA,0.48
ERR4810942,resistant,katG,CAC,1.67
ERR4810942,resistant,katG,CCA,0.32
ERR4810942,resistant,katG,ATT,0.6
ERR4810942,resistant,katG,ACA,0.19
ERR4810942,resistant,katG,GAA,0.55
ERR4810942,resistant,katG,ACC,2.42
ERR4810942,resistant,katG,GGA,0.25
ERR4810942,resistant,katG,GCC,1.77
ERR4810942,resistant,katG,GCT,0.47
ERR4810942,resistant,katG,AGC,1.89
ERR4810942,resistant,katG,AAC,1.93
ERR4810942,resistant,katG,GGC,2.38
ERR4810942,resistant,katG,TGT,1.33
ERR4810942,resistant,katG,GTC,2.0
ERR4810942,resistant,katG,GGT,0.71
ERR4810942,resistant,katG,CAT,0.33
ERR4810942,resistant,katG,ATG,1.0
ERR4810942,resistant,katG,AAA,0.23
ERR4810942,resistant,katG,TAC,1.52
ERR4810942,resistant,katG,CAG,1.52
ERR4810942,resistant,katG,GAC,1.52
ERR4810942,resistant,katG,TGG,1.0
ERR4810942,resistant,katG,CGG,1.89
ERR4810942,resistant,katG,CTC,1.33
ERR4810942,resistant,katG,AAT,0.07
ERR4810942,resistant,katG,CTG,3.43
ERR4810942,resistant,katG,AAG,1.77
ERR4810942,resistant,katG,GTA,0.23
ERR4810942,resistant,katG,CCG,2.0
ERR4810942,resistant,katG,GCG,1.4
ERR4810942,resistant,katG,TTC,1.77
ERR4810942,resistant,katG,TAT,0.48
ERR4810942,resistant,katG,ATC,2.28
ERR4810942,resistant,katG,GTT,0.31
ERR4810942,resistant,katG,ACG,1.12
ERR4810942,resistant,katG,TCG,1.89
ERR4810942,resistant,katG,GGG,0.66
ERR4810942,resistant,katG,TTT,0.23
ERR4810942,resistant,katG,CGC,2.91
ERR4810942,resistant,katG,CTT,0.48
ERR4810942,resistant,katG,TTG,0.57
ERR4810942,resistant,katG,TCA,0.69
ERR4810942,resistant,katG,TGC,0.67
ERR4810942,resistant,katG,GAT,0.48
ERR4810942,resistant,katG,CGT,0.51
ERR4810942,resistant,katG,ACT,0.28
ERR4810942,resistant,katG,AGT,0.51
ERR4810942,resistant,katG,CCT,0.24
ERR4810942,resistant,katG,TCC,1.03
ERR4810942,resistant,katG,CGA,0.34
ERR4810942,resistant,katG,AGA,0.17
ERR4810942,resistant,katG,GCA,0.36
ERR4810942,resistant,katG,CTA,0.1
ERR4810942,resistant,katG,ATA,0.12
ERR4810942,resistant,katG,TTA,0.1
ERR4810942,resistant,katG,AGG,0.17
ERR4810942,resistant,gyrA,ATG,1.0
ERR4810942,resistant,gyrA,ACA,0.26
ERR4810942,resistant,gyrA,GAC,1.68
ERR4810942,resistant,gyrA,ACG,0.77
ERR4810942,resistant,gyrA,TTG,0.91
ERR4810942,resistant,gyrA,CCG,2.34
ERR4810942,resistant,gyrA,CCT,0.28
ERR4810942,resistant,gyrA,TCG,2.31
ERR4810942,resistant,gyrA,CTC,0.53
ERR4810942,resistant,gyrA,CGG,1.95
ERR4810942,resistant,gyrA,ATC,2.56
ERR4810942,resistant,gyrA,GAA,0.65
ERR4810942,resistant,gyrA,GTT,0.7
ERR4810942,resistant,gyrA,CAG,1.88
ERR4810942,resistant,gyrA,GAG,1.35
ERR4810942,resistant,gyrA,CGC,2.92
ERR4810942,resistant,gyrA,AGC,1.38
ERR4810942,resistant,gyrA,TAC,1.28
ERR4810942,resistant,gyrA,TAT,0.72
ERR4810942,resistant,gyrA,GCG,1.45
ERR4810942,resistant,gyrA,GTG,1.74
ERR4810942,resistant,gyrA,GTC,1.45
ERR4810942,resistant,gyrA,GGC,2.26
ERR4810942,resistant,gyrA,CTG,4.18
ERR4810942,resistant,gyrA,GGG,0.64
ERR4810942,resistant,gyrA,AAG,1.28
ERR4810942,resistant,gyrA,CCC,0.97
ERR4810942,resistant,gyrA,CAT,0.14
ERR4810942,resistant,gyrA,GCA,0.43
ERR4810942,resistant,gyrA,TTC,1.88
ERR4810942,resistant,gyrA,GAT,0.32
ERR4810942,resistant,gyrA,TCC,1.69
ERR4810942,resistant,gyrA,CAC,1.86
ERR4810942,resistant,gyrA,GCC,2.07
ERR4810942,resistant,gyrA,ACC,2.55
ERR4810942,resistant,gyrA,AAC,1.38
ERR4810942,resistant,gyrA,TGG,1.0
ERR4810942,resistant,gyrA,CCA,0.41
ERR4810942,resistant,gyrA,AAT,0.62
ERR4810942,resistant,gyrA,AGG,0.38
ERR4810942,resistant,gyrA,CAA,0.12
ERR4810942,resistant,gyrA,CTA,0.15
ERR4810942,resistant,gyrA,TCA,0.31
ERR4810942,resistant,gyrA,CGT,0.53
ERR4810942,resistant,gyrA,AAA,0.72
ERR4810942,resistant,gyrA,GGA,0.52
ERR4810942,resistant,gyrA,GCT,0.05
ERR4810942,resistant,gyrA,ACT,0.43
ERR4810942,resistant,gyrA,ATT,0.44
ERR4810942,resistant,gyrA,CGA,0.23
ERR4810942,resistant,gyrA,GTA,0.12
ERR4810942,resistant,gyrA,GGT,0.58
ERR4810942,resistant,gyrA,TCT,0.15
ERR4810942,resistant,gyrA,TTA,0.15
ERR4810942,resistant,gyrA,CTT,0.08
ERR4810942,resistant,gyrA,TTT,0.12
ERR4810942,resistant,gyrA,TGC,1.0
ERR4810942,resistant,gyrA,TGT,1.0
ERR4810942,resistant,gyrA,AGT,0.15
ERR4810943,resistant,rpoB,TTG,0.86
ERR4810943,resistant,rpoB,GCA,0.24
ERR4810943,resistant,rpoB,GAT,0.21
ERR4810943,resistant,rpoB,TCC,1.54
ERR4810943,resistant,rpoB,CGC,3.18
ERR4810943,resistant,rpoB,CAG,1.76
ERR4810943,resistant,rpoB,AGC,1.03
ERR4810943,resistant,rpoB,AAA,0.24
ERR4810943,resistant,rpoB,ACA,0.13
ERR4810943,resistant,rpoB,GCC,2.24
ERR4810943,resistant,rpoB,GCT,0.24
ERR4810943,resistant,rpoB,AGT,0.6
ERR4810943,resistant,rpoB,CCT,0.18
ERR4810943,resistant,rpoB,CCG,2.65
ERR4810943,resistant,rpoB,CAA,0.24
ERR4810943,resistant,rpoB,TCG,2.4
ERR4810943,resistant,rpoB,AAT,0.15
ERR4810943,resistant,rpoB,AAC,1.85
ERR4810943,resistant,rpoB,GTA,0.04
ERR4810943,resistant,rpoB,CCC,0.92
ERR4810943,resistant,rpoB,GGA,0.12
ERR4810943,resistant,rpoB,GCG,1.27
ERR4810943,resistant,rpoB,CCA,0.25
ERR4810943,resistant,rpoB,CGG,1.66
ERR4810943,resistant,rpoB,GTC,1.68
ERR4810943,resistant,rpoB,TTC,1.82
ERR4810943,resistant,rpoB,AAG,1.76
ERR4810943,resistant,rpoB,CTG,4.1
ERR4810943,resistant,rpoB,GAA,0.37
ERR4810943,resistant,rpoB,CTT,0.24
ERR4810943,resistant,rpoB,GAG,1.63
ERR4810943,resistant,rpoB,GTT,0.25
ERR4810943,resistant,rpoB,CTC,0.73
ERR4810943,resistant,rpoB,GAC,1.79
ERR4810943,resistant,rpoB,ACC,2.6
ERR4810943,resistant,rpoB,TGG,1.0
ERR4810943,resistant,rpoB,ATC,2.63
ERR4810943,resistant,rpoB,GGT,1.08
ERR4810943,resistant,rpoB,GTG,2.04
ERR4810943,resistant,rpoB,GGC,2.08
ERR4810943,resistant,rpoB,TAC,1.75
ERR4810943,resistant,rpoB,TCT,0.26
ERR4810943,resistant,rpoB,GGG,0.71
ERR4810943,resistant,rpoB,ATG,1.0
ERR4810943,resistant,rpoB,CGT,0.8
ERR4810943,resistant,rpoB,TGC,1.56
ERR4810943,resistant,rpoB,ACG,1.02
ERR4810943,resistant,rpoB,ATT,0.37
ERR4810943,resistant,rpoB,CAC,1.82
ERR4810943,resistant,rpoB,TTT,0.18
ERR4810943,resistant,rpoB,CGA,0.29
ERR4810943,resistant,rpoB,TCA,0.17
ERR4810943,resistant,rpoB,TAT,0.25
ERR4810943,resistant,rpoB,CAT,0.18
ERR4810943,resistant,rpoB,ACT,0.25
ERR4810943,resistant,rpoB,TGT,0.44
ERR4810943,resistant,rpoB,AGG,0.07
ERR4810943,resistant,rpoB,CTA,0.06
ERR4810943,resistant,katG,GTG,1.46
ERR4810943,resistant,katG,CCC,1.44
ERR4810943,resistant,katG,GAG,1.45
ERR4810943,resistant,katG,CAA,0.48
ERR4810943,resistant,katG,CAC,1.67
ERR4810943,resistant,katG,CCA,0.32
ERR4810943,resistant,katG,ATT,0.6
ERR4810943,resistant,katG,ACA,0.19
ERR4810943,resistant,katG,GAA,0.55
ERR4810943,resistant,katG,ACC,2.42
ERR4810943,resistant,katG,GGA,0.25
ERR4810943,resistant,katG,GCC,1.77
ERR4810943,resistant,katG,GCT,0.47
ERR4810943,resistant,katG,AGC,1.89
ERR4810943,resistant,katG,AAC,1.93
ERR4810943,resistant,katG,GGC,2.38
ERR4810943,resistant,katG,TGT,1.33
ERR4810943,resistant,katG,GTC,2.0
ERR4810943,resistant,katG,GGT,0.71
ERR4810943,resistant,katG,CAT,0.33
ERR4810943,resistant,katG,ATG,1.0
ERR4810943,resistant,katG,AAA,0.23
ERR4810943,resistant,katG,TAC,1.52
ERR4810943,resistant,katG,CAG,1.52
ERR4810943,resistant,katG,GAC,1.52
ERR4810943,resistant,katG,TGG,1.0
ERR4810943,resistant,katG,CGG,1.89
ERR4810943,resistant,katG,CTC,1.33
ERR4810943,resistant,katG,AAT,0.07
ERR4810943,resistant,katG,CTG,3.43
ERR4810943,resistant,katG,AAG,1.77
ERR4810943,resistant,katG,GTA,0.23
ERR4810943,resistant,katG,CCG,2.0
ERR4810943,resistant,katG,GCG,1.4
ERR4810943,resistant,katG,TTC,1.77
ERR4810943,resistant,katG,TAT,0.48
ERR4810943,resistant,katG,ATC,2.28
ERR4810943,resistant,katG,GTT,0.31
ERR4810943,resistant,katG,ACG,1.12
ERR4810943,resistant,katG,TCG,1.89
ERR4810943,resistant,katG,GGG,0.66
ERR4810943,resistant,katG,TTT,0.23
ERR4810943,resistant,katG,CGC,2.91
ERR4810943,resistant,katG,CTT,0.48
ERR4810943,resistant,katG,TTG,0.57
ERR4810943,resistant,katG,TCA,0.69
ERR4810943,resistant,katG,TGC,0.67
ERR4810943,resistant,katG,GAT,0.48
ERR4810943,resistant,katG,CGT,0.51
ERR4810943,resistant,katG,ACT,0.28
ERR4810943,resistant,katG,AGT,0.51
ERR4810943,resistant,katG,CCT,0.24
ERR4810943,resistant,katG,TCC,1.03
ERR4810943,resistant,katG,CGA,0.34
ERR4810943,resistant,katG,AGA,0.17
ERR4810943,resistant,katG,GCA,0.36
ERR4810943,resistant,katG,CTA,0.1
ERR4810943,resistant,katG,ATA,0.12
ERR4810943,resistant,katG,TTA,0.1
ERR4810943,resistant,katG,AGG,0.17
ERR4810943,resistant,gyrA,ATG,1.0
ERR4810943,resistant,gyrA,ACA,0.26
ERR4810943,resistant,gyrA,GAC,1.68
ERR4810943,resistant,gyrA,ACG,0.77
ERR4810943,resistant,gyrA,TTG,0.91
ERR4810943,resistant,gyrA,CCG,2.34
ERR4810943,resistant,gyrA,CCT,0.28
ERR4810943,resistant,gyrA,TCG,2.31
ERR4810943,resistant,gyrA,CTC,0.53
ERR4810943,resistant,gyrA,CGG,1.95
ERR4810943,resistant,gyrA,ATC,2.56
ERR4810943,resistant,gyrA,GAA,0.65
ERR4810943,resistant,gyrA,GTT,0.7
ERR4810943,resistant,gyrA,CAG,1.88
ERR4810943,resistant,gyrA,GAG,1.35
ERR4810943,resistant,gyrA,CGC,2.92
ERR4810943,resistant,gyrA,AGC,1.38
ERR4810943,resistant,gyrA,TAC,1.28
ERR4810943,resistant,gyrA,TAT,0.72
ERR4810943,resistant,gyrA,GCG,1.43
ERR4810943,resistant,gyrA,GTG,1.74
ERR4810943,resistant,gyrA,GTC,1.45
ERR4810943,resistant,gyrA,GGC,2.26
ERR4810943,resistant,gyrA,CTG,4.18
ERR4810943,resistant,gyrA,GGG,0.64
ERR4810943,resistant,gyrA,AAG,1.28
ERR4810943,resistant,gyrA,CCC,0.97
ERR4810943,resistant,gyrA,CAT,0.14
ERR4810943,resistant,gyrA,GCA,0.43
ERR4810943,resistant,gyrA,TTC,1.88
ERR4810943,resistant,gyrA,GAT,0.32
ERR4810943,resistant,gyrA,TCC,1.69
ERR4810943,resistant,gyrA,CAC,1.86
ERR4810943,resistant,gyrA,GCC,2.1
ERR4810943,resistant,gyrA,ACC,2.55
ERR4810943,resistant,gyrA,AAC,1.38
ERR4810943,resistant,gyrA,TGG,1.0
ERR4810943,resistant,gyrA,CCA,0.41
ERR4810943,resistant,gyrA,AAT,0.62
ERR4810943,resistant,gyrA,AGG,0.38
ERR4810943,resistant,gyrA,CAA,0.12
ERR4810943,resistant,gyrA,CTA,0.15
ERR4810943,resistant,gyrA,TCA,0.31
ERR4810943,resistant,gyrA,CGT,0.53
ERR4810943,resistant,gyrA,AAA,0.72
ERR4810943,resistant,gyrA,GGA,0.52
ERR4810943,resistant,gyrA,GCT,0.05
ERR4810943,resistant,gyrA,ACT,0.43
ERR4810943,resistant,gyrA,ATT,0.44
ERR4810943,resistant,gyrA,CGA,0.23
ERR4810943,resistant,gyrA,GTA,0.12
ERR4810943,resistant,gyrA,GGT,0.58
ERR4810943,resistant,gyrA,TCT,0.15
ERR4810943,resistant,gyrA,TTA,0.15
ERR4810943,resistant,gyrA,CTT,0.08
ERR4810943,resistant,gyrA,TTT,0.12
ERR4810943,resistant,gyrA,TGC,1.0
ERR4810943,resistant,gyrA,TGT,1.0
ERR4810943,resistant,gyrA,AGT,0.15
ERR4810944,resistant,rpoB,TTG,0.86
ERR4810944,resistant,rpoB,GCA,0.24
ERR4810944,resistant,rpoB,GAT,0.21
ERR4810944,resistant,rpoB,TCC,1.54
ERR4810944,resistant,rpoB,CGC,3.18
ERR4810944,resistant,rpoB,CAG,1.76
ERR4810944,resistant,rpoB,AGC,1.03
ERR4810944,resistant,rpoB,AAA,0.24
ERR4810944,resistant,rpoB,ACA,0.13
ERR4810944,resistant,rpoB,GCC,2.17
ERR4810944,resistant,rpoB,GCT,0.29
ERR4810944,resistant,rpoB,AGT,0.6
ERR4810944,resistant,rpoB,CCT,0.18
ERR4810944,resistant,rpoB,CCG,2.65
ERR4810944,resistant,rpoB,CAA,0.24
ERR4810944,resistant,rpoB,TCG,2.4
ERR4810944,resistant,rpoB,AAT,0.15
ERR4810944,resistant,rpoB,AAC,1.85
ERR4810944,resistant,rpoB,GTA,0.04
ERR4810944,resistant,rpoB,CCC,0.92
ERR4810944,resistant,rpoB,GGA,0.12
ERR4810944,resistant,rpoB,GCG,1.3
ERR4810944,resistant,rpoB,CCA,0.25
ERR4810944,resistant,rpoB,CGG,1.66
ERR4810944,resistant,rpoB,GTC,1.69
ERR4810944,resistant,rpoB,TTC,1.82
ERR4810944,resistant,rpoB,AAG,1.76
ERR4810944,resistant,rpoB,CTG,4.1
ERR4810944,resistant,rpoB,GAA,0.37
ERR4810944,resistant,rpoB,CTT,0.24
ERR4810944,resistant,rpoB,GAG,1.63
ERR4810944,resistant,rpoB,GTT,0.25
ERR4810944,resistant,rpoB,CTC,0.73
ERR4810944,resistant,rpoB,GAC,1.79
ERR4810944,resistant,rpoB,ACC,2.6
ERR4810944,resistant,rpoB,TGG,1.0
ERR4810944,resistant,rpoB,ATC,2.63
ERR4810944,resistant,rpoB,GGT,1.08
ERR4810944,resistant,rpoB,GTG,2.02
ERR4810944,resistant,rpoB,GGC,2.08
ERR4810944,resistant,rpoB,TAC,1.75
ERR4810944,resistant,rpoB,TCT,0.26
ERR4810944,resistant,rpoB,GGG,0.71
ERR4810944,resistant,rpoB,ATG,1.0
ERR4810944,resistant,rpoB,CGT,0.8
ERR4810944,resistant,rpoB,TGC,1.56
ERR4810944,resistant,rpoB,ACG,1.02
ERR4810944,resistant,rpoB,ATT,0.37
ERR4810944,resistant,rpoB,CAC,1.82
ERR4810944,resistant,rpoB,TTT,0.18
ERR4810944,resistant,rpoB,CGA,0.29
ERR4810944,resistant,rpoB,TCA,0.17
ERR4810944,resistant,rpoB,TAT,0.25
ERR4810944,resistant,rpoB,CAT,0.18
ERR4810944,resistant,rpoB,ACT,0.25
ERR4810944,resistant,rpoB,TGT,0.44
ERR4810944,resistant,rpoB,AGG,0.07
ERR4810944,resistant,rpoB,CTA,0.06
ERR4810944,resistant,katG,GTG,1.46
ERR4810944,resistant,katG,CCC,1.44
ERR4810944,resistant,katG,GAG,1.45
ERR4810944,resistant,katG,CAA,0.48
ERR4810944,resistant,katG,CAC,1.67
ERR4810944,resistant,katG,CCA,0.32
ERR4810944,resistant,katG,ATT,0.6
ERR4810944,resistant,katG,ACA,0.28
ERR4810944,resistant,katG,GAA,0.55
ERR4810944,resistant,katG,ACC,2.33
ERR4810944,resistant,katG,GGA,0.25
ERR4810944,resistant,katG,GCC,1.77
ERR4810944,resistant,katG,GCT,0.47
ERR4810944,resistant,katG,AGC,1.89
ERR4810944,resistant,katG,AAC,1.93
ERR4810944,resistant,katG,GGC,2.38
ERR4810944,resistant,katG,TGT,1.33
ERR4810944,resistant,katG,GTC,2.0
ERR4810944,resistant,katG,GGT,0.71
ERR4810944,resistant,katG,CAT,0.33
ERR4810944,resistant,katG,ATG,1.0
ERR4810944,resistant,katG,AAA,0.23
ERR4810944,resistant,katG,TAC,1.52
ERR4810944,resistant,katG,CAG,1.52
ERR4810944,resistant,katG,GAC,1.52
ERR4810944,resistant,katG,TGG,1.0
ERR4810944,resistant,katG,CGG,2.0
ERR4810944,resistant,katG,CTC,1.35
ERR4810944,resistant,katG,AAT,0.07
ERR4810944,resistant,katG,CTG,3.39
ERR4810944,resistant,katG,AAG,1.77
ERR4810944,resistant,katG,GTA,0.23
ERR4810944,resistant,katG,CCG,2.0
ERR4810944,resistant,katG,GCG,1.4
ERR4810944,resistant,katG,TTC,1.77
ERR4810944,resistant,katG,TAT,0.48
ERR4810944,resistant,katG,ATC,2.28
ERR4810944,resistant,katG,GTT,0.31
ERR4810944,resistant,katG,ACG,1.12
ERR4810944,resistant,katG,TCG,1.89
ERR4810944,resistant,katG,GGG,0.66
ERR4810944,resistant,katG,TTT,0.23
ERR4810944,resistant,katG,CGC,2.83
ERR4810944,resistant,katG,CTT,0.48
ERR4810944,resistant,katG,TTG,0.58
ERR4810944,resistant,katG,TCA,0.69
ERR4810944,resistant,katG,TGC,0.67
ERR4810944,resistant,katG,GAT,0.48
ERR4810944,resistant,katG,CGT,0.5
ERR4810944,resistant,katG,ACT,0.28
ERR4810944,resistant,katG,AGT,0.51
ERR4810944,resistant,katG,CCT,0.24
ERR4810944,resistant,katG,TCC,1.03
ERR4810944,resistant,katG,CGA,0.33
ERR4810944,resistant,katG,AGA,0.17
ERR4810944,resistant,katG,GCA,0.36
ERR4810944,resistant,katG,CTA,0.1
ERR4810944,resistant,katG,ATA,0.12
ERR4810944,resistant,katG,TTA,0.1
ERR4810944,resistant,katG,AGG,0.17
ERR4810944,resistant,gyrA,ATG,1.0
ERR4810944,resistant,gyrA,ACA,0.26
ERR4810944,resistant,gyrA,GAC,1.68
ERR4810944,resistant,gyrA,ACG,0.77
ERR4810944,resistant,gyrA,TTG,0.91
ERR4810944,resistant,gyrA,CCG,2.34
ERR4810944,resistant,gyrA,CCT,0.28
ERR4810944,resistant,gyrA,TCG,2.31
ERR4810944,resistant,gyrA,CTC,0.53
ERR4810944,resistant,gyrA,CGG,1.95
ERR4810944,resistant,gyrA,ATC,2.56
ERR4810944,resistant,gyrA,GAA,0.65
ERR4810944,resistant,gyrA,GTT,0.7
ERR4810944,resistant,gyrA,CAG,1.88
ERR4810944,resistant,gyrA,GAG,1.35
ERR4810944,resistant,gyrA,CGC,2.92
ERR4810944,resistant,gyrA,AGC,1.38
ERR4810944,resistant,gyrA,TAC,1.28
ERR4810944,resistant,gyrA,TAT,0.72
ERR4810944,resistant,gyrA,GCG,1.45
ERR4810944,resistant,gyrA,GTG,1.74
ERR4810944,resistant,gyrA,GTC,1.45
ERR4810944,resistant,gyrA,GGC,2.26
ERR4810944,resistant,gyrA,CTG,4.18
ERR4810944,resistant,gyrA,GGG,0.64
ERR4810944,resistant,gyrA,AAG,1.28
ERR4810944,resistant,gyrA,CCC,0.97
ERR4810944,resistant,gyrA,CAT,0.14
ERR4810944,resistant,gyrA,GCA,0.43
ERR4810944,resistant,gyrA,TTC,1.88
ERR4810944,resistant,gyrA,GAT,0.32
ERR4810944,resistant,gyrA,TCC,1.69
ERR4810944,resistant,gyrA,CAC,1.86
ERR4810944,resistant,gyrA,GCC,2.07
ERR4810944,resistant,gyrA,ACC,2.55
ERR4810944,resistant,gyrA,AAC,1.38
ERR4810944,resistant,gyrA,TGG,1.0
ERR4810944,resistant,gyrA,CCA,0.41
ERR4810944,resistant,gyrA,AAT,0.62
ERR4810944,resistant,gyrA,AGG,0.38
ERR4810944,resistant,gyrA,CAA,0.12
ERR4810944,resistant,gyrA,CTA,0.15
ERR4810944,resistant,gyrA,TCA,0.31
ERR4810944,resistant,gyrA,CGT,0.53
ERR4810944,resistant,gyrA,AAA,0.72
ERR4810944,resistant,gyrA,GGA,0.52
ERR4810944,resistant,gyrA,GCT,0.05
ERR4810944,resistant,gyrA,ACT,0.43
ERR4810944,resistant,gyrA,ATT,0.44
ERR4810944,resistant,gyrA,CGA,0.23
ERR4810944,resistant,gyrA,GTA,0.12
ERR4810944,resistant,gyrA,GGT,0.58
ERR4810944,resistant,gyrA,TCT,0.15
ERR4810944,resistant,gyrA,TTA,0.15
ERR4810944,resistant,gyrA,CTT,0.08
ERR4810944,resistant,gyrA,TTT,0.12
ERR4810944,resistant,gyrA,TGC,1.0
ERR4810944,resistant,gyrA,TGT,1.0
ERR4810944,resistant,gyrA,AGT,0.15
ERR4810945,resistant,rpoB,TTG,0.8
ERR4810945,resistant,rpoB,GCA,0.24
ERR4810945,resistant,rpoB,GAT,0.22
ERR4810945,resistant,rpoB,TCC,1.54
ERR4810945,resistant,rpoB,CGC,3.18
ERR4810945,resistant,rpoB,CAG,1.76
ERR4810945,resistant,rpoB,AGC,1.03
ERR4810945,resistant,rpoB,AAA,0.24
ERR4810945,resistant,rpoB,ACA,0.13
ERR4810945,resistant,rpoB,GCC,2.22
ERR4810945,resistant,rpoB,GCT,0.24
ERR4810945,resistant,rpoB,AGT,0.6
ERR4810945,resistant,rpoB,CCT,0.18
ERR4810945,resistant,rpoB,CCG,2.65
ERR4810945,resistant,rpoB,CAA,0.24
ERR4810945,resistant,rpoB,TCG,2.4
ERR4810945,resistant,rpoB,AAT,0.15
ERR4810945,resistant,rpoB,AAC,1.85
ERR4810945,resistant,rpoB,GTA,0.04
ERR4810945,resistant,rpoB,CCC,0.92
ERR4810945,resistant,rpoB,GGA,0.12
ERR4810945,resistant,rpoB,GCG,1.3
ERR4810945,resistant,rpoB,CCA,0.25
ERR4810945,resistant,rpoB,CGG,1.66
ERR4810945,resistant,rpoB,GTC,1.69
ERR4810945,resistant,rpoB,TTC,1.82
ERR4810945,resistant,rpoB,AAG,1.76
ERR4810945,resistant,rpoB,CTG,4.14
ERR4810945,resistant,rpoB,GAA,0.37
ERR4810945,resistant,rpoB,CTT,0.25
ERR4810945,resistant,rpoB,GAG,1.63
ERR4810945,resistant,rpoB,GTT,0.25
ERR4810945,resistant,rpoB,CTC,0.74
ERR4810945,resistant,rpoB,GAC,1.78
ERR4810945,resistant,rpoB,ACC,2.6
ERR4810945,resistant,rpoB,TGG,1.0
ERR4810945,resistant,rpoB,ATC,2.63
ERR4810945,resistant,rpoB,GGT,1.08
ERR4810945,resistant,rpoB,GTG,2.02
ERR4810945,resistant,rpoB,GGC,2.08
ERR4810945,resistant,rpoB,TAC,1.75
ERR4810945,resistant,rpoB,TCT,0.26
ERR4810945,resistant,rpoB,GGG,0.71
ERR4810945,resistant,rpoB,ATG,1.0
ERR4810945,resistant,rpoB,CGT,0.8
ERR4810945,resistant,rpoB,TGC,1.56
ERR4810945,resistant,rpoB,ACG,1.02
ERR4810945,resistant,rpoB,ATT,0.37
ERR4810945,resistant,rpoB,CAC,1.82
ERR4810945,resistant,rpoB,TTT,0.18
ERR4810945,resistant,rpoB,CGA,0.29
ERR4810945,resistant,rpoB,TCA,0.17
ERR4810945,resistant,rpoB,TAT,0.25
ERR4810945,resistant,rpoB,CAT,0.18
ERR4810945,resistant,rpoB,ACT,0.25
ERR4810945,resistant,rpoB,TGT,0.44
ERR4810945,resistant,rpoB,AGG,0.07
ERR4810945,resistant,rpoB,CTA,0.06
ERR4810945,resistant,katG,GTG,1.46
ERR4810945,resistant,katG,CCC,1.44
ERR4810945,resistant,katG,GAG,1.45
ERR4810945,resistant,katG,CAA,0.48
ERR4810945,resistant,katG,CAC,1.67
ERR4810945,resistant,katG,CCA,0.32
ERR4810945,resistant,katG,ATT,0.6
ERR4810945,resistant,katG,ACA,0.19
ERR4810945,resistant,katG,GAA,0.55
ERR4810945,resistant,katG,ACC,2.38
ERR4810945,resistant,katG,GGA,0.25
ERR4810945,resistant,katG,GCC,1.77
ERR4810945,resistant,katG,GCT,0.47
ERR4810945,resistant,katG,AGC,2.0
ERR4810945,resistant,katG,AAC,1.93
ERR4810945,resistant,katG,GGC,2.38
ERR4810945,resistant,katG,TGT,1.33
ERR4810945,resistant,katG,GTC,2.0
ERR4810945,resistant,katG,GGT,0.71
ERR4810945,resistant,katG,CAT,0.33
ERR4810945,resistant,katG,ATG,1.0
ERR4810945,resistant,katG,AAA,0.23
ERR4810945,resistant,katG,TAC,1.52
ERR4810945,resistant,katG,CAG,1.52
ERR4810945,resistant,katG,GAC,1.52
ERR4810945,resistant,katG,TGG,1.0
ERR4810945,resistant,katG,CGG,1.83
ERR4810945,resistant,katG,CTC,1.33
ERR4810945,resistant,katG,AAT,0.07
ERR4810945,resistant,katG,CTG,3.43
ERR4810945,resistant,katG,AAG,1.77
ERR4810945,resistant,katG,GTA,0.23
ERR4810945,resistant,katG,CCG,2.0
ERR4810945,resistant,katG,GCG,1.4
ERR4810945,resistant,katG,TTC,1.77
ERR4810945,resistant,katG,TAT,0.48
ERR4810945,resistant,katG,ATC,2.28
ERR4810945,resistant,katG,GTT,0.31
ERR4810945,resistant,katG,ACG,1.14
ERR4810945,resistant,katG,TCG,1.83
ERR4810945,resistant,katG,GGG,0.66
ERR4810945,resistant,katG,TTT,0.23
ERR4810945,resistant,katG,CGC,2.83
ERR4810945,resistant,katG,CTT,0.48
ERR4810945,resistant,katG,TTG,0.57
ERR4810945,resistant,katG,TCA,0.67
ERR4810945,resistant,katG,TGC,0.67
ERR4810945,resistant,katG,GAT,0.48
ERR4810945,resistant,katG,CGT,0.5
ERR4810945,resistant,katG,ACT,0.29
ERR4810945,resistant,katG,AGT,0.5
ERR4810945,resistant,katG,CCT,0.24
ERR4810945,resistant,katG,TCC,1.0
ERR4810945,resistant,katG,CGA,0.5
ERR4810945,resistant,katG,AGA,0.17
ERR4810945,resistant,katG,GCA,0.36
ERR4810945,resistant,katG,CTA,0.1
ERR4810945,resistant,katG,ATA,0.12
ERR4810945,resistant,katG,TTA,0.1
ERR4810945,resistant,katG,AGG,0.17
ERR4810945,resistant,gyrA,ATG,1.0
ERR4810945,resistant,gyrA,ACA,0.26
ERR4810945,resistant,gyrA,GAC,1.68
ERR4810945,resistant,gyrA,ACG,0.77
ERR4810945,resistant,gyrA,TTG,0.91
ERR4810945,resistant,gyrA,CCG,2.34
ERR4810945,resistant,gyrA,CCT,0.28
ERR4810945,resistant,gyrA,TCG,2.31
ERR4810945,resistant,gyrA,CTC,0.53
ERR4810945,resistant,gyrA,CGG,1.95
ERR4810945,resistant,gyrA,ATC,2.56
ERR4810945,resistant,gyrA,GAA,0.65
ERR4810945,resistant,gyrA,GTT,0.7
ERR4810945,resistant,gyrA,CAG,1.88
ERR4810945,resistant,gyrA,GAG,1.35
ERR4810945,resistant,gyrA,CGC,2.92
ERR4810945,resistant,gyrA,AGC,1.38
ERR4810945,resistant,gyrA,TAC,1.28
ERR4810945,resistant,gyrA,TAT,0.72
ERR4810945,resistant,gyrA,GCG,1.45
ERR4810945,resistant,gyrA,GTG,1.74
ERR4810945,resistant,gyrA,GTC,1.45
ERR4810945,resistant,gyrA,GGC,2.26
ERR4810945,resistant,gyrA,CTG,4.18
ERR4810945,resistant,gyrA,GGG,0.64
ERR4810945,resistant,gyrA,AAG,1.28
ERR4810945,resistant,gyrA,CCC,0.97
ERR4810945,resistant,gyrA,CAT,0.14
ERR4810945,resistant,gyrA,GCA,0.43
ERR4810945,resistant,gyrA,TTC,1.88
ERR4810945,resistant,gyrA,GAT,0.32
ERR4810945,resistant,gyrA,TCC,1.69
ERR4810945,resistant,gyrA,CAC,1.86
ERR4810945,resistant,gyrA,GCC,2.07
ERR4810945,resistant,gyrA,ACC,2.55
ERR4810945,resistant,gyrA,AAC,1.38
ERR4810945,resistant,gyrA,TGG,1.0
ERR4810945,resistant,gyrA,CCA,0.41
ERR4810945,resistant,gyrA,AAT,0.62
ERR4810945,resistant,gyrA,AGG,0.38
ERR4810945,resistant,gyrA,CAA,0.12
ERR4810945,resistant,gyrA,CTA,0.15
ERR4810945,resistant,gyrA,TCA,0.31
ERR4810945,resistant,gyrA,CGT,0.53
ERR4810945,resistant,gyrA,AAA,0.72
ERR4810945,resistant,gyrA,GGA,0.52
ERR4810945,resistant,gyrA,GCT,0.05
ERR4810945,resistant,gyrA,ACT,0.43
ERR4810945,resistant,gyrA,ATT,0.44
ERR4810945,resistant,gyrA,CGA,0.23
ERR4810945,resistant,gyrA,GTA,0.12
ERR4810945,resistant,gyrA,GGT,0.58
ERR4810945,resistant,gyrA,TCT,0.15
ERR4810945,resistant,gyrA,TTA,0.15
ERR4810945,resistant,gyrA,CTT,0.08
ERR4810945,resistant,gyrA,TTT,0.12
ERR4810945,resistant,gyrA,TGC,1.0
ERR4810945,resistant,gyrA,TGT,1.0
ERR4810945,resistant,gyrA,AGT,0.15
ERR4810946,resistant,rpoB,TTG,0.86
ERR4810946,resistant,rpoB,GCA,0.24
ERR4810946,resistant,rpoB,GAT,0.21
ERR4810946,resistant,rpoB,TCC,1.54
ERR4810946,resistant,rpoB,CGC,3.18
ERR4810946,resistant,rpoB,CAG,1.76
ERR4810946,resistant,rpoB,AGC,1.03
ERR4810946,resistant,rpoB,AAA,0.24
ERR4810946,resistant,rpoB,ACA,0.13
ERR4810946,resistant,rpoB,GCC,2.22
ERR4810946,resistant,rpoB,GCT,0.24
ERR4810946,resistant,rpoB,AGT,0.6
ERR4810946,resistant,rpoB,CCT,0.18
ERR4810946,resistant,rpoB,CCG,2.65
ERR4810946,resistant,rpoB,CAA,0.24
ERR4810946,resistant,rpoB,TCG,2.4
ERR4810946,resistant,rpoB,AAT,0.15
ERR4810946,resistant,rpoB,AAC,1.85
ERR4810946,resistant,rpoB,GTA,0.04
ERR4810946,resistant,rpoB,CCC,0.92
ERR4810946,resistant,rpoB,GGA,0.12
ERR4810946,resistant,rpoB,GCG,1.3
ERR4810946,resistant,rpoB,CCA,0.25
ERR4810946,resistant,rpoB,CGG,1.66
ERR4810946,resistant,rpoB,GTC,1.69
ERR4810946,resistant,rpoB,TTC,1.82
ERR4810946,resistant,rpoB,AAG,1.76
ERR4810946,resistant,rpoB,CTG,4.1
ERR4810946,resistant,rpoB,GAA,0.37
ERR4810946,resistant,rpoB,CTT,0.24
ERR4810946,resistant,rpoB,GAG,1.63
ERR4810946,resistant,rpoB,GTT,0.25
ERR4810946,resistant,rpoB,CTC,0.73
ERR4810946,resistant,rpoB,GAC,1.79
ERR4810946,resistant,rpoB,ACC,2.6
ERR4810946,resistant,rpoB,TGG,1.0
ERR4810946,resistant,rpoB,ATC,2.63
ERR4810946,resistant,rpoB,GGT,1.08
ERR4810946,resistant,rpoB,GTG,2.02
ERR4810946,resistant,rpoB,GGC,2.08
ERR4810946,resistant,rpoB,TAC,1.75
ERR4810946,resistant,rpoB,TCT,0.26
ERR4810946,resistant,rpoB,GGG,0.71
ERR4810946,resistant,rpoB,ATG,1.0
ERR4810946,resistant,rpoB,CGT,0.8
ERR4810946,resistant,rpoB,TGC,1.56
ERR4810946,resistant,rpoB,ACG,1.02
ERR4810946,resistant,rpoB,ATT,0.37
ERR4810946,resistant,rpoB,CAC,1.82
ERR4810946,resistant,rpoB,TTT,0.18
ERR4810946,resistant,rpoB,CGA,0.29
ERR4810946,resistant,rpoB,TCA,0.17
ERR4810946,resistant,rpoB,TAT,0.25
ERR4810946,resistant,rpoB,CAT,0.18
ERR4810946,resistant,rpoB,ACT,0.25
ERR4810946,resistant,rpoB,TGT,0.44
ERR4810946,resistant,rpoB,AGG,0.07
ERR4810946,resistant,rpoB,CTA,0.06
ERR4810946,resistant,katG,GTG,1.46
ERR4810946,resistant,katG,CCC,1.44
ERR4810946,resistant,katG,GAG,1.45
ERR4810946,resistant,katG,CAA,0.48
ERR4810946,resistant,katG,CAC,1.67
ERR4810946,resistant,katG,CCA,0.32
ERR4810946,resistant,katG,ATT,0.6
ERR4810946,resistant,katG,ACA,0.19
ERR4810946,resistant,katG,GAA,0.55
ERR4810946,resistant,katG,ACC,2.38
ERR4810946,resistant,katG,GGA,0.25
ERR4810946,resistant,katG,GCC,1.77
ERR4810946,resistant,katG,GCT,0.47
ERR4810946,resistant,katG,AGC,1.89
ERR4810946,resistant,katG,AAC,1.93
ERR4810946,resistant,katG,GGC,2.38
ERR4810946,resistant,katG,TGT,1.33
ERR4810946,resistant,katG,GTC,2.0
ERR4810946,resistant,katG,GGT,0.71
ERR4810946,resistant,katG,CAT,0.33
ERR4810946,resistant,katG,ATG,1.0
ERR4810946,resistant,katG,AAA,0.23
ERR4810946,resistant,katG,TAC,1.52
ERR4810946,resistant,katG,CAG,1.52
ERR4810946,resistant,katG,GAC,1.52
ERR4810946,resistant,katG,TGG,1.0
ERR4810946,resistant,katG,CGG,1.89
ERR4810946,resistant,katG,CTC,1.33
ERR4810946,resistant,katG,AAT,0.07
ERR4810946,resistant,katG,CTG,3.43
ERR4810946,resistant,katG,AAG,1.77
ERR4810946,resistant,katG,GTA,0.23
ERR4810946,resistant,katG,CCG,2.0
ERR4810946,resistant,katG,GCG,1.4
ERR4810946,resistant,katG,TTC,1.77
ERR4810946,resistant,katG,TAT,0.48
ERR4810946,resistant,katG,ATC,2.28
ERR4810946,resistant,katG,GTT,0.31
ERR4810946,resistant,katG,ACG,1.14
ERR4810946,resistant,katG,TCG,1.89
ERR4810946,resistant,katG,GGG,0.66
ERR4810946,resistant,katG,TTT,0.23
ERR4810946,resistant,katG,CGC,2.91
ERR4810946,resistant,katG,CTT,0.48
ERR4810946,resistant,katG,TTG,0.57
ERR4810946,resistant,katG,TCA,0.69
ERR4810946,resistant,katG,TGC,0.67
ERR4810946,resistant,katG,GAT,0.48
ERR4810946,resistant,katG,CGT,0.51
ERR4810946,resistant,katG,ACT,0.29
ERR4810946,resistant,katG,AGT,0.51
ERR4810946,resistant,katG,CCT,0.24
ERR4810946,resistant,katG,TCC,1.03
ERR4810946,resistant,katG,CGA,0.34
ERR4810946,resistant,katG,AGA,0.17
ERR4810946,resistant,katG,GCA,0.36
ERR4810946,resistant,katG,CTA,0.1
ERR4810946,resistant,katG,ATA,0.12
ERR4810946,resistant,katG,TTA,0.1
ERR4810946,resistant,katG,AGG,0.17
ERR4810946,resistant,gyrA,ATG,1.0
ERR4810946,resistant,gyrA,ACA,0.26
ERR4810946,resistant,gyrA,GAC,1.68
ERR4810946,resistant,gyrA,ACG,0.77
ERR4810946,resistant,gyrA,TTG,0.91
ERR4810946,resistant,gyrA,CCG,2.34
ERR4810946,resistant,gyrA,CCT,0.28
ERR4810946,resistant,gyrA,TCG,2.31
ERR4810946,resistant,gyrA,CTC,0.53
ERR4810946,resistant,gyrA,CGG,1.95
ERR4810946,resistant,gyrA,ATC,2.56
ERR4810946,resistant,gyrA,GAA,0.65
ERR4810946,resistant,gyrA,GTT,0.7
ERR4810946,resistant,gyrA,CAG,1.88
ERR4810946,resistant,gyrA,GAG,1.35
ERR4810946,resistant,gyrA,CGC,2.92
ERR4810946,resistant,gyrA,AGC,1.38
ERR4810946,resistant,gyrA,TAC,1.28
ERR4810946,resistant,gyrA,TAT,0.72
ERR4810946,resistant,gyrA,GCG,1.45
ERR4810946,resistant,gyrA,GTG,1.74
ERR4810946,resistant,gyrA,GTC,1.45
ERR4810946,resistant,gyrA,GGC,2.26
ERR4810946,resistant,gyrA,CTG,4.18
ERR4810946,resistant,gyrA,GGG,0.64
ERR4810946,resistant,gyrA,AAG,1.28
ERR4810946,resistant,gyrA,CCC,0.97
ERR4810946,resistant,gyrA,CAT,0.14
ERR4810946,resistant,gyrA,GCA,0.43
ERR4810946,resistant,gyrA,TTC,1.88
ERR4810946,resistant,gyrA,GAT,0.32
ERR4810946,resistant,gyrA,TCC,1.69
ERR4810946,resistant,gyrA,CAC,1.86
ERR4810946,resistant,gyrA,GCC,2.07
ERR4810946,resistant,gyrA,ACC,2.55
ERR4810946,resistant,gyrA,AAC,1.38
ERR4810946,resistant,gyrA,TGG,1.0
ERR4810946,resistant,gyrA,CCA,0.41
ERR4810946,resistant,gyrA,AAT,0.62
ERR4810946,resistant,gyrA,AGG,0.38
ERR4810946,resistant,gyrA,CAA,0.12
ERR4810946,resistant,gyrA,CTA,0.15
ERR4810946,resistant,gyrA,TCA,0.31
ERR4810946,resistant,gyrA,CGT,0.53
ERR4810946,resistant,gyrA,AAA,0.72
ERR4810946,resistant,gyrA,GGA,0.52
ERR4810946,resistant,gyrA,GCT,0.05
ERR4810946,resistant,gyrA,ACT,0.43
ERR4810946,resistant,gyrA,ATT,0.44
ERR4810946,resistant,gyrA,CGA,0.23
ERR4810946,resistant,gyrA,GTA,0.12
ERR4810946,resistant,gyrA,GGT,0.58
ERR4810946,resistant,gyrA,TCT,0.15
ERR4810946,resistant,gyrA,TTA,0.15
ERR4810946,resistant,gyrA,CTT,0.08
ERR4810946,resistant,gyrA,TTT,0.12
ERR4810946,resistant,gyrA,TGC,1.0
ERR4810946,resistant,gyrA,TGT,1.0
ERR4810946,resistant,gyrA,AGT,0.15
ERR4810947,resistant,rpoB,TTG,0.86
ERR4810947,resistant,rpoB,GCA,0.24
ERR4810947,resistant,rpoB,GAT,0.21
ERR4810947,resistant,rpoB,TCC,1.54
ERR4810947,resistant,rpoB,CGC,3.18
ERR4810947,resistant,rpoB,CAG,1.76
ERR4810947,resistant,rpoB,AGC,1.03
ERR4810947,resistant,rpoB,AAA,0.24
ERR4810947,resistant,rpoB,ACA,0.13
ERR4810947,resistant,rpoB,GCC,2.22
ERR4810947,resistant,rpoB,GCT,0.24
ERR4810947,resistant,rpoB,AGT,0.6
ERR4810947,resistant,rpoB,CCT,0.18
ERR4810947,resistant,rpoB,CCG,2.65
ERR4810947,resistant,rpoB,CAA,0.24
ERR4810947,resistant,rpoB,TCG,2.4
ERR4810947,resistant,rpoB,AAT,0.15
ERR4810947,resistant,rpoB,AAC,1.85
ERR4810947,resistant,rpoB,GTA,0.04
ERR4810947,resistant,rpoB,CCC,0.92
ERR4810947,resistant,rpoB,GGA,0.12
ERR4810947,resistant,rpoB,GCG,1.3
ERR4810947,resistant,rpoB,CCA,0.25
ERR4810947,resistant,rpoB,CGG,1.66
ERR4810947,resistant,rpoB,GTC,1.69
ERR4810947,resistant,rpoB,TTC,1.82
ERR4810947,resistant,rpoB,AAG,1.76
ERR4810947,resistant,rpoB,CTG,4.1
ERR4810947,resistant,rpoB,GAA,0.37
ERR4810947,resistant,rpoB,CTT,0.24
ERR4810947,resistant,rpoB,GAG,1.63
ERR4810947,resistant,rpoB,GTT,0.25
ERR4810947,resistant,rpoB,CTC,0.73
ERR4810947,resistant,rpoB,GAC,1.79
ERR4810947,resistant,rpoB,ACC,2.6
ERR4810947,resistant,rpoB,TGG,1.0
ERR4810947,resistant,rpoB,ATC,2.63
ERR4810947,resistant,rpoB,GGT,1.08
ERR4810947,resistant,rpoB,GTG,2.02
ERR4810947,resistant,rpoB,GGC,2.08
ERR4810947,resistant,rpoB,TAC,1.75
ERR4810947,resistant,rpoB,TCT,0.26
ERR4810947,resistant,rpoB,GGG,0.71
ERR4810947,resistant,rpoB,ATG,1.0
ERR4810947,resistant,rpoB,CGT,0.8
ERR4810947,resistant,rpoB,TGC,1.56
ERR4810947,resistant,rpoB,ACG,1.02
ERR4810947,resistant,rpoB,ATT,0.37
ERR4810947,resistant,rpoB,CAC,1.82
ERR4810947,resistant,rpoB,TTT,0.18
ERR4810947,resistant,rpoB,CGA,0.29
ERR4810947,resistant,rpoB,TCA,0.17
ERR4810947,resistant,rpoB,TAT,0.25
ERR4810947,resistant,rpoB,CAT,0.18
ERR4810947,resistant,rpoB,ACT,0.25
ERR4810947,resistant,rpoB,TGT,0.44
ERR4810947,resistant,rpoB,AGG,0.07
ERR4810947,resistant,rpoB,CTA,0.06
ERR4810947,resistant,gyrA,ATG,1.0
ERR4810947,resistant,gyrA,ACA,0.26
ERR4810947,resistant,gyrA,GAC,1.68
ERR4810947,resistant,gyrA,ACG,0.77
ERR4810947,resistant,gyrA,TTG,0.91
ERR4810947,resistant,gyrA,CCG,2.34
ERR4810947,resistant,gyrA,CCT,0.28
ERR4810947,resistant,gyrA,TCG,2.31
ERR4810947,resistant,gyrA,CTC,0.53
ERR4810947,resistant,gyrA,CGG,1.95
ERR4810947,resistant,gyrA,ATC,2.56
ERR4810947,resistant,gyrA,GAA,0.65
ERR4810947,resistant,gyrA,GTT,0.7
ERR4810947,resistant,gyrA,CAG,1.88
ERR4810947,resistant,gyrA,GAG,1.35
ERR4810947,resistant,gyrA,CGC,2.92
ERR4810947,resistant,gyrA,AGC,1.38
ERR4810947,resistant,gyrA,TAC,1.28
ERR4810947,resistant,gyrA,TAT,0.72
ERR4810947,resistant,gyrA,GCG,1.41
ERR4810947,resistant,gyrA,GTG,1.74
ERR4810947,resistant,gyrA,GTC,1.45
ERR4810947,resistant,gyrA,GGC,2.29
ERR4810947,resistant,gyrA,CTG,4.18
ERR4810947,resistant,gyrA,GGG,0.63
ERR4810947,resistant,gyrA,AAG,1.28
ERR4810947,resistant,gyrA,CCC,0.97
ERR4810947,resistant,gyrA,CAT,0.14
ERR4810947,resistant,gyrA,GCA,0.44
ERR4810947,resistant,gyrA,TTC,1.88
ERR4810947,resistant,gyrA,GAT,0.32
ERR4810947,resistant,gyrA,TCC,1.69
ERR4810947,resistant,gyrA,CAC,1.86
ERR4810947,resistant,gyrA,GCC,2.1
ERR4810947,resistant,gyrA,ACC,2.55
ERR4810947,resistant,gyrA,AAC,1.38
ERR4810947,resistant,gyrA,TGG,1.0
ERR4810947,resistant,gyrA,CCA,0.41
ERR4810947,resistant,gyrA,AAT,0.62
ERR4810947,resistant,gyrA,AGG,0.38
ERR4810947,resistant,gyrA,CAA,0.12
ERR4810947,resistant,gyrA,CTA,0.15
ERR4810947,resistant,gyrA,TCA,0.31
ERR4810947,resistant,gyrA,CGT,0.53
ERR4810947,resistant,gyrA,AAA,0.72
ERR4810947,resistant,gyrA,GGA,0.51
ERR4810947,resistant,gyrA,GCT,0.05
ERR4810947,resistant,gyrA,ACT,0.43
ERR4810947,resistant,gyrA,ATT,0.44
ERR4810947,resistant,gyrA,CGA,0.23
ERR4810947,resistant,gyrA,GTA,0.12
ERR4810947,resistant,gyrA,GGT,0.57
ERR4810947,resistant,gyrA,TCT,0.15
ERR4810947,resistant,gyrA,TTA,0.15
ERR4810947,resistant,gyrA,CTT,0.08
ERR4810947,resistant,gyrA,TTT,0.12
ERR4810947,resistant,gyrA,TGC,1.0
ERR4810947,resistant,gyrA,TGT,1.0
ERR4810947,resistant,gyrA,AGT,0.15
ERR4810948,resistant,rpoB,TTG,0.8
ERR4810948,resistant,rpoB,GCA,0.24
ERR4810948,resistant,rpoB,GAT,0.22
ERR4810948,resistant,rpoB,TCC,1.52
ERR4810948,resistant,rpoB,CGC,3.18
ERR4810948,resistant,rpoB,CAG,1.76
ERR4810948,resistant,rpoB,AGC,1.01
ERR4810948,resistant,rpoB,AAA,0.24
ERR4810948,resistant,rpoB,ACA,0.13
ERR4810948,resistant,rpoB,GCC,2.22
ERR4810948,resistant,rpoB,GCT,0.24
ERR4810948,resistant,rpoB,AGT,0.59
ERR4810948,resistant,rpoB,CCT,0.18
ERR4810948,resistant,rpoB,CCG,2.65
ERR4810948,resistant,rpoB,CAA,0.24
ERR4810948,resistant,rpoB,TCG,2.45
ERR4810948,resistant,rpoB,AAT,0.15
ERR4810948,resistant,rpoB,AAC,1.85
ERR4810948,resistant,rpoB,GTA,0.04
ERR4810948,resistant,rpoB,CCC,0.92
ERR4810948,resistant,rpoB,GGA,0.12
ERR4810948,resistant,rpoB,GCG,1.3
ERR4810948,resistant,rpoB,CCA,0.25
ERR4810948,resistant,rpoB,CGG,1.66
ERR4810948,resistant,rpoB,GTC,1.69
ERR4810948,resistant,rpoB,TTC,1.82
ERR4810948,resistant,rpoB,AAG,1.76
ERR4810948,resistant,rpoB,CTG,4.1
ERR4810948,resistant,rpoB,GAA,0.37
ERR4810948,resistant,rpoB,CTT,0.24
ERR4810948,resistant,rpoB,GAG,1.63
ERR4810948,resistant,rpoB,GTT,0.25
ERR4810948,resistant,rpoB,CTC,0.8
ERR4810948,resistant,rpoB,GAC,1.78
ERR4810948,resistant,rpoB,ACC,2.6
ERR4810948,resistant,rpoB,TGG,1.0
ERR4810948,resistant,rpoB,ATC,2.62
ERR4810948,resistant,rpoB,GGT,1.07
ERR4810948,resistant,rpoB,GTG,2.02
ERR4810948,resistant,rpoB,GGC,2.1
ERR4810948,resistant,rpoB,TAC,1.75
ERR4810948,resistant,rpoB,TCT,0.25
ERR4810948,resistant,rpoB,GGG,0.7
ERR4810948,resistant,rpoB,ATG,1.0
ERR4810948,resistant,rpoB,CGT,0.8
ERR4810948,resistant,rpoB,TGC,1.56
ERR4810948,resistant,rpoB,ACG,1.02
ERR4810948,resistant,rpoB,ATT,0.38
ERR4810948,resistant,rpoB,CAC,1.82
ERR4810948,resistant,rpoB,TTT,0.18
ERR4810948,resistant,rpoB,CGA,0.29
ERR4810948,resistant,rpoB,TCA,0.17
ERR4810948,resistant,rpoB,TAT,0.25
ERR4810948,resistant,rpoB,CAT,0.18
ERR4810948,resistant,rpoB,ACT,0.25
ERR4810948,resistant,rpoB,TGT,0.44
ERR4810948,resistant,rpoB,AGG,0.07
ERR4810948,resistant,rpoB,CTA,0.06
ERR4810948,resistant,katG,GTG,1.46
ERR4810948,resistant,katG,CCC,1.44
ERR4810948,resistant,katG,GAG,1.45
ERR4810948,resistant,katG,CAA,0.48
ERR4810948,resistant,katG,CAC,1.67
ERR4810948,resistant,katG,CCA,0.32
ERR4810948,resistant,katG,ATT,0.6
ERR4810948,resistant,katG,ACA,0.19
ERR4810948,resistant,katG,GAA,0.55
ERR4810948,resistant,katG,ACC,2.42
ERR4810948,resistant,katG,GGA,0.25
ERR4810948,resistant,katG,GCC,1.77
ERR4810948,resistant,katG,GCT,0.47
ERR4810948,resistant,katG,AGC,1.89
ERR4810948,resistant,katG,AAC,1.93
ERR4810948,resistant,katG,GGC,2.38
ERR4810948,resistant,katG,TGT,1.33
ERR4810948,resistant,katG,GTC,2.0
ERR4810948,resistant,katG,GGT,0.71
ERR4810948,resistant,katG,CAT,0.33
ERR4810948,resistant,katG,ATG,1.0
ERR4810948,resistant,katG,AAA,0.23
ERR4810948,resistant,katG,TAC,1.52
ERR4810948,resistant,katG,CAG,1.52
ERR4810948,resistant,katG,GAC,1.52
ERR4810948,resistant,katG,TGG,1.0
ERR4810948,resistant,katG,CGG,1.89
ERR4810948,resistant,katG,CTC,1.33
ERR4810948,resistant,katG,AAT,0.07
ERR4810948,resistant,katG,CTG,3.43
ERR4810948,resistant,katG,AAG,1.77
ERR4810948,resistant,katG,GTA,0.23
ERR4810948,resistant,katG,CCG,2.0
ERR4810948,resistant,katG,GCG,1.4
ERR4810948,resistant,katG,TTC,1.77
ERR4810948,resistant,katG,TAT,0.48
ERR4810948,resistant,katG,ATC,2.28
ERR4810948,resistant,katG,GTT,0.31
ERR4810948,resistant,katG,ACG,1.12
ERR4810948,resistant,katG,TCG,1.89
ERR4810948,resistant,katG,GGG,0.66
ERR4810948,resistant,katG,TTT,0.23
ERR4810948,resistant,katG,CGC,2.91
ERR4810948,resistant,katG,CTT,0.48
ERR4810948,resistant,katG,TTG,0.57
ERR4810948,resistant,katG,TCA,0.69
ERR4810948,resistant,katG,TGC,0.67
ERR4810948,resistant,katG,GAT,0.48
ERR4810948,resistant,katG,CGT,0.51
ERR4810948,resistant,katG,ACT,0.28
ERR4810948,resistant,katG,AGT,0.51
ERR4810948,resistant,katG,CCT,0.24
ERR4810948,resistant,katG,TCC,1.03
ERR4810948,resistant,katG,CGA,0.34
ERR4810948,resistant,katG,AGA,0.17
ERR4810948,resistant,katG,GCA,0.36
ERR4810948,resistant,katG,CTA,0.1
ERR4810948,resistant,katG,ATA,0.12
ERR4810948,resistant,katG,TTA,0.1
ERR4810948,resistant,katG,AGG,0.17
ERR4810948,resistant,gyrA,ATG,1.0
ERR4810948,resistant,gyrA,ACA,0.26
ERR4810948,resistant,gyrA,GAC,1.68
ERR4810948,resistant,gyrA,ACG,0.77
ERR4810948,resistant,gyrA,TTG,0.91
ERR4810948,resistant,gyrA,CCG,2.34
ERR4810948,resistant,gyrA,CCT,0.28
ERR4810948,resistant,gyrA,TCG,2.31
ERR4810948,resistant,gyrA,CTC,0.53
ERR4810948,resistant,gyrA,CGG,1.95
ERR4810948,resistant,gyrA,ATC,2.56
ERR4810948,resistant,gyrA,GAA,0.65
ERR4810948,resistant,gyrA,GTT,0.7
ERR4810948,resistant,gyrA,CAG,1.88
ERR4810948,resistant,gyrA,GAG,1.35
ERR4810948,resistant,gyrA,CGC,2.92
ERR4810948,resistant,gyrA,AGC,1.38
ERR4810948,resistant,gyrA,TAC,1.28
ERR4810948,resistant,gyrA,TAT,0.72
ERR4810948,resistant,gyrA,GCG,1.45
ERR4810948,resistant,gyrA,GTG,1.74
ERR4810948,resistant,gyrA,GTC,1.45
ERR4810948,resistant,gyrA,GGC,2.26
ERR4810948,resistant,gyrA,CTG,4.18
ERR4810948,resistant,gyrA,GGG,0.64
ERR4810948,resistant,gyrA,AAG,1.28
ERR4810948,resistant,gyrA,CCC,0.97
ERR4810948,resistant,gyrA,CAT,0.14
ERR4810948,resistant,gyrA,GCA,0.43
ERR4810948,resistant,gyrA,TTC,1.88
ERR4810948,resistant,gyrA,GAT,0.32
ERR4810948,resistant,gyrA,TCC,1.69
ERR4810948,resistant,gyrA,CAC,1.86
ERR4810948,resistant,gyrA,GCC,2.07
ERR4810948,resistant,gyrA,ACC,2.55
ERR4810948,resistant,gyrA,AAC,1.38
ERR4810948,resistant,gyrA,TGG,1.0
ERR4810948,resistant,gyrA,CCA,0.41
ERR4810948,resistant,gyrA,AAT,0.62
ERR4810948,resistant,gyrA,AGG,0.38
ERR4810948,resistant,gyrA,CAA,0.12
ERR4810948,resistant,gyrA,CTA,0.15
ERR4810948,resistant,gyrA,TCA,0.31
ERR4810948,resistant,gyrA,CGT,0.53
ERR4810948,resistant,gyrA,AAA,0.72
ERR4810948,resistant,gyrA,GGA,0.52
ERR4810948,resistant,gyrA,GCT,0.05
ERR4810948,resistant,gyrA,ACT,0.43
ERR4810948,resistant,gyrA,ATT,0.44
ERR4810948,resistant,gyrA,CGA,0.23
ERR4810948,resistant,gyrA,GTA,0.12
ERR4810948,resistant,gyrA,GGT,0.58
ERR4810948,resistant,gyrA,TCT,0.15
ERR4810948,resistant,gyrA,TTA,0.15
ERR4810948,resistant,gyrA,CTT,0.08
ERR4810948,resistant,gyrA,TTT,0.12
ERR4810948,resistant,gyrA,TGC,1.0
ERR4810948,resistant,gyrA,TGT,1.0
ERR4810948,resistant,gyrA,AGT,0.15
ERR4810949,resistant,rpoB,TTG,0.86
ERR4810949,resistant,rpoB,GCA,0.24
ERR4810949,resistant,rpoB,GAT,0.21
ERR4810949,resistant,rpoB,TCC,1.54
ERR4810949,resistant,rpoB,CGC,3.18
ERR4810949,resistant,rpoB,CAG,1.76
ERR4810949,resistant,rpoB,AGC,1.03
ERR4810949,resistant,rpoB,AAA,0.24
ERR4810949,resistant,rpoB,ACA,0.13
ERR4810949,resistant,rpoB,GCC,2.24
ERR4810949,resistant,rpoB,GCT,0.24
ERR4810949,resistant,rpoB,AGT,0.6
ERR4810949,resistant,rpoB,CCT,0.18
ERR4810949,resistant,rpoB,CCG,2.65
ERR4810949,resistant,rpoB,CAA,0.24
ERR4810949,resistant,rpoB,TCG,2.4
ERR4810949,resistant,rpoB,AAT,0.15
ERR4810949,resistant,rpoB,AAC,1.85
ERR4810949,resistant,rpoB,GTA,0.04
ERR4810949,resistant,rpoB,CCC,0.92
ERR4810949,resistant,rpoB,GGA,0.12
ERR4810949,resistant,rpoB,GCG,1.27
ERR4810949,resistant,rpoB,CCA,0.25
ERR4810949,resistant,rpoB,CGG,1.66
ERR4810949,resistant,rpoB,GTC,1.68
ERR4810949,resistant,rpoB,TTC,1.82
ERR4810949,resistant,rpoB,AAG,1.76
ERR4810949,resistant,rpoB,CTG,4.1
ERR4810949,resistant,rpoB,GAA,0.37
ERR4810949,resistant,rpoB,CTT,0.24
ERR4810949,resistant,rpoB,GAG,1.63
ERR4810949,resistant,rpoB,GTT,0.25
ERR4810949,resistant,rpoB,CTC,0.73
ERR4810949,resistant,rpoB,GAC,1.79
ERR4810949,resistant,rpoB,ACC,2.6
ERR4810949,resistant,rpoB,TGG,1.0
ERR4810949,resistant,rpoB,ATC,2.63
ERR4810949,resistant,rpoB,GGT,1.08
ERR4810949,resistant,rpoB,GTG,2.04
ERR4810949,resistant,rpoB,GGC,2.08
ERR4810949,resistant,rpoB,TAC,1.75
ERR4810949,resistant,rpoB,TCT,0.26
ERR4810949,resistant,rpoB,GGG,0.71
ERR4810949,resistant,rpoB,ATG,1.0
ERR4810949,resistant,rpoB,CGT,0.8
ERR4810949,resistant,rpoB,TGC,1.56
ERR4810949,resistant,rpoB,ACG,1.02
ERR4810949,resistant,rpoB,ATT,0.37
ERR4810949,resistant,rpoB,CAC,1.82
ERR4810949,resistant,rpoB,TTT,0.18
ERR4810949,resistant,rpoB,CGA,0.29
ERR4810949,resistant,rpoB,TCA,0.17
ERR4810949,resistant,rpoB,TAT,0.25
ERR4810949,resistant,rpoB,CAT,0.18
ERR4810949,resistant,rpoB,ACT,0.25
ERR4810949,resistant,rpoB,TGT,0.44
ERR4810949,resistant,rpoB,AGG,0.07
ERR4810949,resistant,rpoB,CTA,0.06
ERR4810949,resistant,katG,GTG,1.46
ERR4810949,resistant,katG,CCC,1.44
ERR4810949,resistant,katG,GAG,1.45
ERR4810949,resistant,katG,CAA,0.48
ERR4810949,resistant,katG,CAC,1.67
ERR4810949,resistant,katG,CCA,0.32
ERR4810949,resistant,katG,ATT,0.6
ERR4810949,resistant,katG,ACA,0.19
ERR4810949,resistant,katG,GAA,0.55
ERR4810949,resistant,katG,ACC,2.42
ERR4810949,resistant,katG,GGA,0.25
ERR4810949,resistant,katG,GCC,1.77
ERR4810949,resistant,katG,GCT,0.47
ERR4810949,resistant,katG,AGC,1.89
ERR4810949,resistant,katG,AAC,1.93
ERR4810949,resistant,katG,GGC,2.38
ERR4810949,resistant,katG,TGT,1.33
ERR4810949,resistant,katG,GTC,2.0
ERR4810949,resistant,katG,GGT,0.71
ERR4810949,resistant,katG,CAT,0.33
ERR4810949,resistant,katG,ATG,1.0
ERR4810949,resistant,katG,AAA,0.23
ERR4810949,resistant,katG,TAC,1.52
ERR4810949,resistant,katG,CAG,1.52
ERR4810949,resistant,katG,GAC,1.52
ERR4810949,resistant,katG,TGG,1.0
ERR4810949,resistant,katG,CGG,1.89
ERR4810949,resistant,katG,CTC,1.33
ERR4810949,resistant,katG,AAT,0.07
ERR4810949,resistant,katG,CTG,3.43
ERR4810949,resistant,katG,AAG,1.77
ERR4810949,resistant,katG,GTA,0.23
ERR4810949,resistant,katG,CCG,2.0
ERR4810949,resistant,katG,GCG,1.4
ERR4810949,resistant,katG,TTC,1.77
ERR4810949,resistant,katG,TAT,0.48
ERR4810949,resistant,katG,ATC,2.28
ERR4810949,resistant,katG,GTT,0.31
ERR4810949,resistant,katG,ACG,1.12
ERR4810949,resistant,katG,TCG,1.89
ERR4810949,resistant,katG,GGG,0.66
ERR4810949,resistant,katG,TTT,0.23
ERR4810949,resistant,katG,CGC,2.91
ERR4810949,resistant,katG,CTT,0.48
ERR4810949,resistant,katG,TTG,0.57
ERR4810949,resistant,katG,TCA,0.69
ERR4810949,resistant,katG,TGC,0.67
ERR4810949,resistant,katG,GAT,0.48
ERR4810949,resistant,katG,CGT,0.51
ERR4810949,resistant,katG,ACT,0.28
ERR4810949,resistant,katG,AGT,0.51
ERR4810949,resistant,katG,CCT,0.24
ERR4810949,resistant,katG,TCC,1.03
ERR4810949,resistant,katG,CGA,0.34
ERR4810949,resistant,katG,AGA,0.17
ERR4810949,resistant,katG,GCA,0.36
ERR4810949,resistant,katG,CTA,0.1
ERR4810949,resistant,katG,ATA,0.12
ERR4810949,resistant,katG,TTA,0.1
ERR4810949,resistant,katG,AGG,0.17
ERR4810949,resistant,gyrA,ATG,1.0
ERR4810949,resistant,gyrA,ACA,0.26
ERR4810949,resistant,gyrA,GAC,1.68
ERR4810949,resistant,gyrA,ACG,0.77
ERR4810949,resistant,gyrA,TTG,0.91
ERR4810949,resistant,gyrA,CCG,2.34
ERR4810949,resistant,gyrA,CCT,0.28
ERR4810949,resistant,gyrA,TCG,2.31
ERR4810949,resistant,gyrA,CTC,0.53
ERR4810949,resistant,gyrA,CGG,1.95
ERR4810949,resistant,gyrA,ATC,2.56
ERR4810949,resistant,gyrA,GAA,0.65
ERR4810949,resistant,gyrA,GTT,0.7
ERR4810949,resistant,gyrA,CAG,1.88
ERR4810949,resistant,gyrA,GAG,1.35
ERR4810949,resistant,gyrA,CGC,2.92
ERR4810949,resistant,gyrA,AGC,1.38
ERR4810949,resistant,gyrA,TAC,1.28
ERR4810949,resistant,gyrA,TAT,0.72
ERR4810949,resistant,gyrA,GCG,1.45
ERR4810949,resistant,gyrA,GTG,1.74
ERR4810949,resistant,gyrA,GTC,1.45
ERR4810949,resistant,gyrA,GGC,2.29
ERR4810949,resistant,gyrA,CTG,4.18
ERR4810949,resistant,gyrA,GGG,0.63
ERR4810949,resistant,gyrA,AAG,1.28
ERR4810949,resistant,gyrA,CCC,0.97
ERR4810949,resistant,gyrA,CAT,0.14
ERR4810949,resistant,gyrA,GCA,0.43
ERR4810949,resistant,gyrA,TTC,1.88
ERR4810949,resistant,gyrA,GAT,0.32
ERR4810949,resistant,gyrA,TCC,1.69
ERR4810949,resistant,gyrA,CAC,1.86
ERR4810949,resistant,gyrA,GCC,2.07
ERR4810949,resistant,gyrA,ACC,2.55
ERR4810949,resistant,gyrA,AAC,1.38
ERR4810949,resistant,gyrA,TGG,1.0
ERR4810949,resistant,gyrA,CCA,0.41
ERR4810949,resistant,gyrA,AAT,0.62
ERR4810949,resistant,gyrA,AGG,0.38
ERR4810949,resistant,gyrA,CAA,0.12
ERR4810949,resistant,gyrA,CTA,0.15
ERR4810949,resistant,gyrA,TCA,0.31
ERR4810949,resistant,gyrA,CGT,0.53
ERR4810949,resistant,gyrA,AAA,0.72
ERR4810949,resistant,gyrA,GGA,0.51
ERR4810949,resistant,gyrA,GCT,0.05
ERR4810949,resistant,gyrA,ACT,0.43
ERR4810949,resistant,gyrA,ATT,0.44
ERR4810949,resistant,gyrA,CGA,0.23
ERR4810949,resistant,gyrA,GTA,0.12
ERR4810949,resistant,gyrA,GGT,0.57
ERR4810949,resistant,gyrA,TCT,0.15
ERR4810949,resistant,gyrA,TTA,0.15
ERR4810949,resistant,gyrA,CTT,0.08
ERR4810949,resistant,gyrA,TTT,0.12
ERR4810949,resistant,gyrA,TGC,1.0
ERR4810949,resistant,gyrA,TGT,1.0
ERR4810949,resistant,gyrA,AGT,0.15
ERR4810950,resistant,rpoB,TTG,0.8
ERR4810950,resistant,rpoB,GCA,0.24
ERR4810950,resistant,rpoB,GAT,0.22
ERR4810950,resistant,rpoB,TCC,1.52
ERR4810950,resistant,rpoB,CGC,3.18
ERR4810950,resistant,rpoB,CAG,1.76
ERR4810950,resistant,rpoB,AGC,1.01
ERR4810950,resistant,rpoB,AAA,0.24
ERR4810950,resistant,rpoB,ACA,0.13
ERR4810950,resistant,rpoB,GCC,2.22
ERR4810950,resistant,rpoB,GCT,0.24
ERR4810950,resistant,rpoB,AGT,0.59
ERR4810950,resistant,rpoB,CCT,0.18
ERR4810950,resistant,rpoB,CCG,2.65
ERR4810950,resistant,rpoB,CAA,0.24
ERR4810950,resistant,rpoB,TCG,2.45
ERR4810950,resistant,rpoB,AAT,0.15
ERR4810950,resistant,rpoB,AAC,1.85
ERR4810950,resistant,rpoB,GTA,0.04
ERR4810950,resistant,rpoB,CCC,0.92
ERR4810950,resistant,rpoB,GGA,0.12
ERR4810950,resistant,rpoB,GCG,1.3
ERR4810950,resistant,rpoB,CCA,0.25
ERR4810950,resistant,rpoB,CGG,1.66
ERR4810950,resistant,rpoB,GTC,1.71
ERR4810950,resistant,rpoB,TTC,1.82
ERR4810950,resistant,rpoB,AAG,1.76
ERR4810950,resistant,rpoB,CTG,4.14
ERR4810950,resistant,rpoB,GAA,0.37
ERR4810950,resistant,rpoB,CTT,0.25
ERR4810950,resistant,rpoB,GAG,1.63
ERR4810950,resistant,rpoB,GTT,0.25
ERR4810950,resistant,rpoB,CTC,0.74
ERR4810950,resistant,rpoB,GAC,1.78
ERR4810950,resistant,rpoB,ACC,2.6
ERR4810950,resistant,rpoB,TGG,1.0
ERR4810950,resistant,rpoB,ATC,2.63
ERR4810950,resistant,rpoB,GGT,1.08
ERR4810950,resistant,rpoB,GTG,2.0
ERR4810950,resistant,rpoB,GGC,2.08
ERR4810950,resistant,rpoB,TAC,1.75
ERR4810950,resistant,rpoB,TCT,0.25
ERR4810950,resistant,rpoB,GGG,0.71
ERR4810950,resistant,rpoB,ATG,1.0
ERR4810950,resistant,rpoB,CGT,0.8
ERR4810950,resistant,rpoB,TGC,1.56
ERR4810950,resistant,rpoB,ACG,1.02
ERR4810950,resistant,rpoB,ATT,0.37
ERR4810950,resistant,rpoB,CAC,1.82
ERR4810950,resistant,rpoB,TTT,0.18
ERR4810950,resistant,rpoB,CGA,0.29
ERR4810950,resistant,rpoB,TCA,0.17
ERR4810950,resistant,rpoB,TAT,0.25
ERR4810950,resistant,rpoB,CAT,0.18
ERR4810950,resistant,rpoB,ACT,0.25
ERR4810950,resistant,rpoB,TGT,0.44
ERR4810950,resistant,rpoB,AGG,0.07
ERR4810950,resistant,rpoB,CTA,0.06
ERR4810950,resistant,katG,GTG,1.46
ERR4810950,resistant,katG,CCC,1.44
ERR4810950,resistant,katG,GAG,1.45
ERR4810950,resistant,katG,CAA,0.48
ERR4810950,resistant,katG,CAC,1.67
ERR4810950,resistant,katG,CCA,0.32
ERR4810950,resistant,katG,ATT,0.6
ERR4810950,resistant,katG,ACA,0.19
ERR4810950,resistant,katG,GAA,0.55
ERR4810950,resistant,katG,ACC,2.38
ERR4810950,resistant,katG,GGA,0.3
ERR4810950,resistant,katG,GCC,1.77
ERR4810950,resistant,katG,GCT,0.47
ERR4810950,resistant,katG,AGC,2.0
ERR4810950,resistant,katG,AAC,1.93
ERR4810950,resistant,katG,GGC,2.35
ERR4810950,resistant,katG,TGT,1.0
ERR4810950,resistant,katG,GTC,2.0
ERR4810950,resistant,katG,GGT,0.7
ERR4810950,resistant,katG,CAT,0.33
ERR4810950,resistant,katG,ATG,1.0
ERR4810950,resistant,katG,AAA,0.23
ERR4810950,resistant,katG,TAC,1.5
ERR4810950,resistant,katG,CAG,1.52
ERR4810950,resistant,katG,GAC,1.52
ERR4810950,resistant,katG,TGG,1.0
ERR4810950,resistant,katG,CGG,1.94
ERR4810950,resistant,katG,CTC,1.33
ERR4810950,resistant,katG,AAT,0.07
ERR4810950,resistant,katG,CTG,3.43
ERR4810950,resistant,katG,AAG,1.77
ERR4810950,resistant,katG,GTA,0.23
ERR4810950,resistant,katG,CCG,2.0
ERR4810950,resistant,katG,GCG,1.4
ERR4810950,resistant,katG,TTC,1.77
ERR4810950,resistant,katG,TAT,0.5
ERR4810950,resistant,katG,ATC,2.28
ERR4810950,resistant,katG,GTT,0.31
ERR4810950,resistant,katG,ACG,1.14
ERR4810950,resistant,katG,TCG,1.83
ERR4810950,resistant,katG,GGG,0.65
ERR4810950,resistant,katG,TTT,0.23
ERR4810950,resistant,katG,CGC,3.0
ERR4810950,resistant,katG,CTT,0.48
ERR4810950,resistant,katG,TTG,0.57
ERR4810950,resistant,katG,TCA,0.67
ERR4810950,resistant,katG,TGC,1.0
ERR4810950,resistant,katG,GAT,0.48
ERR4810950,resistant,katG,CGT,0.53
ERR4810950,resistant,katG,ACT,0.29
ERR4810950,resistant,katG,AGT,0.5
ERR4810950,resistant,katG,CCT,0.24
ERR4810950,resistant,katG,TCC,1.0
ERR4810950,resistant,katG,CGA,0.35
ERR4810950,resistant,katG,GCA,0.36
ERR4810950,resistant,katG,CTA,0.1
ERR4810950,resistant,katG,ATA,0.12
ERR4810950,resistant,katG,TTA,0.1
ERR4810950,resistant,katG,AGG,0.18
ERR4810950,resistant,gyrA,ATG,1.0
ERR4810950,resistant,gyrA,ACA,0.26
ERR4810950,resistant,gyrA,GAC,1.68
ERR4810950,resistant,gyrA,ACG,0.77
ERR4810950,resistant,gyrA,TTG,0.91
ERR4810950,resistant,gyrA,CCG,2.34
ERR4810950,resistant,gyrA,CCT,0.28
ERR4810950,resistant,gyrA,TCG,2.25
ERR4810950,resistant,gyrA,CTC,0.53
ERR4810950,resistant,gyrA,CGG,1.95
ERR4810950,resistant,gyrA,ATC,2.56
ERR4810950,resistant,gyrA,GAA,0.65
ERR4810950,resistant,gyrA,GTT,0.7
ERR4810950,resistant,gyrA,CAG,1.88
ERR4810950,resistant,gyrA,GAG,1.35
ERR4810950,resistant,gyrA,CGC,2.92
ERR4810950,resistant,gyrA,AGC,1.35
ERR4810950,resistant,gyrA,TAC,1.28
ERR4810950,resistant,gyrA,TAT,0.72
ERR4810950,resistant,gyrA,GCG,1.46
ERR4810950,resistant,gyrA,GTG,1.74
ERR4810950,resistant,gyrA,GTC,1.45
ERR4810950,resistant,gyrA,GGC,2.29
ERR4810950,resistant,gyrA,CTG,4.18
ERR4810950,resistant,gyrA,GGG,0.63
ERR4810950,resistant,gyrA,AAG,1.28
ERR4810950,resistant,gyrA,CCC,0.97
ERR4810950,resistant,gyrA,CAT,0.14
ERR4810950,resistant,gyrA,GCA,0.44
ERR4810950,resistant,gyrA,TTC,1.88
ERR4810950,resistant,gyrA,GAT,0.32
ERR4810950,resistant,gyrA,TCC,1.8
ERR4810950,resistant,gyrA,CAC,1.86
ERR4810950,resistant,gyrA,GCC,2.05
ERR4810950,resistant,gyrA,ACC,2.55
ERR4810950,resistant,gyrA,AAC,1.38
ERR4810950,resistant,gyrA,TGG,1.0
ERR4810950,resistant,gyrA,CCA,0.41
ERR4810950,resistant,gyrA,AAT,0.62
ERR4810950,resistant,gyrA,AGG,0.38
ERR4810950,resistant,gyrA,CAA,0.12
ERR4810950,resistant,gyrA,CTA,0.15
ERR4810950,resistant,gyrA,TCA,0.3
ERR4810950,resistant,gyrA,CGT,0.53
ERR4810950,resistant,gyrA,AAA,0.72
ERR4810950,resistant,gyrA,GGA,0.51
ERR4810950,resistant,gyrA,GCT,0.05
ERR4810950,resistant,gyrA,ACT,0.43
ERR4810950,resistant,gyrA,ATT,0.44
ERR4810950,resistant,gyrA,CGA,0.23
ERR4810950,resistant,gyrA,GTA,0.12
ERR4810950,resistant,gyrA,GGT,0.57
ERR4810950,resistant,gyrA,TCT,0.15
ERR4810950,resistant,gyrA,TTA,0.15
ERR4810950,resistant,gyrA,CTT,0.08
ERR4810950,resistant,gyrA,TTT,0.12
ERR4810950,resistant,gyrA,TGC,1.0
ERR4810950,resistant,gyrA,TGT,1.0
ERR4810950,resistant,gyrA,AGT,0.15
ERR4810951,resistant,rpoB,TTG,0.8
ERR4810951,resistant,rpoB,GCA,0.24
ERR4810951,resistant,rpoB,GAT,0.22
ERR4810951,resistant,rpoB,TCC,1.52
ERR4810951,resistant,rpoB,CGC,3.18
ERR4810951,resistant,rpoB,CAG,1.76
ERR4810951,resistant,rpoB,AGC,1.01
ERR4810951,resistant,rpoB,AAA,0.24
ERR4810951,resistant,rpoB,ACA,0.13
ERR4810951,resistant,rpoB,GCC,2.22
ERR4810951,resistant,rpoB,GCT,0.24
ERR4810951,resistant,rpoB,AGT,0.59
ERR4810951,resistant,rpoB,CCT,0.18
ERR4810951,resistant,rpoB,CCG,2.65
ERR4810951,resistant,rpoB,CAA,0.24
ERR4810951,resistant,rpoB,TCG,2.45
ERR4810951,resistant,rpoB,AAT,0.15
ERR4810951,resistant,rpoB,AAC,1.85
ERR4810951,resistant,rpoB,GTA,0.04
ERR4810951,resistant,rpoB,CCC,0.92
ERR4810951,resistant,rpoB,GGA,0.12
ERR4810951,resistant,rpoB,GCG,1.3
ERR4810951,resistant,rpoB,CCA,0.25
ERR4810951,resistant,rpoB,CGG,1.66
ERR4810951,resistant,rpoB,GTC,1.69
ERR4810951,resistant,rpoB,TTC,1.82
ERR4810951,resistant,rpoB,AAG,1.76
ERR4810951,resistant,rpoB,CTG,4.1
ERR4810951,resistant,rpoB,GAA,0.37
ERR4810951,resistant,rpoB,CTT,0.24
ERR4810951,resistant,rpoB,GAG,1.63
ERR4810951,resistant,rpoB,GTT,0.25
ERR4810951,resistant,rpoB,CTC,0.8
ERR4810951,resistant,rpoB,GAC,1.78
ERR4810951,resistant,rpoB,ACC,2.6
ERR4810951,resistant,rpoB,TGG,1.0
ERR4810951,resistant,rpoB,ATC,2.62
ERR4810951,resistant,rpoB,GGT,1.07
ERR4810951,resistant,rpoB,GTG,2.02
ERR4810951,resistant,rpoB,GGC,2.1
ERR4810951,resistant,rpoB,TAC,1.75
ERR4810951,resistant,rpoB,TCT,0.25
ERR4810951,resistant,rpoB,GGG,0.7
ERR4810951,resistant,rpoB,ATG,1.0
ERR4810951,resistant,rpoB,CGT,0.8
ERR4810951,resistant,rpoB,TGC,1.56
ERR4810951,resistant,rpoB,ACG,1.02
ERR4810951,resistant,rpoB,ATT,0.38
ERR4810951,resistant,rpoB,CAC,1.82
ERR4810951,resistant,rpoB,TTT,0.18
ERR4810951,resistant,rpoB,CGA,0.29
ERR4810951,resistant,rpoB,TCA,0.17
ERR4810951,resistant,rpoB,TAT,0.25
ERR4810951,resistant,rpoB,CAT,0.18
ERR4810951,resistant,rpoB,ACT,0.25
ERR4810951,resistant,rpoB,TGT,0.44
ERR4810951,resistant,rpoB,AGG,0.07
ERR4810951,resistant,rpoB,CTA,0.06
ERR4810951,resistant,katG,GTG,1.46
ERR4810951,resistant,katG,CCC,1.44
ERR4810951,resistant,katG,GAG,1.45
ERR4810951,resistant,katG,CAA,0.48
ERR4810951,resistant,katG,CAC,1.67
ERR4810951,resistant,katG,CCA,0.32
ERR4810951,resistant,katG,ATT,0.6
ERR4810951,resistant,katG,ACA,0.19
ERR4810951,resistant,katG,GAA,0.55
ERR4810951,resistant,katG,ACC,2.42
ERR4810951,resistant,katG,GGA,0.25
ERR4810951,resistant,katG,GCC,1.77
ERR4810951,resistant,katG,GCT,0.47
ERR4810951,resistant,katG,AGC,1.89
ERR4810951,resistant,katG,AAC,1.93
ERR4810951,resistant,katG,GGC,2.38
ERR4810951,resistant,katG,TGT,1.33
ERR4810951,resistant,katG,GTC,2.0
ERR4810951,resistant,katG,GGT,0.71
ERR4810951,resistant,katG,CAT,0.33
ERR4810951,resistant,katG,ATG,1.0
ERR4810951,resistant,katG,AAA,0.23
ERR4810951,resistant,katG,TAC,1.52
ERR4810951,resistant,katG,CAG,1.52
ERR4810951,resistant,katG,GAC,1.52
ERR4810951,resistant,katG,TGG,1.0
ERR4810951,resistant,katG,CGG,1.89
ERR4810951,resistant,katG,CTC,1.33
ERR4810951,resistant,katG,AAT,0.07
ERR4810951,resistant,katG,CTG,3.43
ERR4810951,resistant,katG,AAG,1.77
ERR4810951,resistant,katG,GTA,0.23
ERR4810951,resistant,katG,CCG,2.0
ERR4810951,resistant,katG,GCG,1.4
ERR4810951,resistant,katG,TTC,1.77
ERR4810951,resistant,katG,TAT,0.48
ERR4810951,resistant,katG,ATC,2.28
ERR4810951,resistant,katG,GTT,0.31
ERR4810951,resistant,katG,ACG,1.12
ERR4810951,resistant,katG,TCG,1.89
ERR4810951,resistant,katG,GGG,0.66
ERR4810951,resistant,katG,TTT,0.23
ERR4810951,resistant,katG,CGC,2.91
ERR4810951,resistant,katG,CTT,0.48
ERR4810951,resistant,katG,TTG,0.57
ERR4810951,resistant,katG,TCA,0.69
ERR4810951,resistant,katG,TGC,0.67
ERR4810951,resistant,katG,GAT,0.48
ERR4810951,resistant,katG,CGT,0.51
ERR4810951,resistant,katG,ACT,0.28
ERR4810951,resistant,katG,AGT,0.51
ERR4810951,resistant,katG,CCT,0.24
ERR4810951,resistant,katG,TCC,1.03
ERR4810951,resistant,katG,CGA,0.34
ERR4810951,resistant,katG,AGA,0.17
ERR4810951,resistant,katG,GCA,0.36
ERR4810951,resistant,katG,CTA,0.1
ERR4810951,resistant,katG,ATA,0.12
ERR4810951,resistant,katG,TTA,0.1
ERR4810951,resistant,katG,AGG,0.17
ERR4810951,resistant,gyrA,ATG,1.0
ERR4810951,resistant,gyrA,ACA,0.26
ERR4810951,resistant,gyrA,GAC,1.68
ERR4810951,resistant,gyrA,ACG,0.77
ERR4810951,resistant,gyrA,TTG,0.91
ERR4810951,resistant,gyrA,CCG,2.34
ERR4810951,resistant,gyrA,CCT,0.28
ERR4810951,resistant,gyrA,TCG,2.31
ERR4810951,resistant,gyrA,CTC,0.53
ERR4810951,resistant,gyrA,CGG,1.95
ERR4810951,resistant,gyrA,ATC,2.56
ERR4810951,resistant,gyrA,GAA,0.65
ERR4810951,resistant,gyrA,GTT,0.69
ERR4810951,resistant,gyrA,CAG,1.88
ERR4810951,resistant,gyrA,GAG,1.35
ERR4810951,resistant,gyrA,CGC,2.92
ERR4810951,resistant,gyrA,AGC,1.38
ERR4810951,resistant,gyrA,TAC,1.28
ERR4810951,resistant,gyrA,TAT,0.72
ERR4810951,resistant,gyrA,GCG,1.41
ERR4810951,resistant,gyrA,GTG,1.77
ERR4810951,resistant,gyrA,GTC,1.43
ERR4810951,resistant,gyrA,GGC,2.26
ERR4810951,resistant,gyrA,CTG,4.18
ERR4810951,resistant,gyrA,GGG,0.64
ERR4810951,resistant,gyrA,AAG,1.28
ERR4810951,resistant,gyrA,CCC,0.97
ERR4810951,resistant,gyrA,CAT,0.14
ERR4810951,resistant,gyrA,GCA,0.44
ERR4810951,resistant,gyrA,TTC,1.88
ERR4810951,resistant,gyrA,GAT,0.32
ERR4810951,resistant,gyrA,TCC,1.69
ERR4810951,resistant,gyrA,CAC,1.86
ERR4810951,resistant,gyrA,GCC,2.1
ERR4810951,resistant,gyrA,ACC,2.55
ERR4810951,resistant,gyrA,AAC,1.38
ERR4810951,resistant,gyrA,TGG,1.0
ERR4810951,resistant,gyrA,CCA,0.41
ERR4810951,resistant,gyrA,AAT,0.62
ERR4810951,resistant,gyrA,AGG,0.38
ERR4810951,resistant,gyrA,CAA,0.12
ERR4810951,resistant,gyrA,CTA,0.15
ERR4810951,resistant,gyrA,TCA,0.31
ERR4810951,resistant,gyrA,CGT,0.53
ERR4810951,resistant,gyrA,AAA,0.72
ERR4810951,resistant,gyrA,GGA,0.52
ERR4810951,resistant,gyrA,GCT,0.05
ERR4810951,resistant,gyrA,ACT,0.43
ERR4810951,resistant,gyrA,ATT,0.44
ERR4810951,resistant,gyrA,CGA,0.23
ERR4810951,resistant,gyrA,GTA,0.11
ERR4810951,resistant,gyrA,GGT,0.58
ERR4810951,resistant,gyrA,TCT,0.15
ERR4810951,resistant,gyrA,TTA,0.15
ERR4810951,resistant,gyrA,CTT,0.08
ERR4810951,resistant,gyrA,TTT,0.12
ERR4810951,resistant,gyrA,TGC,1.0
ERR4810951,resistant,gyrA,TGT,1.0
ERR4810951,resistant,gyrA,AGT,0.15
ERR4810952,resistant,rpoB,TTG,0.86
ERR4810952,resistant,rpoB,GCA,0.24
ERR4810952,resistant,rpoB,GAT,0.21
ERR4810952,resistant,rpoB,TCC,1.54
ERR4810952,resistant,rpoB,CGC,3.22
ERR4810952,resistant,rpoB,CAG,1.76
ERR4810952,resistant,rpoB,AGC,1.03
ERR4810952,resistant,rpoB,AAA,0.24
ERR4810952,resistant,rpoB,ACA,0.13
ERR4810952,resistant,rpoB,GCC,2.17
ERR4810952,resistant,rpoB,GCT,0.29
ERR4810952,resistant,rpoB,AGT,0.6
ERR4810952,resistant,rpoB,CCT,0.18
ERR4810952,resistant,rpoB,CCG,2.65
ERR4810952,resistant,rpoB,CAA,0.24
ERR4810952,resistant,rpoB,TCG,2.4
ERR4810952,resistant,rpoB,AAT,0.15
ERR4810952,resistant,rpoB,AAC,1.85
ERR4810952,resistant,rpoB,GTA,0.04
ERR4810952,resistant,rpoB,CCC,0.92
ERR4810952,resistant,rpoB,GGA,0.12
ERR4810952,resistant,rpoB,GCG,1.3
ERR4810952,resistant,rpoB,CCA,0.25
ERR4810952,resistant,rpoB,CGG,1.61
ERR4810952,resistant,rpoB,GTC,1.69
ERR4810952,resistant,rpoB,TTC,1.82
ERR4810952,resistant,rpoB,AAG,1.76
ERR4810952,resistant,rpoB,CTG,4.1
ERR4810952,resistant,rpoB,GAA,0.37
ERR4810952,resistant,rpoB,CTT,0.24
ERR4810952,resistant,rpoB,GAG,1.63
ERR4810952,resistant,rpoB,GTT,0.25
ERR4810952,resistant,rpoB,CTC,0.73
ERR4810952,resistant,rpoB,GAC,1.79
ERR4810952,resistant,rpoB,ACC,2.6
ERR4810952,resistant,rpoB,TGG,1.0
ERR4810952,resistant,rpoB,ATC,2.63
ERR4810952,resistant,rpoB,GGT,1.07
ERR4810952,resistant,rpoB,GTG,2.02
ERR4810952,resistant,rpoB,GGC,2.06
ERR4810952,resistant,rpoB,TAC,1.75
ERR4810952,resistant,rpoB,TCT,0.26
ERR4810952,resistant,rpoB,GGG,0.74
ERR4810952,resistant,rpoB,ATG,1.0
ERR4810952,resistant,rpoB,CGT,0.8
ERR4810952,resistant,rpoB,TGC,1.56
ERR4810952,resistant,rpoB,ACG,1.02
ERR4810952,resistant,rpoB,ATT,0.37
ERR4810952,resistant,rpoB,CAC,1.82
ERR4810952,resistant,rpoB,TTT,0.18
ERR4810952,resistant,rpoB,CGA,0.29
ERR4810952,resistant,rpoB,TCA,0.17
ERR4810952,resistant,rpoB,TAT,0.25
ERR4810952,resistant,rpoB,CAT,0.18
ERR4810952,resistant,rpoB,ACT,0.25
ERR4810952,resistant,rpoB,TGT,0.44
ERR4810952,resistant,rpoB,AGG,0.07
ERR4810952,resistant,rpoB,CTA,0.06
ERR4810952,resistant,katG,GTG,1.46
ERR4810952,resistant,katG,CCC,1.44
ERR4810952,resistant,katG,GAG,1.45
ERR4810952,resistant,katG,CAA,0.48
ERR4810952,resistant,katG,CAC,1.67
ERR4810952,resistant,katG,CCA,0.32
ERR4810952,resistant,katG,ATT,0.6
ERR4810952,resistant,katG,ACA,0.19
ERR4810952,resistant,katG,GAA,0.55
ERR4810952,resistant,katG,ACC,2.42
ERR4810952,resistant,katG,GGA,0.25
ERR4810952,resistant,katG,GCC,1.77
ERR4810952,resistant,katG,GCT,0.47
ERR4810952,resistant,katG,AGC,1.89
ERR4810952,resistant,katG,AAC,1.93
ERR4810952,resistant,katG,GGC,2.38
ERR4810952,resistant,katG,TGT,1.33
ERR4810952,resistant,katG,GTC,2.0
ERR4810952,resistant,katG,GGT,0.71
ERR4810952,resistant,katG,CAT,0.33
ERR4810952,resistant,katG,ATG,1.0
ERR4810952,resistant,katG,AAA,0.23
ERR4810952,resistant,katG,TAC,1.52
ERR4810952,resistant,katG,CAG,1.52
ERR4810952,resistant,katG,GAC,1.52
ERR4810952,resistant,katG,TGG,1.0
ERR4810952,resistant,katG,CGG,2.0
ERR4810952,resistant,katG,CTC,1.35
ERR4810952,resistant,katG,AAT,0.07
ERR4810952,resistant,katG,CTG,3.39
ERR4810952,resistant,katG,AAG,1.77
ERR4810952,resistant,katG,GTA,0.23
ERR4810952,resistant,katG,CCG,2.0
ERR4810952,resistant,katG,GCG,1.4
ERR4810952,resistant,katG,TTC,1.77
ERR4810952,resistant,katG,TAT,0.48
ERR4810952,resistant,katG,ATC,2.28
ERR4810952,resistant,katG,GTT,0.31
ERR4810952,resistant,katG,ACG,1.12
ERR4810952,resistant,katG,TCG,1.89
ERR4810952,resistant,katG,GGG,0.66
ERR4810952,resistant,katG,TTT,0.23
ERR4810952,resistant,katG,CGC,2.83
ERR4810952,resistant,katG,CTT,0.48
ERR4810952,resistant,katG,TTG,0.58
ERR4810952,resistant,katG,TCA,0.69
ERR4810952,resistant,katG,TGC,0.67
ERR4810952,resistant,katG,GAT,0.48
ERR4810952,resistant,katG,CGT,0.5
ERR4810952,resistant,katG,ACT,0.28
ERR4810952,resistant,katG,AGT,0.51
ERR4810952,resistant,katG,CCT,0.24
ERR4810952,resistant,katG,TCC,1.03
ERR4810952,resistant,katG,CGA,0.33
ERR4810952,resistant,katG,AGA,0.17
ERR4810952,resistant,katG,GCA,0.36
ERR4810952,resistant,katG,CTA,0.1
ERR4810952,resistant,katG,ATA,0.12
ERR4810952,resistant,katG,TTA,0.1
ERR4810952,resistant,katG,AGG,0.17
ERR4810952,resistant,gyrA,ATG,1.0
ERR4810952,resistant,gyrA,ACA,0.26
ERR4810952,resistant,gyrA,GAC,1.68
ERR4810952,resistant,gyrA,ACG,0.77
ERR4810952,resistant,gyrA,TTG,0.91
ERR4810952,resistant,gyrA,CCG,2.34
ERR4810952,resistant,gyrA,CCT,0.28
ERR4810952,resistant,gyrA,TCG,2.31
ERR4810952,resistant,gyrA,CTC,0.53
ERR4810952,resistant,gyrA,CGG,1.95
ERR4810952,resistant,gyrA,ATC,2.56
ERR4810952,resistant,gyrA,GAA,0.65
ERR4810952,resistant,gyrA,GTT,0.7
ERR4810952,resistant,gyrA,CAG,1.88
ERR4810952,resistant,gyrA,GAG,1.35
ERR4810952,resistant,gyrA,CGC,2.92
ERR4810952,resistant,gyrA,AGC,1.38
ERR4810952,resistant,gyrA,TAC,1.28
ERR4810952,resistant,gyrA,TAT,0.72
ERR4810952,resistant,gyrA,GCG,1.46
ERR4810952,resistant,gyrA,GTG,1.74
ERR4810952,resistant,gyrA,GTC,1.45
ERR4810952,resistant,gyrA,GGC,2.26
ERR4810952,resistant,gyrA,CTG,4.18
ERR4810952,resistant,gyrA,GGG,0.64
ERR4810952,resistant,gyrA,AAG,1.28
ERR4810952,resistant,gyrA,CCC,0.97
ERR4810952,resistant,gyrA,CAT,0.14
ERR4810952,resistant,gyrA,GCA,0.44
ERR4810952,resistant,gyrA,TTC,1.88
ERR4810952,resistant,gyrA,GAT,0.32
ERR4810952,resistant,gyrA,TCC,1.69
ERR4810952,resistant,gyrA,CAC,1.86
ERR4810952,resistant,gyrA,GCC,2.05
ERR4810952,resistant,gyrA,ACC,2.55
ERR4810952,resistant,gyrA,AAC,1.38
ERR4810952,resistant,gyrA,TGG,1.0
ERR4810952,resistant,gyrA,CCA,0.41
ERR4810952,resistant,gyrA,AAT,0.62
ERR4810952,resistant,gyrA,AGG,0.38
ERR4810952,resistant,gyrA,CAA,0.12
ERR4810952,resistant,gyrA,CTA,0.15
ERR4810952,resistant,gyrA,TCA,0.31
ERR4810952,resistant,gyrA,CGT,0.53
ERR4810952,resistant,gyrA,AAA,0.72
ERR4810952,resistant,gyrA,GGA,0.52
ERR4810952,resistant,gyrA,GCT,0.05
ERR4810952,resistant,gyrA,ACT,0.43
ERR4810952,resistant,gyrA,ATT,0.44
ERR4810952,resistant,gyrA,CGA,0.23
ERR4810952,resistant,gyrA,GTA,0.12
ERR4810952,resistant,gyrA,GGT,0.58
ERR4810952,resistant,gyrA,TCT,0.15
ERR4810952,resistant,gyrA,TTA,0.15
ERR4810952,resistant,gyrA,CTT,0.08
ERR4810952,resistant,gyrA,TTT,0.12
ERR4810952,resistant,gyrA,TGC,1.0
ERR4810952,resistant,gyrA,TGT,1.0
ERR4810952,resistant,gyrA,AGT,0.15
ERR4810953,resistant,rpoB,TTG,0.86
ERR4810953,resistant,rpoB,GCA,0.24
ERR4810953,resistant,rpoB,GAT,0.21
ERR4810953,resistant,rpoB,TCC,1.54
ERR4810953,resistant,rpoB,CGC,3.18
ERR4810953,resistant,rpoB,CAG,1.76
ERR4810953,resistant,rpoB,AGC,1.03
ERR4810953,resistant,rpoB,AAA,0.24
ERR4810953,resistant,rpoB,ACA,0.13
ERR4810953,resistant,rpoB,GCC,2.22
ERR4810953,resistant,rpoB,GCT,0.24
ERR4810953,resistant,rpoB,AGT,0.6
ERR4810953,resistant,rpoB,CCT,0.18
ERR4810953,resistant,rpoB,CCG,2.65
ERR4810953,resistant,rpoB,CAA,0.24
ERR4810953,resistant,rpoB,TCG,2.4
ERR4810953,resistant,rpoB,AAT,0.15
ERR4810953,resistant,rpoB,AAC,1.85
ERR4810953,resistant,rpoB,GTA,0.04
ERR4810953,resistant,rpoB,CCC,0.92
ERR4810953,resistant,rpoB,GGA,0.12
ERR4810953,resistant,rpoB,GCG,1.3
ERR4810953,resistant,rpoB,CCA,0.25
ERR4810953,resistant,rpoB,CGG,1.66
ERR4810953,resistant,rpoB,GTC,1.69
ERR4810953,resistant,rpoB,TTC,1.82
ERR4810953,resistant,rpoB,AAG,1.76
ERR4810953,resistant,rpoB,CTG,4.1
ERR4810953,resistant,rpoB,GAA,0.37
ERR4810953,resistant,rpoB,CTT,0.24
ERR4810953,resistant,rpoB,GAG,1.63
ERR4810953,resistant,rpoB,GTT,0.25
ERR4810953,resistant,rpoB,CTC,0.73
ERR4810953,resistant,rpoB,GAC,1.79
ERR4810953,resistant,rpoB,ACC,2.6
ERR4810953,resistant,rpoB,TGG,1.0
ERR4810953,resistant,rpoB,ATC,2.63
ERR4810953,resistant,rpoB,GGT,1.08
ERR4810953,resistant,rpoB,GTG,2.02
ERR4810953,resistant,rpoB,GGC,2.08
ERR4810953,resistant,rpoB,TAC,1.75
ERR4810953,resistant,rpoB,TCT,0.26
ERR4810953,resistant,rpoB,GGG,0.71
ERR4810953,resistant,rpoB,ATG,1.0
ERR4810953,resistant,rpoB,CGT,0.8
ERR4810953,resistant,rpoB,TGC,1.56
ERR4810953,resistant,rpoB,ACG,1.02
ERR4810953,resistant,rpoB,ATT,0.37
ERR4810953,resistant,rpoB,CAC,1.82
ERR4810953,resistant,rpoB,TTT,0.18
ERR4810953,resistant,rpoB,CGA,0.29
ERR4810953,resistant,rpoB,TCA,0.17
ERR4810953,resistant,rpoB,TAT,0.25
ERR4810953,resistant,rpoB,CAT,0.18
ERR4810953,resistant,rpoB,ACT,0.25
ERR4810953,resistant,rpoB,TGT,0.44
ERR4810953,resistant,rpoB,AGG,0.07
ERR4810953,resistant,rpoB,CTA,0.06
ERR4810953,resistant,katG,GTG,1.46
ERR4810953,resistant,katG,CCC,1.44
ERR4810953,resistant,katG,GAG,1.45
ERR4810953,resistant,katG,CAA,0.48
ERR4810953,resistant,katG,CAC,1.67
ERR4810953,resistant,katG,CCA,0.32
ERR4810953,resistant,katG,ATT,0.6
ERR4810953,resistant,katG,ACA,0.19
ERR4810953,resistant,katG,GAA,0.55
ERR4810953,resistant,katG,ACC,2.42
ERR4810953,resistant,katG,GGA,0.25
ERR4810953,resistant,katG,GCC,1.77
ERR4810953,resistant,katG,GCT,0.47
ERR4810953,resistant,katG,AGC,1.89
ERR4810953,resistant,katG,AAC,1.93
ERR4810953,resistant,katG,GGC,2.38
ERR4810953,resistant,katG,TGT,1.33
ERR4810953,resistant,katG,GTC,2.0
ERR4810953,resistant,katG,GGT,0.71
ERR4810953,resistant,katG,CAT,0.33
ERR4810953,resistant,katG,ATG,1.0
ERR4810953,resistant,katG,AAA,0.23
ERR4810953,resistant,katG,TAC,1.52
ERR4810953,resistant,katG,CAG,1.52
ERR4810953,resistant,katG,GAC,1.52
ERR4810953,resistant,katG,TGG,1.0
ERR4810953,resistant,katG,CGG,1.89
ERR4810953,resistant,katG,CTC,1.33
ERR4810953,resistant,katG,AAT,0.07
ERR4810953,resistant,katG,CTG,3.43
ERR4810953,resistant,katG,AAG,1.77
ERR4810953,resistant,katG,GTA,0.23
ERR4810953,resistant,katG,CCG,2.0
ERR4810953,resistant,katG,GCG,1.4
ERR4810953,resistant,katG,TTC,1.77
ERR4810953,resistant,katG,TAT,0.48
ERR4810953,resistant,katG,ATC,2.28
ERR4810953,resistant,katG,GTT,0.31
ERR4810953,resistant,katG,ACG,1.12
ERR4810953,resistant,katG,TCG,1.89
ERR4810953,resistant,katG,GGG,0.66
ERR4810953,resistant,katG,TTT,0.23
ERR4810953,resistant,katG,CGC,2.91
ERR4810953,resistant,katG,CTT,0.48
ERR4810953,resistant,katG,TTG,0.57
ERR4810953,resistant,katG,TCA,0.69
ERR4810953,resistant,katG,TGC,0.67
ERR4810953,resistant,katG,GAT,0.48
ERR4810953,resistant,katG,CGT,0.51
ERR4810953,resistant,katG,ACT,0.28
ERR4810953,resistant,katG,AGT,0.51
ERR4810953,resistant,katG,CCT,0.24
ERR4810953,resistant,katG,TCC,1.03
ERR4810953,resistant,katG,CGA,0.34
ERR4810953,resistant,katG,AGA,0.17
ERR4810953,resistant,katG,GCA,0.36
ERR4810953,resistant,katG,CTA,0.1
ERR4810953,resistant,katG,ATA,0.12
ERR4810953,resistant,katG,TTA,0.1
ERR4810953,resistant,katG,AGG,0.17
ERR4810953,resistant,gyrA,ATG,1.0
ERR4810953,resistant,gyrA,ACA,0.26
ERR4810953,resistant,gyrA,GAC,1.68
ERR4810953,resistant,gyrA,ACG,0.77
ERR4810953,resistant,gyrA,TTG,0.91
ERR4810953,resistant,gyrA,CCG,2.34
ERR4810953,resistant,gyrA,CCT,0.28
ERR4810953,resistant,gyrA,TCG,2.31
ERR4810953,resistant,gyrA,CTC,0.53
ERR4810953,resistant,gyrA,CGG,1.95
ERR4810953,resistant,gyrA,ATC,2.56
ERR4810953,resistant,gyrA,GAA,0.65
ERR4810953,resistant,gyrA,GTT,0.7
ERR4810953,resistant,gyrA,CAG,1.88
ERR4810953,resistant,gyrA,GAG,1.35
ERR4810953,resistant,gyrA,CGC,2.92
ERR4810953,resistant,gyrA,AGC,1.38
ERR4810953,resistant,gyrA,TAC,1.28
ERR4810953,resistant,gyrA,TAT,0.72
ERR4810953,resistant,gyrA,GCG,1.45
ERR4810953,resistant,gyrA,GTG,1.74
ERR4810953,resistant,gyrA,GTC,1.45
ERR4810953,resistant,gyrA,GGC,2.26
ERR4810953,resistant,gyrA,CTG,4.18
ERR4810953,resistant,gyrA,GGG,0.64
ERR4810953,resistant,gyrA,AAG,1.28
ERR4810953,resistant,gyrA,CCC,0.97
ERR4810953,resistant,gyrA,CAT,0.14
ERR4810953,resistant,gyrA,GCA,0.43
ERR4810953,resistant,gyrA,TTC,1.88
ERR4810953,resistant,gyrA,GAT,0.32
ERR4810953,resistant,gyrA,TCC,1.69
ERR4810953,resistant,gyrA,CAC,1.86
ERR4810953,resistant,gyrA,GCC,2.07
ERR4810953,resistant,gyrA,ACC,2.55
ERR4810953,resistant,gyrA,AAC,1.38
ERR4810953,resistant,gyrA,TGG,1.0
ERR4810953,resistant,gyrA,CCA,0.41
ERR4810953,resistant,gyrA,AAT,0.62
ERR4810953,resistant,gyrA,AGG,0.38
ERR4810953,resistant,gyrA,CAA,0.12
ERR4810953,resistant,gyrA,CTA,0.15
ERR4810953,resistant,gyrA,TCA,0.31
ERR4810953,resistant,gyrA,CGT,0.53
ERR4810953,resistant,gyrA,AAA,0.72
ERR4810953,resistant,gyrA,GGA,0.52
ERR4810953,resistant,gyrA,GCT,0.05
ERR4810953,resistant,gyrA,ACT,0.43
ERR4810953,resistant,gyrA,ATT,0.44
ERR4810953,resistant,gyrA,CGA,0.23
ERR4810953,resistant,gyrA,GTA,0.12
ERR4810953,resistant,gyrA,GGT,0.58
ERR4810953,resistant,gyrA,TCT,0.15
ERR4810953,resistant,gyrA,TTA,0.15
ERR4810953,resistant,gyrA,CTT,0.08
ERR4810953,resistant,gyrA,TTT,0.12
ERR4810953,resistant,gyrA,TGC,1.0
ERR4810953,resistant,gyrA,TGT,1.0
ERR4810953,resistant,gyrA,AGT,0.15
ERR4810959,resistant,rpoB,TTG,0.86
ERR4810959,resistant,rpoB,GCA,0.24
ERR4810959,resistant,rpoB,GAT,0.21
ERR4810959,resistant,rpoB,TCC,1.54
ERR4810959,resistant,rpoB,CGC,3.18
ERR4810959,resistant,rpoB,CAG,1.76
ERR4810959,resistant,rpoB,AGC,1.03
ERR4810959,resistant,rpoB,AAA,0.24
ERR4810959,resistant,rpoB,ACA,0.13
ERR4810959,resistant,rpoB,GCC,2.22
ERR4810959,resistant,rpoB,GCT,0.24
ERR4810959,resistant,rpoB,AGT,0.6
ERR4810959,resistant,rpoB,CCT,0.18
ERR4810959,resistant,rpoB,CCG,2.65
ERR4810959,resistant,rpoB,CAA,0.24
ERR4810959,resistant,rpoB,TCG,2.4
ERR4810959,resistant,rpoB,AAT,0.15
ERR4810959,resistant,rpoB,AAC,1.85
ERR4810959,resistant,rpoB,GTA,0.04
ERR4810959,resistant,rpoB,CCC,0.92
ERR4810959,resistant,rpoB,GGA,0.12
ERR4810959,resistant,rpoB,GCG,1.3
ERR4810959,resistant,rpoB,CCA,0.25
ERR4810959,resistant,rpoB,CGG,1.66
ERR4810959,resistant,rpoB,GTC,1.69
ERR4810959,resistant,rpoB,TTC,1.82
ERR4810959,resistant,rpoB,AAG,1.76
ERR4810959,resistant,rpoB,CTG,4.1
ERR4810959,resistant,rpoB,GAA,0.37
ERR4810959,resistant,rpoB,CTT,0.24
ERR4810959,resistant,rpoB,GAG,1.63
ERR4810959,resistant,rpoB,GTT,0.25
ERR4810959,resistant,rpoB,CTC,0.73
ERR4810959,resistant,rpoB,GAC,1.79
ERR4810959,resistant,rpoB,ACC,2.6
ERR4810959,resistant,rpoB,TGG,1.0
ERR4810959,resistant,rpoB,ATC,2.63
ERR4810959,resistant,rpoB,GGT,1.08
ERR4810959,resistant,rpoB,GTG,2.02
ERR4810959,resistant,rpoB,GGC,2.08
ERR4810959,resistant,rpoB,TAC,1.75
ERR4810959,resistant,rpoB,TCT,0.26
ERR4810959,resistant,rpoB,GGG,0.71
ERR4810959,resistant,rpoB,ATG,1.0
ERR4810959,resistant,rpoB,CGT,0.8
ERR4810959,resistant,rpoB,TGC,1.56
ERR4810959,resistant,rpoB,ACG,1.02
ERR4810959,resistant,rpoB,ATT,0.37
ERR4810959,resistant,rpoB,CAC,1.82
ERR4810959,resistant,rpoB,TTT,0.18
ERR4810959,resistant,rpoB,CGA,0.29
ERR4810959,resistant,rpoB,TCA,0.17
ERR4810959,resistant,rpoB,TAT,0.25
ERR4810959,resistant,rpoB,CAT,0.18
ERR4810959,resistant,rpoB,ACT,0.25
ERR4810959,resistant,rpoB,TGT,0.44
ERR4810959,resistant,rpoB,AGG,0.07
ERR4810959,resistant,rpoB,CTA,0.06
ERR4810959,resistant,katG,GTG,1.46
ERR4810959,resistant,katG,CCC,1.44
ERR4810959,resistant,katG,GAG,1.45
ERR4810959,resistant,katG,CAA,0.48
ERR4810959,resistant,katG,CAC,1.67
ERR4810959,resistant,katG,CCA,0.32
ERR4810959,resistant,katG,ATT,0.6
ERR4810959,resistant,katG,ACA,0.2
ERR4810959,resistant,katG,GAA,0.55
ERR4810959,resistant,katG,ACC,2.44
ERR4810959,resistant,katG,GGA,0.26
ERR4810959,resistant,katG,GCC,1.77
ERR4810959,resistant,katG,GCT,0.47
ERR4810959,resistant,katG,AGC,1.89
ERR4810959,resistant,katG,AAC,1.93
ERR4810959,resistant,katG,GGC,2.41
ERR4810959,resistant,katG,TGT,1.33
ERR4810959,resistant,katG,GTC,2.0
ERR4810959,resistant,katG,GGT,0.67
ERR4810959,resistant,katG,CAT,0.33
ERR4810959,resistant,katG,ATG,1.0
ERR4810959,resistant,katG,AAA,0.23
ERR4810959,resistant,katG,TAC,1.52
ERR4810959,resistant,katG,CAG,1.52
ERR4810959,resistant,katG,GAC,1.52
ERR4810959,resistant,katG,TGG,1.0
ERR4810959,resistant,katG,CGG,2.0
ERR4810959,resistant,katG,CTC,1.35
ERR4810959,resistant,katG,AAT,0.07
ERR4810959,resistant,katG,CTG,3.39
ERR4810959,resistant,katG,AAG,1.77
ERR4810959,resistant,katG,GTA,0.23
ERR4810959,resistant,katG,CCG,2.0
ERR4810959,resistant,katG,GCG,1.4
ERR4810959,resistant,katG,TTC,1.77
ERR4810959,resistant,katG,TAT,0.48
ERR4810959,resistant,katG,ATC,2.28
ERR4810959,resistant,katG,GTT,0.31
ERR4810959,resistant,katG,ACG,1.17
ERR4810959,resistant,katG,TCG,1.74
ERR4810959,resistant,katG,GGG,0.67
ERR4810959,resistant,katG,TTT,0.23
ERR4810959,resistant,katG,CGC,2.83
ERR4810959,resistant,katG,CTT,0.48
ERR4810959,resistant,katG,TTG,0.58
ERR4810959,resistant,katG,TCA,0.63
ERR4810959,resistant,katG,TGC,0.67
ERR4810959,resistant,katG,GAT,0.48
ERR4810959,resistant,katG,CGT,0.5
ERR4810959,resistant,katG,ACT,0.2
ERR4810959,resistant,katG,AGT,0.79
ERR4810959,resistant,katG,CCT,0.24
ERR4810959,resistant,katG,TCC,0.95
ERR4810959,resistant,katG,CGA,0.33
ERR4810959,resistant,katG,AGA,0.17
ERR4810959,resistant,katG,GCA,0.36
ERR4810959,resistant,katG,CTA,0.1
ERR4810959,resistant,katG,ATA,0.12
ERR4810959,resistant,katG,TTA,0.1
ERR4810959,resistant,katG,AGG,0.17
ERR4810959,resistant,gyrA,ATG,1.0
ERR4810959,resistant,gyrA,ACA,0.26
ERR4810959,resistant,gyrA,GAC,1.68
ERR4810959,resistant,gyrA,ACG,0.77
ERR4810959,resistant,gyrA,TTG,0.91
ERR4810959,resistant,gyrA,CCG,2.34
ERR4810959,resistant,gyrA,CCT,0.28
ERR4810959,resistant,gyrA,TCG,2.31
ERR4810959,resistant,gyrA,CTC,0.53
ERR4810959,resistant,gyrA,CGG,1.95
ERR4810959,resistant,gyrA,ATC,2.56
ERR4810959,resistant,gyrA,GAA,0.65
ERR4810959,resistant,gyrA,GTT,0.7
ERR4810959,resistant,gyrA,CAG,1.88
ERR4810959,resistant,gyrA,GAG,1.35
ERR4810959,resistant,gyrA,CGC,2.92
ERR4810959,resistant,gyrA,AGC,1.38
ERR4810959,resistant,gyrA,TAC,1.28
ERR4810959,resistant,gyrA,TAT,0.72
ERR4810959,resistant,gyrA,GCG,1.45
ERR4810959,resistant,gyrA,GTG,1.74
ERR4810959,resistant,gyrA,GTC,1.45
ERR4810959,resistant,gyrA,GGC,2.26
ERR4810959,resistant,gyrA,CTG,4.18
ERR4810959,resistant,gyrA,GGG,0.64
ERR4810959,resistant,gyrA,AAG,1.28
ERR4810959,resistant,gyrA,CCC,0.97
ERR4810959,resistant,gyrA,CAT,0.14
ERR4810959,resistant,gyrA,GCA,0.43
ERR4810959,resistant,gyrA,TTC,1.88
ERR4810959,resistant,gyrA,GAT,0.32
ERR4810959,resistant,gyrA,TCC,1.69
ERR4810959,resistant,gyrA,CAC,1.86
ERR4810959,resistant,gyrA,GCC,2.07
ERR4810959,resistant,gyrA,ACC,2.55
ERR4810959,resistant,gyrA,AAC,1.38
ERR4810959,resistant,gyrA,TGG,1.0
ERR4810959,resistant,gyrA,CCA,0.41
ERR4810959,resistant,gyrA,AAT,0.62
ERR4810959,resistant,gyrA,AGG,0.38
ERR4810959,resistant,gyrA,CAA,0.12
ERR4810959,resistant,gyrA,CTA,0.15
ERR4810959,resistant,gyrA,TCA,0.31
ERR4810959,resistant,gyrA,CGT,0.53
ERR4810959,resistant,gyrA,AAA,0.72
ERR4810959,resistant,gyrA,GGA,0.52
ERR4810959,resistant,gyrA,GCT,0.05
ERR4810959,resistant,gyrA,ACT,0.43
ERR4810959,resistant,gyrA,ATT,0.44
ERR4810959,resistant,gyrA,CGA,0.23
ERR4810959,resistant,gyrA,GTA,0.12
ERR4810959,resistant,gyrA,GGT,0.58
ERR4810959,resistant,gyrA,TCT,0.15
ERR4810959,resistant,gyrA,TTA,0.15
ERR4810959,resistant,gyrA,CTT,0.08
ERR4810959,resistant,gyrA,TTT,0.12
ERR4810959,resistant,gyrA,TGC,1.0
ERR4810959,resistant,gyrA,TGT,1.0
ERR4810959,resistant,gyrA,AGT,0.15
ERR4810970,resistant,rpoB,TTG,0.86
ERR4810970,resistant,rpoB,GCA,0.24
ERR4810970,resistant,rpoB,GAT,0.21
ERR4810970,resistant,rpoB,TCC,1.54
ERR4810970,resistant,rpoB,CGC,3.18
ERR4810970,resistant,rpoB,CAG,1.76
ERR4810970,resistant,rpoB,AGC,1.03
ERR4810970,resistant,rpoB,AAA,0.24
ERR4810970,resistant,rpoB,ACA,0.13
ERR4810970,resistant,rpoB,GCC,2.24
ERR4810970,resistant,rpoB,GCT,0.24
ERR4810970,resistant,rpoB,AGT,0.6
ERR4810970,resistant,rpoB,CCT,0.18
ERR4810970,resistant,rpoB,CCG,2.65
ERR4810970,resistant,rpoB,CAA,0.24
ERR4810970,resistant,rpoB,TCG,2.4
ERR4810970,resistant,rpoB,AAT,0.15
ERR4810970,resistant,rpoB,AAC,1.85
ERR4810970,resistant,rpoB,GTA,0.04
ERR4810970,resistant,rpoB,CCC,0.92
ERR4810970,resistant,rpoB,GGA,0.12
ERR4810970,resistant,rpoB,GCG,1.27
ERR4810970,resistant,rpoB,CCA,0.25
ERR4810970,resistant,rpoB,CGG,1.66
ERR4810970,resistant,rpoB,GTC,1.68
ERR4810970,resistant,rpoB,TTC,1.82
ERR4810970,resistant,rpoB,AAG,1.76
ERR4810970,resistant,rpoB,CTG,4.1
ERR4810970,resistant,rpoB,GAA,0.37
ERR4810970,resistant,rpoB,CTT,0.24
ERR4810970,resistant,rpoB,GAG,1.63
ERR4810970,resistant,rpoB,GTT,0.25
ERR4810970,resistant,rpoB,CTC,0.73
ERR4810970,resistant,rpoB,GAC,1.79
ERR4810970,resistant,rpoB,ACC,2.6
ERR4810970,resistant,rpoB,TGG,1.0
ERR4810970,resistant,rpoB,ATC,2.63
ERR4810970,resistant,rpoB,GGT,1.08
ERR4810970,resistant,rpoB,GTG,2.04
ERR4810970,resistant,rpoB,GGC,2.08
ERR4810970,resistant,rpoB,TAC,1.75
ERR4810970,resistant,rpoB,TCT,0.26
ERR4810970,resistant,rpoB,GGG,0.71
ERR4810970,resistant,rpoB,ATG,1.0
ERR4810970,resistant,rpoB,CGT,0.8
ERR4810970,resistant,rpoB,TGC,1.56
ERR4810970,resistant,rpoB,ACG,1.02
ERR4810970,resistant,rpoB,ATT,0.37
ERR4810970,resistant,rpoB,CAC,1.82
ERR4810970,resistant,rpoB,TTT,0.18
ERR4810970,resistant,rpoB,CGA,0.29
ERR4810970,resistant,rpoB,TCA,0.17
ERR4810970,resistant,rpoB,TAT,0.25
ERR4810970,resistant,rpoB,CAT,0.18
ERR4810970,resistant,rpoB,ACT,0.25
ERR4810970,resistant,rpoB,TGT,0.44
ERR4810970,resistant,rpoB,AGG,0.07
ERR4810970,resistant,rpoB,CTA,0.06
ERR4810970,resistant,katG,GTG,1.46
ERR4810970,resistant,katG,CCC,1.44
ERR4810970,resistant,katG,GAG,1.45
ERR4810970,resistant,katG,CAA,0.48
ERR4810970,resistant,katG,CAC,1.67
ERR4810970,resistant,katG,CCA,0.32
ERR4810970,resistant,katG,ATT,0.6
ERR4810970,resistant,katG,ACA,0.19
ERR4810970,resistant,katG,GAA,0.55
ERR4810970,resistant,katG,ACC,2.42
ERR4810970,resistant,katG,GGA,0.25
ERR4810970,resistant,katG,GCC,1.77
ERR4810970,resistant,katG,GCT,0.47
ERR4810970,resistant,katG,AGC,1.89
ERR4810970,resistant,katG,AAC,1.93
ERR4810970,resistant,katG,GGC,2.38
ERR4810970,resistant,katG,TGT,1.33
ERR4810970,resistant,katG,GTC,2.0
ERR4810970,resistant,katG,GGT,0.71
ERR4810970,resistant,katG,CAT,0.33
ERR4810970,resistant,katG,ATG,1.0
ERR4810970,resistant,katG,AAA,0.23
ERR4810970,resistant,katG,TAC,1.52
ERR4810970,resistant,katG,CAG,1.52
ERR4810970,resistant,katG,GAC,1.52
ERR4810970,resistant,katG,TGG,1.0
ERR4810970,resistant,katG,CGG,1.89
ERR4810970,resistant,katG,CTC,1.33
ERR4810970,resistant,katG,AAT,0.07
ERR4810970,resistant,katG,CTG,3.43
ERR4810970,resistant,katG,AAG,1.77
ERR4810970,resistant,katG,GTA,0.23
ERR4810970,resistant,katG,CCG,2.0
ERR4810970,resistant,katG,GCG,1.4
ERR4810970,resistant,katG,TTC,1.77
ERR4810970,resistant,katG,TAT,0.48
ERR4810970,resistant,katG,ATC,2.28
ERR4810970,resistant,katG,GTT,0.31
ERR4810970,resistant,katG,ACG,1.12
ERR4810970,resistant,katG,TCG,1.89
ERR4810970,resistant,katG,GGG,0.66
ERR4810970,resistant,katG,TTT,0.23
ERR4810970,resistant,katG,CGC,2.91
ERR4810970,resistant,katG,CTT,0.48
ERR4810970,resistant,katG,TTG,0.57
ERR4810970,resistant,katG,TCA,0.69
ERR4810970,resistant,katG,TGC,0.67
ERR4810970,resistant,katG,GAT,0.48
ERR4810970,resistant,katG,CGT,0.51
ERR4810970,resistant,katG,ACT,0.28
ERR4810970,resistant,katG,AGT,0.51
ERR4810970,resistant,katG,CCT,0.24
ERR4810970,resistant,katG,TCC,1.03
ERR4810970,resistant,katG,CGA,0.34
ERR4810970,resistant,katG,AGA,0.17
ERR4810970,resistant,katG,GCA,0.36
ERR4810970,resistant,katG,CTA,0.1
ERR4810970,resistant,katG,ATA,0.12
ERR4810970,resistant,katG,TTA,0.1
ERR4810970,resistant,katG,AGG,0.17
ERR4810970,resistant,gyrA,ATG,1.0
ERR4810970,resistant,gyrA,ACA,0.26
ERR4810970,resistant,gyrA,GAC,1.68
ERR4810970,resistant,gyrA,ACG,0.77
ERR4810970,resistant,gyrA,TTG,0.91
ERR4810970,resistant,gyrA,CCG,2.34
ERR4810970,resistant,gyrA,CCT,0.28
ERR4810970,resistant,gyrA,TCG,2.31
ERR4810970,resistant,gyrA,CTC,0.53
ERR4810970,resistant,gyrA,CGG,1.95
ERR4810970,resistant,gyrA,ATC,2.56
ERR4810970,resistant,gyrA,GAA,0.65
ERR4810970,resistant,gyrA,GTT,0.7
ERR4810970,resistant,gyrA,CAG,1.88
ERR4810970,resistant,gyrA,GAG,1.35
ERR4810970,resistant,gyrA,CGC,2.92
ERR4810970,resistant,gyrA,AGC,1.38
ERR4810970,resistant,gyrA,TAC,1.28
ERR4810970,resistant,gyrA,TAT,0.72
ERR4810970,resistant,gyrA,GCG,1.45
ERR4810970,resistant,gyrA,GTG,1.74
ERR4810970,resistant,gyrA,GTC,1.45
ERR4810970,resistant,gyrA,GGC,2.29
ERR4810970,resistant,gyrA,CTG,4.18
ERR4810970,resistant,gyrA,GGG,0.63
ERR4810970,resistant,gyrA,AAG,1.28
ERR4810970,resistant,gyrA,CCC,0.97
ERR4810970,resistant,gyrA,CAT,0.14
ERR4810970,resistant,gyrA,GCA,0.43
ERR4810970,resistant,gyrA,TTC,1.88
ERR4810970,resistant,gyrA,GAT,0.32
ERR4810970,resistant,gyrA,TCC,1.69
ERR4810970,resistant,gyrA,CAC,1.86
ERR4810970,resistant,gyrA,GCC,2.07
ERR4810970,resistant,gyrA,ACC,2.55
ERR4810970,resistant,gyrA,AAC,1.38
ERR4810970,resistant,gyrA,TGG,1.0
ERR4810970,resistant,gyrA,CCA,0.41
ERR4810970,resistant,gyrA,AAT,0.62
ERR4810970,resistant,gyrA,AGG,0.38
ERR4810970,resistant,gyrA,CAA,0.12
ERR4810970,resistant,gyrA,CTA,0.15
ERR4810970,resistant,gyrA,TCA,0.31
ERR4810970,resistant,gyrA,CGT,0.53
ERR4810970,resistant,gyrA,AAA,0.72
ERR4810970,resistant,gyrA,GGA,0.51
ERR4810970,resistant,gyrA,GCT,0.05
ERR4810970,resistant,gyrA,ACT,0.43
ERR4810970,resistant,gyrA,ATT,0.44
ERR4810970,resistant,gyrA,CGA,0.23
ERR4810970,resistant,gyrA,GTA,0.12
ERR4810970,resistant,gyrA,GGT,0.57
ERR4810970,resistant,gyrA,TCT,0.15
ERR4810970,resistant,gyrA,TTA,0.15
ERR4810970,resistant,gyrA,CTT,0.08
ERR4810970,resistant,gyrA,TTT,0.12
ERR4810970,resistant,gyrA,TGC,1.0
ERR4810970,resistant,gyrA,TGT,1.0
ERR4810970,resistant,gyrA,AGT,0.15
ERR4810981,resistant,rpoB,TTG,0.8
ERR4810981,resistant,rpoB,GCA,0.24
ERR4810981,resistant,rpoB,GAT,0.22
ERR4810981,resistant,rpoB,TCC,1.46
ERR4810981,resistant,rpoB,CGC,3.18
ERR4810981,resistant,rpoB,CAG,1.76
ERR4810981,resistant,rpoB,AGC,1.03
ERR4810981,resistant,rpoB,AAA,0.24
ERR4810981,resistant,rpoB,ACA,0.13
ERR4810981,resistant,rpoB,GCC,2.22
ERR4810981,resistant,rpoB,GCT,0.24
ERR4810981,resistant,rpoB,AGT,0.6
ERR4810981,resistant,rpoB,CCT,0.18
ERR4810981,resistant,rpoB,CCG,2.65
ERR4810981,resistant,rpoB,CAA,0.24
ERR4810981,resistant,rpoB,TCG,2.49
ERR4810981,resistant,rpoB,AAT,0.15
ERR4810981,resistant,rpoB,AAC,1.85
ERR4810981,resistant,rpoB,GTA,0.04
ERR4810981,resistant,rpoB,CCC,0.92
ERR4810981,resistant,rpoB,GGA,0.12
ERR4810981,resistant,rpoB,GCG,1.3
ERR4810981,resistant,rpoB,CCA,0.25
ERR4810981,resistant,rpoB,CGG,1.66
ERR4810981,resistant,rpoB,GTC,1.69
ERR4810981,resistant,rpoB,TTC,1.82
ERR4810981,resistant,rpoB,AAG,1.76
ERR4810981,resistant,rpoB,CTG,4.14
ERR4810981,resistant,rpoB,GAA,0.37
ERR4810981,resistant,rpoB,CTT,0.25
ERR4810981,resistant,rpoB,GAG,1.63
ERR4810981,resistant,rpoB,GTT,0.25
ERR4810981,resistant,rpoB,CTC,0.74
ERR4810981,resistant,rpoB,GAC,1.78
ERR4810981,resistant,rpoB,ACC,2.6
ERR4810981,resistant,rpoB,TGG,1.0
ERR4810981,resistant,rpoB,ATC,2.63
ERR4810981,resistant,rpoB,GGT,1.08
ERR4810981,resistant,rpoB,GTG,2.02
ERR4810981,resistant,rpoB,GGC,2.08
ERR4810981,resistant,rpoB,TAC,1.75
ERR4810981,resistant,rpoB,TCT,0.26
ERR4810981,resistant,rpoB,GGG,0.71
ERR4810981,resistant,rpoB,ATG,1.0
ERR4810981,resistant,rpoB,CGT,0.8
ERR4810981,resistant,rpoB,TGC,1.56
ERR4810981,resistant,rpoB,ACG,1.02
ERR4810981,resistant,rpoB,ATT,0.37
ERR4810981,resistant,rpoB,CAC,1.82
ERR4810981,resistant,rpoB,TTT,0.18
ERR4810981,resistant,rpoB,CGA,0.29
ERR4810981,resistant,rpoB,TCA,0.17
ERR4810981,resistant,rpoB,TAT,0.25
ERR4810981,resistant,rpoB,CAT,0.18
ERR4810981,resistant,rpoB,ACT,0.25
ERR4810981,resistant,rpoB,TGT,0.44
ERR4810981,resistant,rpoB,AGG,0.07
ERR4810981,resistant,rpoB,CTA,0.06
ERR4810981,resistant,gyrA,ATG,1.0
ERR4810981,resistant,gyrA,ACA,0.26
ERR4810981,resistant,gyrA,GAC,1.68
ERR4810981,resistant,gyrA,ACG,0.77
ERR4810981,resistant,gyrA,TTG,0.91
ERR4810981,resistant,gyrA,CCG,2.34
ERR4810981,resistant,gyrA,CCT,0.28
ERR4810981,resistant,gyrA,TCG,2.31
ERR4810981,resistant,gyrA,CTC,0.53
ERR4810981,resistant,gyrA,CGG,1.95
ERR4810981,resistant,gyrA,ATC,2.56
ERR4810981,resistant,gyrA,GAA,0.65
ERR4810981,resistant,gyrA,GTT,0.7
ERR4810981,resistant,gyrA,CAG,1.88
ERR4810981,resistant,gyrA,GAG,1.35
ERR4810981,resistant,gyrA,CGC,2.92
ERR4810981,resistant,gyrA,AGC,1.38
ERR4810981,resistant,gyrA,TAC,1.28
ERR4810981,resistant,gyrA,TAT,0.72
ERR4810981,resistant,gyrA,GCG,1.45
ERR4810981,resistant,gyrA,GTG,1.74
ERR4810981,resistant,gyrA,GTC,1.45
ERR4810981,resistant,gyrA,GGC,2.26
ERR4810981,resistant,gyrA,CTG,4.18
ERR4810981,resistant,gyrA,GGG,0.64
ERR4810981,resistant,gyrA,AAG,1.28
ERR4810981,resistant,gyrA,CCC,0.97
ERR4810981,resistant,gyrA,CAT,0.14
ERR4810981,resistant,gyrA,GCA,0.43
ERR4810981,resistant,gyrA,TTC,1.88
ERR4810981,resistant,gyrA,GAT,0.32
ERR4810981,resistant,gyrA,TCC,1.69
ERR4810981,resistant,gyrA,CAC,1.86
ERR4810981,resistant,gyrA,GCC,2.07
ERR4810981,resistant,gyrA,ACC,2.55
ERR4810981,resistant,gyrA,AAC,1.4
ERR4810981,resistant,gyrA,TGG,1.0
ERR4810981,resistant,gyrA,CCA,0.41
ERR4810981,resistant,gyrA,AAT,0.6
ERR4810981,resistant,gyrA,AGG,0.38
ERR4810981,resistant,gyrA,CAA,0.12
ERR4810981,resistant,gyrA,CTA,0.15
ERR4810981,resistant,gyrA,TCA,0.31
ERR4810981,resistant,gyrA,CGT,0.53
ERR4810981,resistant,gyrA,AAA,0.72
ERR4810981,resistant,gyrA,GGA,0.52
ERR4810981,resistant,gyrA,GCT,0.05
ERR4810981,resistant,gyrA,ACT,0.43
ERR4810981,resistant,gyrA,ATT,0.44
ERR4810981,resistant,gyrA,CGA,0.23
ERR4810981,resistant,gyrA,GTA,0.12
ERR4810981,resistant,gyrA,GGT,0.58
ERR4810981,resistant,gyrA,TCT,0.15
ERR4810981,resistant,gyrA,TTA,0.15
ERR4810981,resistant,gyrA,CTT,0.08
ERR4810981,resistant,gyrA,TTT,0.12
ERR4810981,resistant,gyrA,TGC,1.0
ERR4810981,resistant,gyrA,TGT,1.0
ERR4810981,resistant,gyrA,AGT,0.15
ERR4810991,resistant,rpoB,TTG,0.86
ERR4810991,resistant,rpoB,GCA,0.24
ERR4810991,resistant,rpoB,GAT,0.21
ERR4810991,resistant,rpoB,TCC,1.54
ERR4810991,resistant,rpoB,CGC,3.18
ERR4810991,resistant,rpoB,CAG,1.76
ERR4810991,resistant,rpoB,AGC,1.03
ERR4810991,resistant,rpoB,AAA,0.24
ERR4810991,resistant,rpoB,ACA,0.13
ERR4810991,resistant,rpoB,GCC,2.22
ERR4810991,resistant,rpoB,GCT,0.24
ERR4810991,resistant,rpoB,AGT,0.6
ERR4810991,resistant,rpoB,CCT,0.18
ERR4810991,resistant,rpoB,CCG,2.65
ERR4810991,resistant,rpoB,CAA,0.24
ERR4810991,resistant,rpoB,TCG,2.4
ERR4810991,resistant,rpoB,AAT,0.15
ERR4810991,resistant,rpoB,AAC,1.85
ERR4810991,resistant,rpoB,GTA,0.04
ERR4810991,resistant,rpoB,CCC,0.92
ERR4810991,resistant,rpoB,GGA,0.12
ERR4810991,resistant,rpoB,GCG,1.3
ERR4810991,resistant,rpoB,CCA,0.25
ERR4810991,resistant,rpoB,CGG,1.66
ERR4810991,resistant,rpoB,GTC,1.69
ERR4810991,resistant,rpoB,TTC,1.82
ERR4810991,resistant,rpoB,AAG,1.76
ERR4810991,resistant,rpoB,CTG,4.1
ERR4810991,resistant,rpoB,GAA,0.37
ERR4810991,resistant,rpoB,CTT,0.24
ERR4810991,resistant,rpoB,GAG,1.63
ERR4810991,resistant,rpoB,GTT,0.25
ERR4810991,resistant,rpoB,CTC,0.73
ERR4810991,resistant,rpoB,GAC,1.79
ERR4810991,resistant,rpoB,ACC,2.6
ERR4810991,resistant,rpoB,TGG,1.0
ERR4810991,resistant,rpoB,ATC,2.63
ERR4810991,resistant,rpoB,GGT,1.08
ERR4810991,resistant,rpoB,GTG,2.02
ERR4810991,resistant,rpoB,GGC,2.08
ERR4810991,resistant,rpoB,TAC,1.75
ERR4810991,resistant,rpoB,TCT,0.26
ERR4810991,resistant,rpoB,GGG,0.71
ERR4810991,resistant,rpoB,ATG,1.0
ERR4810991,resistant,rpoB,CGT,0.8
ERR4810991,resistant,rpoB,TGC,1.56
ERR4810991,resistant,rpoB,ACG,1.02
ERR4810991,resistant,rpoB,ATT,0.37
ERR4810991,resistant,rpoB,CAC,1.82
ERR4810991,resistant,rpoB,TTT,0.18
ERR4810991,resistant,rpoB,CGA,0.29
ERR4810991,resistant,rpoB,TCA,0.17
ERR4810991,resistant,rpoB,TAT,0.25
ERR4810991,resistant,rpoB,CAT,0.18
ERR4810991,resistant,rpoB,ACT,0.25
ERR4810991,resistant,rpoB,TGT,0.44
ERR4810991,resistant,rpoB,AGG,0.07
ERR4810991,resistant,rpoB,CTA,0.06
ERR4810991,resistant,katG,GTG,1.46
ERR4810991,resistant,katG,CCC,1.44
ERR4810991,resistant,katG,GAG,1.45
ERR4810991,resistant,katG,CAA,0.48
ERR4810991,resistant,katG,CAC,1.67
ERR4810991,resistant,katG,CCA,0.32
ERR4810991,resistant,katG,ATT,0.6
ERR4810991,resistant,katG,ACA,0.19
ERR4810991,resistant,katG,GAA,0.55
ERR4810991,resistant,katG,ACC,2.38
ERR4810991,resistant,katG,GGA,0.25
ERR4810991,resistant,katG,GCC,1.77
ERR4810991,resistant,katG,GCT,0.47
ERR4810991,resistant,katG,AGC,2.0
ERR4810991,resistant,katG,AAC,1.93
ERR4810991,resistant,katG,GGC,2.38
ERR4810991,resistant,katG,TGT,1.33
ERR4810991,resistant,katG,GTC,2.0
ERR4810991,resistant,katG,GGT,0.71
ERR4810991,resistant,katG,CAT,0.33
ERR4810991,resistant,katG,ATG,1.0
ERR4810991,resistant,katG,AAA,0.23
ERR4810991,resistant,katG,TAC,1.52
ERR4810991,resistant,katG,CAG,1.52
ERR4810991,resistant,katG,GAC,1.52
ERR4810991,resistant,katG,TGG,1.0
ERR4810991,resistant,katG,CGG,2.0
ERR4810991,resistant,katG,CTC,1.35
ERR4810991,resistant,katG,AAT,0.07
ERR4810991,resistant,katG,CTG,3.39
ERR4810991,resistant,katG,AAG,1.77
ERR4810991,resistant,katG,GTA,0.23
ERR4810991,resistant,katG,CCG,2.0
ERR4810991,resistant,katG,GCG,1.4
ERR4810991,resistant,katG,TTC,1.77
ERR4810991,resistant,katG,TAT,0.48
ERR4810991,resistant,katG,ATC,2.28
ERR4810991,resistant,katG,GTT,0.31
ERR4810991,resistant,katG,ACG,1.14
ERR4810991,resistant,katG,TCG,1.83
ERR4810991,resistant,katG,GGG,0.66
ERR4810991,resistant,katG,TTT,0.23
ERR4810991,resistant,katG,CGC,2.83
ERR4810991,resistant,katG,CTT,0.48
ERR4810991,resistant,katG,TTG,0.58
ERR4810991,resistant,katG,TCA,0.67
ERR4810991,resistant,katG,TGC,0.67
ERR4810991,resistant,katG,GAT,0.48
ERR4810991,resistant,katG,CGT,0.5
ERR4810991,resistant,katG,ACT,0.29
ERR4810991,resistant,katG,AGT,0.5
ERR4810991,resistant,katG,CCT,0.24
ERR4810991,resistant,katG,TCC,1.0
ERR4810991,resistant,katG,CGA,0.33
ERR4810991,resistant,katG,AGA,0.17
ERR4810991,resistant,katG,GCA,0.36
ERR4810991,resistant,katG,CTA,0.1
ERR4810991,resistant,katG,ATA,0.12
ERR4810991,resistant,katG,TTA,0.1
ERR4810991,resistant,katG,AGG,0.17
ERR4810991,resistant,gyrA,ATG,1.0
ERR4810991,resistant,gyrA,ACA,0.26
ERR4810991,resistant,gyrA,GAC,1.68
ERR4810991,resistant,gyrA,ACG,0.77
ERR4810991,resistant,gyrA,TTG,0.91
ERR4810991,resistant,gyrA,CCG,2.34
ERR4810991,resistant,gyrA,CCT,0.28
ERR4810991,resistant,gyrA,TCG,2.31
ERR4810991,resistant,gyrA,CTC,0.53
ERR4810991,resistant,gyrA,CGG,1.95
ERR4810991,resistant,gyrA,ATC,2.56
ERR4810991,resistant,gyrA,GAA,0.65
ERR4810991,resistant,gyrA,GTT,0.7
ERR4810991,resistant,gyrA,CAG,1.88
ERR4810991,resistant,gyrA,GAG,1.35
ERR4810991,resistant,gyrA,CGC,2.92
ERR4810991,resistant,gyrA,AGC,1.38
ERR4810991,resistant,gyrA,TAC,1.28
ERR4810991,resistant,gyrA,TAT,0.72
ERR4810991,resistant,gyrA,GCG,1.45
ERR4810991,resistant,gyrA,GTG,1.74
ERR4810991,resistant,gyrA,GTC,1.45
ERR4810991,resistant,gyrA,GGC,2.26
ERR4810991,resistant,gyrA,CTG,4.18
ERR4810991,resistant,gyrA,GGG,0.64
ERR4810991,resistant,gyrA,AAG,1.28
ERR4810991,resistant,gyrA,CCC,0.97
ERR4810991,resistant,gyrA,CAT,0.14
ERR4810991,resistant,gyrA,GCA,0.43
ERR4810991,resistant,gyrA,TTC,1.88
ERR4810991,resistant,gyrA,GAT,0.32
ERR4810991,resistant,gyrA,TCC,1.69
ERR4810991,resistant,gyrA,CAC,1.86
ERR4810991,resistant,gyrA,GCC,2.07
ERR4810991,resistant,gyrA,ACC,2.55
ERR4810991,resistant,gyrA,AAC,1.38
ERR4810991,resistant,gyrA,TGG,1.0
ERR4810991,resistant,gyrA,CCA,0.41
ERR4810991,resistant,gyrA,AAT,0.62
ERR4810991,resistant,gyrA,AGG,0.38
ERR4810991,resistant,gyrA,CAA,0.12
ERR4810991,resistant,gyrA,CTA,0.15
ERR4810991,resistant,gyrA,TCA,0.31
ERR4810991,resistant,gyrA,CGT,0.53
ERR4810991,resistant,gyrA,AAA,0.72
ERR4810991,resistant,gyrA,GGA,0.52
ERR4810991,resistant,gyrA,GCT,0.05
ERR4810991,resistant,gyrA,ACT,0.43
ERR4810991,resistant,gyrA,ATT,0.44
ERR4810991,resistant,gyrA,CGA,0.23
ERR4810991,resistant,gyrA,GTA,0.12
ERR4810991,resistant,gyrA,GGT,0.58
ERR4810991,resistant,gyrA,TCT,0.15
ERR4810991,resistant,gyrA,TTA,0.15
ERR4810991,resistant,gyrA,CTT,0.08
ERR4810991,resistant,gyrA,TTT,0.12
ERR4810991,resistant,gyrA,TGC,1.0
ERR4810991,resistant,gyrA,TGT,1.0
ERR4810991,resistant,gyrA,AGT,0.15
ERR4811045,resistant,rpoB,TTG,0.81
ERR4811045,resistant,rpoB,GCA,0.24
ERR4811045,resistant,rpoB,GAT,0.21
ERR4811045,resistant,rpoB,TCC,1.52
ERR4811045,resistant,rpoB,CGC,3.14
ERR4811045,resistant,rpoB,CAG,1.76
ERR4811045,resistant,rpoB,AGC,1.01
ERR4811045,resistant,rpoB,AAA,0.24
ERR4811045,resistant,rpoB,ACA,0.13
ERR4811045,resistant,rpoB,GCC,2.22
ERR4811045,resistant,rpoB,GCT,0.24
ERR4811045,resistant,rpoB,AGT,0.59
ERR4811045,resistant,rpoB,CCT,0.18
ERR4811045,resistant,rpoB,CCG,2.65
ERR4811045,resistant,rpoB,CAA,0.24
ERR4811045,resistant,rpoB,TCG,2.45
ERR4811045,resistant,rpoB,AAT,0.15
ERR4811045,resistant,rpoB,AAC,1.85
ERR4811045,resistant,rpoB,GTA,0.04
ERR4811045,resistant,rpoB,CCC,0.92
ERR4811045,resistant,rpoB,GGA,0.12
ERR4811045,resistant,rpoB,GCG,1.3
ERR4811045,resistant,rpoB,CCA,0.25
ERR4811045,resistant,rpoB,CGG,1.71
ERR4811045,resistant,rpoB,GTC,1.69
ERR4811045,resistant,rpoB,TTC,1.82
ERR4811045,resistant,rpoB,AAG,1.76
ERR4811045,resistant,rpoB,CTG,4.12
ERR4811045,resistant,rpoB,GAA,0.37
ERR4811045,resistant,rpoB,CTT,0.25
ERR4811045,resistant,rpoB,GAG,1.63
ERR4811045,resistant,rpoB,GTT,0.25
ERR4811045,resistant,rpoB,CTC,0.75
ERR4811045,resistant,rpoB,GAC,1.79
ERR4811045,resistant,rpoB,ACC,2.6
ERR4811045,resistant,rpoB,TGG,1.0
ERR4811045,resistant,rpoB,ATC,2.63
ERR4811045,resistant,rpoB,GGT,1.08
ERR4811045,resistant,rpoB,GTG,2.02
ERR4811045,resistant,rpoB,GGC,2.08
ERR4811045,resistant,rpoB,TAC,1.76
ERR4811045,resistant,rpoB,TCT,0.25
ERR4811045,resistant,rpoB,GGG,0.71
ERR4811045,resistant,rpoB,ATG,1.0
ERR4811045,resistant,rpoB,CGT,0.79
ERR4811045,resistant,rpoB,TGC,1.56
ERR4811045,resistant,rpoB,ACG,1.02
ERR4811045,resistant,rpoB,ATT,0.37
ERR4811045,resistant,rpoB,CAC,1.81
ERR4811045,resistant,rpoB,TTT,0.18
ERR4811045,resistant,rpoB,CGA,0.29
ERR4811045,resistant,rpoB,TCA,0.17
ERR4811045,resistant,rpoB,TAT,0.24
ERR4811045,resistant,rpoB,CAT,0.19
ERR4811045,resistant,rpoB,ACT,0.25
ERR4811045,resistant,rpoB,TGT,0.44
ERR4811045,resistant,rpoB,AGG,0.07
ERR4811045,resistant,rpoB,CTA,0.06
ERR4811045,resistant,katG,GTG,1.46
ERR4811045,resistant,katG,CCC,1.44
ERR4811045,resistant,katG,GAG,1.45
ERR4811045,resistant,katG,CAA,0.48
ERR4811045,resistant,katG,CAC,1.67
ERR4811045,resistant,katG,CCA,0.32
ERR4811045,resistant,katG,ATT,0.6
ERR4811045,resistant,katG,ACA,0.19
ERR4811045,resistant,katG,GAA,0.55
ERR4811045,resistant,katG,ACC,2.42
ERR4811045,resistant,katG,GGA,0.25
ERR4811045,resistant,katG,GCC,1.77
ERR4811045,resistant,katG,GCT,0.47
ERR4811045,resistant,katG,AGC,1.89
ERR4811045,resistant,katG,AAC,1.93
ERR4811045,resistant,katG,GGC,2.38
ERR4811045,resistant,katG,TGT,1.33
ERR4811045,resistant,katG,GTC,2.0
ERR4811045,resistant,katG,GGT,0.71
ERR4811045,resistant,katG,CAT,0.33
ERR4811045,resistant,katG,ATG,1.0
ERR4811045,resistant,katG,AAA,0.23
ERR4811045,resistant,katG,TAC,1.52
ERR4811045,resistant,katG,CAG,1.52
ERR4811045,resistant,katG,GAC,1.52
ERR4811045,resistant,katG,TGG,1.0
ERR4811045,resistant,katG,CGG,1.89
ERR4811045,resistant,katG,CTC,1.33
ERR4811045,resistant,katG,AAT,0.07
ERR4811045,resistant,katG,CTG,3.43
ERR4811045,resistant,katG,AAG,1.77
ERR4811045,resistant,katG,GTA,0.23
ERR4811045,resistant,katG,CCG,2.0
ERR4811045,resistant,katG,GCG,1.4
ERR4811045,resistant,katG,TTC,1.77
ERR4811045,resistant,katG,TAT,0.48
ERR4811045,resistant,katG,ATC,2.28
ERR4811045,resistant,katG,GTT,0.31
ERR4811045,resistant,katG,ACG,1.12
ERR4811045,resistant,katG,TCG,1.89
ERR4811045,resistant,katG,GGG,0.66
ERR4811045,resistant,katG,TTT,0.23
ERR4811045,resistant,katG,CGC,2.91
ERR4811045,resistant,katG,CTT,0.48
ERR4811045,resistant,katG,TTG,0.57
ERR4811045,resistant,katG,TCA,0.69
ERR4811045,resistant,katG,TGC,0.67
ERR4811045,resistant,katG,GAT,0.48
ERR4811045,resistant,katG,CGT,0.51
ERR4811045,resistant,katG,ACT,0.28
ERR4811045,resistant,katG,AGT,0.51
ERR4811045,resistant,katG,CCT,0.24
ERR4811045,resistant,katG,TCC,1.03
ERR4811045,resistant,katG,CGA,0.34
ERR4811045,resistant,katG,AGA,0.17
ERR4811045,resistant,katG,GCA,0.36
ERR4811045,resistant,katG,CTA,0.1
ERR4811045,resistant,katG,ATA,0.12
ERR4811045,resistant,katG,TTA,0.1
ERR4811045,resistant,katG,AGG,0.17
ERR4811045,resistant,gyrA,ATG,1.0
ERR4811045,resistant,gyrA,ACA,0.26
ERR4811045,resistant,gyrA,GAC,1.68
ERR4811045,resistant,gyrA,ACG,0.77
ERR4811045,resistant,gyrA,TTG,0.91
ERR4811045,resistant,gyrA,CCG,2.34
ERR4811045,resistant,gyrA,CCT,0.28
ERR4811045,resistant,gyrA,TCG,2.31
ERR4811045,resistant,gyrA,CTC,0.53
ERR4811045,resistant,gyrA,CGG,1.95
ERR4811045,resistant,gyrA,ATC,2.56
ERR4811045,resistant,gyrA,GAA,0.65
ERR4811045,resistant,gyrA,GTT,0.7
ERR4811045,resistant,gyrA,CAG,1.88
ERR4811045,resistant,gyrA,GAG,1.35
ERR4811045,resistant,gyrA,CGC,2.92
ERR4811045,resistant,gyrA,AGC,1.38
ERR4811045,resistant,gyrA,TAC,1.28
ERR4811045,resistant,gyrA,TAT,0.72
ERR4811045,resistant,gyrA,GCG,1.45
ERR4811045,resistant,gyrA,GTG,1.74
ERR4811045,resistant,gyrA,GTC,1.45
ERR4811045,resistant,gyrA,GGC,2.26
ERR4811045,resistant,gyrA,CTG,4.18
ERR4811045,resistant,gyrA,GGG,0.64
ERR4811045,resistant,gyrA,AAG,1.28
ERR4811045,resistant,gyrA,CCC,0.97
ERR4811045,resistant,gyrA,CAT,0.14
ERR4811045,resistant,gyrA,GCA,0.43
ERR4811045,resistant,gyrA,TTC,1.88
ERR4811045,resistant,gyrA,GAT,0.32
ERR4811045,resistant,gyrA,TCC,1.69
ERR4811045,resistant,gyrA,CAC,1.86
ERR4811045,resistant,gyrA,GCC,2.07
ERR4811045,resistant,gyrA,ACC,2.55
ERR4811045,resistant,gyrA,AAC,1.38
ERR4811045,resistant,gyrA,TGG,1.0
ERR4811045,resistant,gyrA,CCA,0.41
ERR4811045,resistant,gyrA,AAT,0.62
ERR4811045,resistant,gyrA,AGG,0.38
ERR4811045,resistant,gyrA,CAA,0.12
ERR4811045,resistant,gyrA,CTA,0.15
ERR4811045,resistant,gyrA,TCA,0.31
ERR4811045,resistant,gyrA,CGT,0.53
ERR4811045,resistant,gyrA,AAA,0.72
ERR4811045,resistant,gyrA,GGA,0.52
ERR4811045,resistant,gyrA,GCT,0.05
ERR4811045,resistant,gyrA,ACT,0.43
ERR4811045,resistant,gyrA,ATT,0.44
ERR4811045,resistant,gyrA,CGA,0.23
ERR4811045,resistant,gyrA,GTA,0.12
ERR4811045,resistant,gyrA,GGT,0.58
ERR4811045,resistant,gyrA,TCT,0.15
ERR4811045,resistant,gyrA,TTA,0.15
ERR4811045,resistant,gyrA,CTT,0.08
ERR4811045,resistant,gyrA,TTT,0.12
ERR4811045,resistant,gyrA,TGC,1.0
ERR4811045,resistant,gyrA,TGT,1.0
ERR4811045,resistant,gyrA,AGT,0.15
ERR4811047,sensitive,rpoB,TTG,0.8
ERR4811047,sensitive,rpoB,GCA,0.24
ERR4811047,sensitive,rpoB,GAT,0.21
ERR4811047,sensitive,rpoB,TCC,1.52
ERR4811047,sensitive,rpoB,CGC,3.18
ERR4811047,sensitive,rpoB,CAG,1.76
ERR4811047,sensitive,rpoB,AGC,1.01
ERR4811047,sensitive,rpoB,AAA,0.24
ERR4811047,sensitive,rpoB,ACA,0.13
ERR4811047,sensitive,rpoB,GCC,2.17
ERR4811047,sensitive,rpoB,GCT,0.29
ERR4811047,sensitive,rpoB,AGT,0.59
ERR4811047,sensitive,rpoB,CCT,0.18
ERR4811047,sensitive,rpoB,CCG,2.65
ERR4811047,sensitive,rpoB,CAA,0.24
ERR4811047,sensitive,rpoB,TCG,2.45
ERR4811047,sensitive,rpoB,AAT,0.15
ERR4811047,sensitive,rpoB,AAC,1.85
ERR4811047,sensitive,rpoB,GTA,0.04
ERR4811047,sensitive,rpoB,CCC,0.92
ERR4811047,sensitive,rpoB,GGA,0.12
ERR4811047,sensitive,rpoB,GCG,1.3
ERR4811047,sensitive,rpoB,CCA,0.25
ERR4811047,sensitive,rpoB,CGG,1.66
ERR4811047,sensitive,rpoB,GTC,1.69
ERR4811047,sensitive,rpoB,TTC,1.82
ERR4811047,sensitive,rpoB,AAG,1.76
ERR4811047,sensitive,rpoB,CTG,4.14
ERR4811047,sensitive,rpoB,GAA,0.37
ERR4811047,sensitive,rpoB,CTT,0.31
ERR4811047,sensitive,rpoB,GAG,1.63
ERR4811047,sensitive,rpoB,GTT,0.25
ERR4811047,sensitive,rpoB,CTC,0.68
ERR4811047,sensitive,rpoB,GAC,1.79
ERR4811047,sensitive,rpoB,ACC,2.6
ERR4811047,sensitive,rpoB,TGG,1.0
ERR4811047,sensitive,rpoB,ATC,2.63
ERR4811047,sensitive,rpoB,GGT,1.08
ERR4811047,sensitive,rpoB,GTG,2.02
ERR4811047,sensitive,rpoB,GGC,2.08
ERR4811047,sensitive,rpoB,TAC,1.75
ERR4811047,sensitive,rpoB,TCT,0.25
ERR4811047,sensitive,rpoB,GGG,0.71
ERR4811047,sensitive,rpoB,ATG,1.0
ERR4811047,sensitive,rpoB,CGT,0.8
ERR4811047,sensitive,rpoB,TGC,1.56
ERR4811047,sensitive,rpoB,ACG,1.02
ERR4811047,sensitive,rpoB,ATT,0.37
ERR4811047,sensitive,rpoB,CAC,1.82
ERR4811047,sensitive,rpoB,TTT,0.18
ERR4811047,sensitive,rpoB,CGA,0.29
ERR4811047,sensitive,rpoB,TCA,0.17
ERR4811047,sensitive,rpoB,TAT,0.25
ERR4811047,sensitive,rpoB,CAT,0.18
ERR4811047,sensitive,rpoB,ACT,0.25
ERR4811047,sensitive,rpoB,TGT,0.44
ERR4811047,sensitive,rpoB,AGG,0.07
ERR4811047,sensitive,rpoB,CTA,0.06
ERR4811047,sensitive,katG,GTG,1.46
ERR4811047,sensitive,katG,CCC,1.44
ERR4811047,sensitive,katG,GAG,1.45
ERR4811047,sensitive,katG,CAA,0.48
ERR4811047,sensitive,katG,CAC,1.67
ERR4811047,sensitive,katG,CCA,0.32
ERR4811047,sensitive,katG,ATT,0.6
ERR4811047,sensitive,katG,ACA,0.19
ERR4811047,sensitive,katG,GAA,0.55
ERR4811047,sensitive,katG,ACC,2.38
ERR4811047,sensitive,katG,GGA,0.25
ERR4811047,sensitive,katG,GCC,1.77
ERR4811047,sensitive,katG,GCT,0.47
ERR4811047,sensitive,katG,AGC,2.0
ERR4811047,sensitive,katG,AAC,1.93
ERR4811047,sensitive,katG,GGC,2.38
ERR4811047,sensitive,katG,TGT,1.33
ERR4811047,sensitive,katG,GTC,2.0
ERR4811047,sensitive,katG,GGT,0.71
ERR4811047,sensitive,katG,CAT,0.33
ERR4811047,sensitive,katG,ATG,1.0
ERR4811047,sensitive,katG,AAA,0.23
ERR4811047,sensitive,katG,TAC,1.52
ERR4811047,sensitive,katG,CAG,1.52
ERR4811047,sensitive,katG,GAC,1.52
ERR4811047,sensitive,katG,TGG,1.0
ERR4811047,sensitive,katG,CGG,2.0
ERR4811047,sensitive,katG,CTC,1.35
ERR4811047,sensitive,katG,AAT,0.07
ERR4811047,sensitive,katG,CTG,3.39
ERR4811047,sensitive,katG,AAG,1.77
ERR4811047,sensitive,katG,GTA,0.23
ERR4811047,sensitive,katG,CCG,2.0
ERR4811047,sensitive,katG,GCG,1.4
ERR4811047,sensitive,katG,TTC,1.77
ERR4811047,sensitive,katG,TAT,0.48
ERR4811047,sensitive,katG,ATC,2.28
ERR4811047,sensitive,katG,GTT,0.31
ERR4811047,sensitive,katG,ACG,1.14
ERR4811047,sensitive,katG,TCG,1.83
ERR4811047,sensitive,katG,GGG,0.66
ERR4811047,sensitive,katG,TTT,0.23
ERR4811047,sensitive,katG,CGC,2.83
ERR4811047,sensitive,katG,CTT,0.48
ERR4811047,sensitive,katG,TTG,0.58
ERR4811047,sensitive,katG,TCA,0.67
ERR4811047,sensitive,katG,TGC,0.67
ERR4811047,sensitive,katG,GAT,0.48
ERR4811047,sensitive,katG,CGT,0.5
ERR4811047,sensitive,katG,ACT,0.29
ERR4811047,sensitive,katG,AGT,0.5
ERR4811047,sensitive,katG,CCT,0.24
ERR4811047,sensitive,katG,TCC,1.0
ERR4811047,sensitive,katG,CGA,0.33
ERR4811047,sensitive,katG,AGA,0.17
ERR4811047,sensitive,katG,GCA,0.36
ERR4811047,sensitive,katG,CTA,0.1
ERR4811047,sensitive,katG,ATA,0.12
ERR4811047,sensitive,katG,TTA,0.1
ERR4811047,sensitive,katG,AGG,0.17
ERR4811047,sensitive,gyrA,ATG,1.0
ERR4811047,sensitive,gyrA,ACA,0.26
ERR4811047,sensitive,gyrA,GAC,1.68
ERR4811047,sensitive,gyrA,ACG,0.77
ERR4811047,sensitive,gyrA,TTG,0.91
ERR4811047,sensitive,gyrA,CCG,2.34
ERR4811047,sensitive,gyrA,CCT,0.28
ERR4811047,sensitive,gyrA,TCG,2.31
ERR4811047,sensitive,gyrA,CTC,0.53
ERR4811047,sensitive,gyrA,CGG,1.95
ERR4811047,sensitive,gyrA,ATC,2.56
ERR4811047,sensitive,gyrA,GAA,0.65
ERR4811047,sensitive,gyrA,GTT,0.7
ERR4811047,sensitive,gyrA,CAG,1.88
ERR4811047,sensitive,gyrA,GAG,1.35
ERR4811047,sensitive,gyrA,CGC,2.92
ERR4811047,sensitive,gyrA,AGC,1.38
ERR4811047,sensitive,gyrA,TAC,1.28
ERR4811047,sensitive,gyrA,TAT,0.72
ERR4811047,sensitive,gyrA,GCG,1.45
ERR4811047,sensitive,gyrA,GTG,1.74
ERR4811047,sensitive,gyrA,GTC,1.45
ERR4811047,sensitive,gyrA,GGC,2.26
ERR4811047,sensitive,gyrA,CTG,4.18
ERR4811047,sensitive,gyrA,GGG,0.64
ERR4811047,sensitive,gyrA,AAG,1.28
ERR4811047,sensitive,gyrA,CCC,0.97
ERR4811047,sensitive,gyrA,CAT,0.14
ERR4811047,sensitive,gyrA,GCA,0.43
ERR4811047,sensitive,gyrA,TTC,1.88
ERR4811047,sensitive,gyrA,GAT,0.32
ERR4811047,sensitive,gyrA,TCC,1.69
ERR4811047,sensitive,gyrA,CAC,1.86
ERR4811047,sensitive,gyrA,GCC,2.07
ERR4811047,sensitive,gyrA,ACC,2.55
ERR4811047,sensitive,gyrA,AAC,1.38
ERR4811047,sensitive,gyrA,TGG,1.0
ERR4811047,sensitive,gyrA,CCA,0.41
ERR4811047,sensitive,gyrA,AAT,0.62
ERR4811047,sensitive,gyrA,AGG,0.38
ERR4811047,sensitive,gyrA,CAA,0.12
ERR4811047,sensitive,gyrA,CTA,0.15
ERR4811047,sensitive,gyrA,TCA,0.31
ERR4811047,sensitive,gyrA,CGT,0.53
ERR4811047,sensitive,gyrA,AAA,0.72
ERR4811047,sensitive,gyrA,GGA,0.52
ERR4811047,sensitive,gyrA,GCT,0.05
ERR4811047,sensitive,gyrA,ACT,0.43
ERR4811047,sensitive,gyrA,ATT,0.44
ERR4811047,sensitive,gyrA,CGA,0.23
ERR4811047,sensitive,gyrA,GTA,0.12
ERR4811047,sensitive,gyrA,GGT,0.58
ERR4811047,sensitive,gyrA,TCT,0.15
ERR4811047,sensitive,gyrA,TTA,0.15
ERR4811047,sensitive,gyrA,CTT,0.08
ERR4811047,sensitive,gyrA,TTT,0.12
ERR4811047,sensitive,gyrA,TGC,1.0
ERR4811047,sensitive,gyrA,TGT,1.0
ERR4811047,sensitive,gyrA,AGT,0.15
ERR4811048,sensitive,rpoB,TTG,0.8
ERR4811048,sensitive,rpoB,GCA,0.24
ERR4811048,sensitive,rpoB,GAT,0.21
ERR4811048,sensitive,rpoB,TCC,1.52
ERR4811048,sensitive,rpoB,CGC,3.18
ERR4811048,sensitive,rpoB,CAG,1.76
ERR4811048,sensitive,rpoB,AGC,1.01
ERR4811048,sensitive,rpoB,AAA,0.24
ERR4811048,sensitive,rpoB,ACA,0.13
ERR4811048,sensitive,rpoB,GCC,2.22
ERR4811048,sensitive,rpoB,GCT,0.24
ERR4811048,sensitive,rpoB,AGT,0.59
ERR4811048,sensitive,rpoB,CCT,0.18
ERR4811048,sensitive,rpoB,CCG,2.65
ERR4811048,sensitive,rpoB,CAA,0.24
ERR4811048,sensitive,rpoB,TCG,2.45
ERR4811048,sensitive,rpoB,AAT,0.15
ERR4811048,sensitive,rpoB,AAC,1.85
ERR4811048,sensitive,rpoB,GTA,0.04
ERR4811048,sensitive,rpoB,CCC,0.92
ERR4811048,sensitive,rpoB,GGA,0.12
ERR4811048,sensitive,rpoB,GCG,1.3
ERR4811048,sensitive,rpoB,CCA,0.25
ERR4811048,sensitive,rpoB,CGG,1.66
ERR4811048,sensitive,rpoB,GTC,1.69
ERR4811048,sensitive,rpoB,TTC,1.82
ERR4811048,sensitive,rpoB,AAG,1.76
ERR4811048,sensitive,rpoB,CTG,4.14
ERR4811048,sensitive,rpoB,GAA,0.37
ERR4811048,sensitive,rpoB,CTT,0.25
ERR4811048,sensitive,rpoB,GAG,1.63
ERR4811048,sensitive,rpoB,GTT,0.25
ERR4811048,sensitive,rpoB,CTC,0.74
ERR4811048,sensitive,rpoB,GAC,1.79
ERR4811048,sensitive,rpoB,ACC,2.6
ERR4811048,sensitive,rpoB,TGG,1.0
ERR4811048,sensitive,rpoB,ATC,2.63
ERR4811048,sensitive,rpoB,GGT,1.08
ERR4811048,sensitive,rpoB,GTG,2.02
ERR4811048,sensitive,rpoB,GGC,2.08
ERR4811048,sensitive,rpoB,TAC,1.75
ERR4811048,sensitive,rpoB,TCT,0.25
ERR4811048,sensitive,rpoB,GGG,0.71
ERR4811048,sensitive,rpoB,ATG,1.0
ERR4811048,sensitive,rpoB,CGT,0.8
ERR4811048,sensitive,rpoB,TGC,1.56
ERR4811048,sensitive,rpoB,ACG,1.02
ERR4811048,sensitive,rpoB,ATT,0.37
ERR4811048,sensitive,rpoB,CAC,1.82
ERR4811048,sensitive,rpoB,TTT,0.18
ERR4811048,sensitive,rpoB,CGA,0.29
ERR4811048,sensitive,rpoB,TCA,0.17
ERR4811048,sensitive,rpoB,TAT,0.25
ERR4811048,sensitive,rpoB,CAT,0.18
ERR4811048,sensitive,rpoB,ACT,0.25
ERR4811048,sensitive,rpoB,TGT,0.44
ERR4811048,sensitive,rpoB,AGG,0.07
ERR4811048,sensitive,rpoB,CTA,0.06
ERR4811048,sensitive,katG,GTG,1.46
ERR4811048,sensitive,katG,CCC,1.44
ERR4811048,sensitive,katG,GAG,1.45
ERR4811048,sensitive,katG,CAA,0.48
ERR4811048,sensitive,katG,CAC,1.67
ERR4811048,sensitive,katG,CCA,0.32
ERR4811048,sensitive,katG,ATT,0.6
ERR4811048,sensitive,katG,ACA,0.19
ERR4811048,sensitive,katG,GAA,0.55
ERR4811048,sensitive,katG,ACC,2.38
ERR4811048,sensitive,katG,GGA,0.25
ERR4811048,sensitive,katG,GCC,1.77
ERR4811048,sensitive,katG,GCT,0.47
ERR4811048,sensitive,katG,AGC,2.0
ERR4811048,sensitive,katG,AAC,1.93
ERR4811048,sensitive,katG,GGC,2.38
ERR4811048,sensitive,katG,TGT,1.33
ERR4811048,sensitive,katG,GTC,2.0
ERR4811048,sensitive,katG,GGT,0.71
ERR4811048,sensitive,katG,CAT,0.33
ERR4811048,sensitive,katG,ATG,1.0
ERR4811048,sensitive,katG,AAA,0.23
ERR4811048,sensitive,katG,TAC,1.52
ERR4811048,sensitive,katG,CAG,1.52
ERR4811048,sensitive,katG,GAC,1.52
ERR4811048,sensitive,katG,TGG,1.0
ERR4811048,sensitive,katG,CGG,1.89
ERR4811048,sensitive,katG,CTC,1.33
ERR4811048,sensitive,katG,AAT,0.07
ERR4811048,sensitive,katG,CTG,3.43
ERR4811048,sensitive,katG,AAG,1.77
ERR4811048,sensitive,katG,GTA,0.23
ERR4811048,sensitive,katG,CCG,2.0
ERR4811048,sensitive,katG,GCG,1.4
ERR4811048,sensitive,katG,TTC,1.77
ERR4811048,sensitive,katG,TAT,0.48
ERR4811048,sensitive,katG,ATC,2.28
ERR4811048,sensitive,katG,GTT,0.31
ERR4811048,sensitive,katG,ACG,1.14
ERR4811048,sensitive,katG,TCG,1.83
ERR4811048,sensitive,katG,GGG,0.66
ERR4811048,sensitive,katG,TTT,0.23
ERR4811048,sensitive,katG,CGC,2.91
ERR4811048,sensitive,katG,CTT,0.48
ERR4811048,sensitive,katG,TTG,0.57
ERR4811048,sensitive,katG,TCA,0.67
ERR4811048,sensitive,katG,TGC,0.67
ERR4811048,sensitive,katG,GAT,0.48
ERR4811048,sensitive,katG,CGT,0.51
ERR4811048,sensitive,katG,ACT,0.29
ERR4811048,sensitive,katG,AGT,0.5
ERR4811048,sensitive,katG,CCT,0.24
ERR4811048,sensitive,katG,TCC,1.0
ERR4811048,sensitive,katG,CGA,0.34
ERR4811048,sensitive,katG,AGA,0.17
ERR4811048,sensitive,katG,GCA,0.36
ERR4811048,sensitive,katG,CTA,0.1
ERR4811048,sensitive,katG,ATA,0.12
ERR4811048,sensitive,katG,TTA,0.1
ERR4811048,sensitive,katG,AGG,0.17
ERR4811048,sensitive,gyrA,ATG,1.0
ERR4811048,sensitive,gyrA,ACA,0.26
ERR4811048,sensitive,gyrA,GAC,1.68
ERR4811048,sensitive,gyrA,ACG,0.77
ERR4811048,sensitive,gyrA,TTG,0.91
ERR4811048,sensitive,gyrA,CCG,2.34
ERR4811048,sensitive,gyrA,CCT,0.28
ERR4811048,sensitive,gyrA,TCG,2.31
ERR4811048,sensitive,gyrA,CTC,0.53
ERR4811048,sensitive,gyrA,CGG,1.95
ERR4811048,sensitive,gyrA,ATC,2.56
ERR4811048,sensitive,gyrA,GAA,0.65
ERR4811048,sensitive,gyrA,GTT,0.7
ERR4811048,sensitive,gyrA,CAG,1.88
ERR4811048,sensitive,gyrA,GAG,1.35
ERR4811048,sensitive,gyrA,CGC,2.92
ERR4811048,sensitive,gyrA,AGC,1.38
ERR4811048,sensitive,gyrA,TAC,1.28
ERR4811048,sensitive,gyrA,TAT,0.72
ERR4811048,sensitive,gyrA,GCG,1.45
ERR4811048,sensitive,gyrA,GTG,1.74
ERR4811048,sensitive,gyrA,GTC,1.45
ERR4811048,sensitive,gyrA,GGC,2.26
ERR4811048,sensitive,gyrA,CTG,4.18
ERR4811048,sensitive,gyrA,GGG,0.64
ERR4811048,sensitive,gyrA,AAG,1.28
ERR4811048,sensitive,gyrA,CCC,0.97
ERR4811048,sensitive,gyrA,CAT,0.14
ERR4811048,sensitive,gyrA,GCA,0.43
ERR4811048,sensitive,gyrA,TTC,1.88
ERR4811048,sensitive,gyrA,GAT,0.32
ERR4811048,sensitive,gyrA,TCC,1.69
ERR4811048,sensitive,gyrA,CAC,1.86
ERR4811048,sensitive,gyrA,GCC,2.07
ERR4811048,sensitive,gyrA,ACC,2.55
ERR4811048,sensitive,gyrA,AAC,1.38
ERR4811048,sensitive,gyrA,TGG,1.0
ERR4811048,sensitive,gyrA,CCA,0.41
ERR4811048,sensitive,gyrA,AAT,0.62
ERR4811048,sensitive,gyrA,AGG,0.38
ERR4811048,sensitive,gyrA,CAA,0.12
ERR4811048,sensitive,gyrA,CTA,0.15
ERR4811048,sensitive,gyrA,TCA,0.31
ERR4811048,sensitive,gyrA,CGT,0.53
ERR4811048,sensitive,gyrA,AAA,0.72
ERR4811048,sensitive,gyrA,GGA,0.52
ERR4811048,sensitive,gyrA,GCT,0.05
ERR4811048,sensitive,gyrA,ACT,0.43
ERR4811048,sensitive,gyrA,ATT,0.44
ERR4811048,sensitive,gyrA,CGA,0.23
ERR4811048,sensitive,gyrA,GTA,0.12
ERR4811048,sensitive,gyrA,GGT,0.58
ERR4811048,sensitive,gyrA,TCT,0.15
ERR4811048,sensitive,gyrA,TTA,0.15
ERR4811048,sensitive,gyrA,CTT,0.08
ERR4811048,sensitive,gyrA,TTT,0.12
ERR4811048,sensitive,gyrA,TGC,1.0
ERR4811048,sensitive,gyrA,TGT,1.0
ERR4811048,sensitive,gyrA,AGT,0.15
ERR4811049,sensitive,rpoB,TTG,0.8
ERR4811049,sensitive,rpoB,GCA,0.24
ERR4811049,sensitive,rpoB,GAT,0.21
ERR4811049,sensitive,rpoB,TCC,1.52
ERR4811049,sensitive,rpoB,CGC,3.18
ERR4811049,sensitive,rpoB,CAG,1.76
ERR4811049,sensitive,rpoB,AGC,1.01
ERR4811049,sensitive,rpoB,AAA,0.24
ERR4811049,sensitive,rpoB,ACA,0.13
ERR4811049,sensitive,rpoB,GCC,2.22
ERR4811049,sensitive,rpoB,GCT,0.24
ERR4811049,sensitive,rpoB,AGT,0.59
ERR4811049,sensitive,rpoB,CCT,0.18
ERR4811049,sensitive,rpoB,CCG,2.65
ERR4811049,sensitive,rpoB,CAA,0.24
ERR4811049,sensitive,rpoB,TCG,2.45
ERR4811049,sensitive,rpoB,AAT,0.15
ERR4811049,sensitive,rpoB,AAC,1.85
ERR4811049,sensitive,rpoB,GTA,0.04
ERR4811049,sensitive,rpoB,CCC,0.92
ERR4811049,sensitive,rpoB,GGA,0.12
ERR4811049,sensitive,rpoB,GCG,1.3
ERR4811049,sensitive,rpoB,CCA,0.25
ERR4811049,sensitive,rpoB,CGG,1.66
ERR4811049,sensitive,rpoB,GTC,1.69
ERR4811049,sensitive,rpoB,TTC,1.82
ERR4811049,sensitive,rpoB,AAG,1.76
ERR4811049,sensitive,rpoB,CTG,4.14
ERR4811049,sensitive,rpoB,GAA,0.37
ERR4811049,sensitive,rpoB,CTT,0.25
ERR4811049,sensitive,rpoB,GAG,1.63
ERR4811049,sensitive,rpoB,GTT,0.25
ERR4811049,sensitive,rpoB,CTC,0.74
ERR4811049,sensitive,rpoB,GAC,1.79
ERR4811049,sensitive,rpoB,ACC,2.6
ERR4811049,sensitive,rpoB,TGG,1.0
ERR4811049,sensitive,rpoB,ATC,2.63
ERR4811049,sensitive,rpoB,GGT,1.08
ERR4811049,sensitive,rpoB,GTG,2.02
ERR4811049,sensitive,rpoB,GGC,2.08
ERR4811049,sensitive,rpoB,TAC,1.75
ERR4811049,sensitive,rpoB,TCT,0.25
ERR4811049,sensitive,rpoB,GGG,0.71
ERR4811049,sensitive,rpoB,ATG,1.0
ERR4811049,sensitive,rpoB,CGT,0.8
ERR4811049,sensitive,rpoB,TGC,1.56
ERR4811049,sensitive,rpoB,ACG,1.02
ERR4811049,sensitive,rpoB,ATT,0.37
ERR4811049,sensitive,rpoB,CAC,1.82
ERR4811049,sensitive,rpoB,TTT,0.18
ERR4811049,sensitive,rpoB,CGA,0.29
ERR4811049,sensitive,rpoB,TCA,0.17
ERR4811049,sensitive,rpoB,TAT,0.25
ERR4811049,sensitive,rpoB,CAT,0.18
ERR4811049,sensitive,rpoB,ACT,0.25
ERR4811049,sensitive,rpoB,TGT,0.44
ERR4811049,sensitive,rpoB,AGG,0.07
ERR4811049,sensitive,rpoB,CTA,0.06
ERR4811049,sensitive,katG,GTG,1.46
ERR4811049,sensitive,katG,CCC,1.44
ERR4811049,sensitive,katG,GAG,1.45
ERR4811049,sensitive,katG,CAA,0.48
ERR4811049,sensitive,katG,CAC,1.67
ERR4811049,sensitive,katG,CCA,0.32
ERR4811049,sensitive,katG,ATT,0.6
ERR4811049,sensitive,katG,ACA,0.19
ERR4811049,sensitive,katG,GAA,0.55
ERR4811049,sensitive,katG,ACC,2.38
ERR4811049,sensitive,katG,GGA,0.25
ERR4811049,sensitive,katG,GCC,1.77
ERR4811049,sensitive,katG,GCT,0.47
ERR4811049,sensitive,katG,AGC,2.0
ERR4811049,sensitive,katG,AAC,1.93
ERR4811049,sensitive,katG,GGC,2.38
ERR4811049,sensitive,katG,TGT,1.33
ERR4811049,sensitive,katG,GTC,2.0
ERR4811049,sensitive,katG,GGT,0.71
ERR4811049,sensitive,katG,CAT,0.33
ERR4811049,sensitive,katG,ATG,1.0
ERR4811049,sensitive,katG,AAA,0.23
ERR4811049,sensitive,katG,TAC,1.52
ERR4811049,sensitive,katG,CAG,1.52
ERR4811049,sensitive,katG,GAC,1.52
ERR4811049,sensitive,katG,TGG,1.0
ERR4811049,sensitive,katG,CGG,1.89
ERR4811049,sensitive,katG,CTC,1.33
ERR4811049,sensitive,katG,AAT,0.07
ERR4811049,sensitive,katG,CTG,3.43
ERR4811049,sensitive,katG,AAG,1.77
ERR4811049,sensitive,katG,GTA,0.23
ERR4811049,sensitive,katG,CCG,2.0
ERR4811049,sensitive,katG,GCG,1.4
ERR4811049,sensitive,katG,TTC,1.77
ERR4811049,sensitive,katG,TAT,0.48
ERR4811049,sensitive,katG,ATC,2.28
ERR4811049,sensitive,katG,GTT,0.31
ERR4811049,sensitive,katG,ACG,1.14
ERR4811049,sensitive,katG,TCG,1.83
ERR4811049,sensitive,katG,GGG,0.66
ERR4811049,sensitive,katG,TTT,0.23
ERR4811049,sensitive,katG,CGC,2.91
ERR4811049,sensitive,katG,CTT,0.48
ERR4811049,sensitive,katG,TTG,0.57
ERR4811049,sensitive,katG,TCA,0.67
ERR4811049,sensitive,katG,TGC,0.67
ERR4811049,sensitive,katG,GAT,0.48
ERR4811049,sensitive,katG,CGT,0.51
ERR4811049,sensitive,katG,ACT,0.29
ERR4811049,sensitive,katG,AGT,0.5
ERR4811049,sensitive,katG,CCT,0.24
ERR4811049,sensitive,katG,TCC,1.0
ERR4811049,sensitive,katG,CGA,0.34
ERR4811049,sensitive,katG,AGA,0.17
ERR4811049,sensitive,katG,GCA,0.36
ERR4811049,sensitive,katG,CTA,0.1
ERR4811049,sensitive,katG,ATA,0.12
ERR4811049,sensitive,katG,TTA,0.1
ERR4811049,sensitive,katG,AGG,0.17
ERR4811049,sensitive,gyrA,ATG,1.0
ERR4811049,sensitive,gyrA,ACA,0.26
ERR4811049,sensitive,gyrA,GAC,1.68
ERR4811049,sensitive,gyrA,ACG,0.77
ERR4811049,sensitive,gyrA,TTG,0.91
ERR4811049,sensitive,gyrA,CCG,2.34
ERR4811049,sensitive,gyrA,CCT,0.28
ERR4811049,sensitive,gyrA,TCG,2.31
ERR4811049,sensitive,gyrA,CTC,0.53
ERR4811049,sensitive,gyrA,CGG,1.95
ERR4811049,sensitive,gyrA,ATC,2.56
ERR4811049,sensitive,gyrA,GAA,0.65
ERR4811049,sensitive,gyrA,GTT,0.7
ERR4811049,sensitive,gyrA,CAG,1.88
ERR4811049,sensitive,gyrA,GAG,1.35
ERR4811049,sensitive,gyrA,CGC,2.92
ERR4811049,sensitive,gyrA,AGC,1.38
ERR4811049,sensitive,gyrA,TAC,1.28
ERR4811049,sensitive,gyrA,TAT,0.72
ERR4811049,sensitive,gyrA,GCG,1.45
ERR4811049,sensitive,gyrA,GTG,1.74
ERR4811049,sensitive,gyrA,GTC,1.45
ERR4811049,sensitive,gyrA,GGC,2.26
ERR4811049,sensitive,gyrA,CTG,4.18
ERR4811049,sensitive,gyrA,GGG,0.64
ERR4811049,sensitive,gyrA,AAG,1.28
ERR4811049,sensitive,gyrA,CCC,0.97
ERR4811049,sensitive,gyrA,CAT,0.14
ERR4811049,sensitive,gyrA,GCA,0.43
ERR4811049,sensitive,gyrA,TTC,1.88
ERR4811049,sensitive,gyrA,GAT,0.32
ERR4811049,sensitive,gyrA,TCC,1.69
ERR4811049,sensitive,gyrA,CAC,1.86
ERR4811049,sensitive,gyrA,GCC,2.07
ERR4811049,sensitive,gyrA,ACC,2.55
ERR4811049,sensitive,gyrA,AAC,1.38
ERR4811049,sensitive,gyrA,TGG,1.0
ERR4811049,sensitive,gyrA,CCA,0.41
ERR4811049,sensitive,gyrA,AAT,0.62
ERR4811049,sensitive,gyrA,AGG,0.38
ERR4811049,sensitive,gyrA,CAA,0.12
ERR4811049,sensitive,gyrA,CTA,0.15
ERR4811049,sensitive,gyrA,TCA,0.31
ERR4811049,sensitive,gyrA,CGT,0.53
ERR4811049,sensitive,gyrA,AAA,0.72
ERR4811049,sensitive,gyrA,GGA,0.52
ERR4811049,sensitive,gyrA,GCT,0.05
ERR4811049,sensitive,gyrA,ACT,0.43
ERR4811049,sensitive,gyrA,ATT,0.44
ERR4811049,sensitive,gyrA,CGA,0.23
ERR4811049,sensitive,gyrA,GTA,0.12
ERR4811049,sensitive,gyrA,GGT,0.58
ERR4811049,sensitive,gyrA,TCT,0.15
ERR4811049,sensitive,gyrA,TTA,0.15
ERR4811049,sensitive,gyrA,CTT,0.08
ERR4811049,sensitive,gyrA,TTT,0.12
ERR4811049,sensitive,gyrA,TGC,1.0
ERR4811049,sensitive,gyrA,TGT,1.0
ERR4811049,sensitive,gyrA,AGT,0.15
ERR4811050,sensitive,rpoB,TTG,0.8
ERR4811050,sensitive,rpoB,GCA,0.24
ERR4811050,sensitive,rpoB,GAT,0.21
ERR4811050,sensitive,rpoB,TCC,1.52
ERR4811050,sensitive,rpoB,CGC,3.18
ERR4811050,sensitive,rpoB,CAG,1.76
ERR4811050,sensitive,rpoB,AGC,1.01
ERR4811050,sensitive,rpoB,AAA,0.24
ERR4811050,sensitive,rpoB,ACA,0.13
ERR4811050,sensitive,rpoB,GCC,2.22
ERR4811050,sensitive,rpoB,GCT,0.24
ERR4811050,sensitive,rpoB,AGT,0.59
ERR4811050,sensitive,rpoB,CCT,0.18
ERR4811050,sensitive,rpoB,CCG,2.65
ERR4811050,sensitive,rpoB,CAA,0.24
ERR4811050,sensitive,rpoB,TCG,2.45
ERR4811050,sensitive,rpoB,AAT,0.15
ERR4811050,sensitive,rpoB,AAC,1.85
ERR4811050,sensitive,rpoB,GTA,0.04
ERR4811050,sensitive,rpoB,CCC,0.92
ERR4811050,sensitive,rpoB,GGA,0.12
ERR4811050,sensitive,rpoB,GCG,1.3
ERR4811050,sensitive,rpoB,CCA,0.25
ERR4811050,sensitive,rpoB,CGG,1.66
ERR4811050,sensitive,rpoB,GTC,1.69
ERR4811050,sensitive,rpoB,TTC,1.82
ERR4811050,sensitive,rpoB,AAG,1.76
ERR4811050,sensitive,rpoB,CTG,4.14
ERR4811050,sensitive,rpoB,GAA,0.37
ERR4811050,sensitive,rpoB,CTT,0.25
ERR4811050,sensitive,rpoB,GAG,1.63
ERR4811050,sensitive,rpoB,GTT,0.25
ERR4811050,sensitive,rpoB,CTC,0.74
ERR4811050,sensitive,rpoB,GAC,1.79
ERR4811050,sensitive,rpoB,ACC,2.6
ERR4811050,sensitive,rpoB,TGG,1.0
ERR4811050,sensitive,rpoB,ATC,2.63
ERR4811050,sensitive,rpoB,GGT,1.08
ERR4811050,sensitive,rpoB,GTG,2.02
ERR4811050,sensitive,rpoB,GGC,2.08
ERR4811050,sensitive,rpoB,TAC,1.75
ERR4811050,sensitive,rpoB,TCT,0.25
ERR4811050,sensitive,rpoB,GGG,0.71
ERR4811050,sensitive,rpoB,ATG,1.0
ERR4811050,sensitive,rpoB,CGT,0.8
ERR4811050,sensitive,rpoB,TGC,1.56
ERR4811050,sensitive,rpoB,ACG,1.02
ERR4811050,sensitive,rpoB,ATT,0.37
ERR4811050,sensitive,rpoB,CAC,1.82
ERR4811050,sensitive,rpoB,TTT,0.18
ERR4811050,sensitive,rpoB,CGA,0.29
ERR4811050,sensitive,rpoB,TCA,0.17
ERR4811050,sensitive,rpoB,TAT,0.25
ERR4811050,sensitive,rpoB,CAT,0.18
ERR4811050,sensitive,rpoB,ACT,0.25
ERR4811050,sensitive,rpoB,TGT,0.44
ERR4811050,sensitive,rpoB,AGG,0.07
ERR4811050,sensitive,rpoB,CTA,0.06
ERR4811050,sensitive,katG,GTG,1.46
ERR4811050,sensitive,katG,CCC,1.44
ERR4811050,sensitive,katG,GAG,1.45
ERR4811050,sensitive,katG,CAA,0.48
ERR4811050,sensitive,katG,CAC,1.67
ERR4811050,sensitive,katG,CCA,0.32
ERR4811050,sensitive,katG,ATT,0.6
ERR4811050,sensitive,katG,ACA,0.19
ERR4811050,sensitive,katG,GAA,0.55
ERR4811050,sensitive,katG,ACC,2.38
ERR4811050,sensitive,katG,GGA,0.25
ERR4811050,sensitive,katG,GCC,1.77
ERR4811050,sensitive,katG,GCT,0.47
ERR4811050,sensitive,katG,AGC,2.0
ERR4811050,sensitive,katG,AAC,1.93
ERR4811050,sensitive,katG,GGC,2.38
ERR4811050,sensitive,katG,TGT,1.33
ERR4811050,sensitive,katG,GTC,2.0
ERR4811050,sensitive,katG,GGT,0.71
ERR4811050,sensitive,katG,CAT,0.33
ERR4811050,sensitive,katG,ATG,1.0
ERR4811050,sensitive,katG,AAA,0.23
ERR4811050,sensitive,katG,TAC,1.52
ERR4811050,sensitive,katG,CAG,1.52
ERR4811050,sensitive,katG,GAC,1.52
ERR4811050,sensitive,katG,TGG,1.0
ERR4811050,sensitive,katG,CGG,1.89
ERR4811050,sensitive,katG,CTC,1.33
ERR4811050,sensitive,katG,AAT,0.07
ERR4811050,sensitive,katG,CTG,3.43
ERR4811050,sensitive,katG,AAG,1.77
ERR4811050,sensitive,katG,GTA,0.23
ERR4811050,sensitive,katG,CCG,2.0
ERR4811050,sensitive,katG,GCG,1.4
ERR4811050,sensitive,katG,TTC,1.77
ERR4811050,sensitive,katG,TAT,0.48
ERR4811050,sensitive,katG,ATC,2.28
ERR4811050,sensitive,katG,GTT,0.31
ERR4811050,sensitive,katG,ACG,1.14
ERR4811050,sensitive,katG,TCG,1.83
ERR4811050,sensitive,katG,GGG,0.66
ERR4811050,sensitive,katG,TTT,0.23
ERR4811050,sensitive,katG,CGC,2.91
ERR4811050,sensitive,katG,CTT,0.48
ERR4811050,sensitive,katG,TTG,0.57
ERR4811050,sensitive,katG,TCA,0.67
ERR4811050,sensitive,katG,TGC,0.67
ERR4811050,sensitive,katG,GAT,0.48
ERR4811050,sensitive,katG,CGT,0.51
ERR4811050,sensitive,katG,ACT,0.29
ERR4811050,sensitive,katG,AGT,0.5
ERR4811050,sensitive,katG,CCT,0.24
ERR4811050,sensitive,katG,TCC,1.0
ERR4811050,sensitive,katG,CGA,0.34
ERR4811050,sensitive,katG,AGA,0.17
ERR4811050,sensitive,katG,GCA,0.36
ERR4811050,sensitive,katG,CTA,0.1
ERR4811050,sensitive,katG,ATA,0.12
ERR4811050,sensitive,katG,TTA,0.1
ERR4811050,sensitive,katG,AGG,0.17
ERR4811050,sensitive,gyrA,ATG,1.0
ERR4811050,sensitive,gyrA,ACA,0.26
ERR4811050,sensitive,gyrA,GAC,1.68
ERR4811050,sensitive,gyrA,ACG,0.77
ERR4811050,sensitive,gyrA,TTG,0.91
ERR4811050,sensitive,gyrA,CCG,2.34
ERR4811050,sensitive,gyrA,CCT,0.28
ERR4811050,sensitive,gyrA,TCG,2.31
ERR4811050,sensitive,gyrA,CTC,0.53
ERR4811050,sensitive,gyrA,CGG,1.95
ERR4811050,sensitive,gyrA,ATC,2.56
ERR4811050,sensitive,gyrA,GAA,0.65
ERR4811050,sensitive,gyrA,GTT,0.7
ERR4811050,sensitive,gyrA,CAG,1.88
ERR4811050,sensitive,gyrA,GAG,1.35
ERR4811050,sensitive,gyrA,CGC,2.92
ERR4811050,sensitive,gyrA,AGC,1.38
ERR4811050,sensitive,gyrA,TAC,1.28
ERR4811050,sensitive,gyrA,TAT,0.72
ERR4811050,sensitive,gyrA,GCG,1.45
ERR4811050,sensitive,gyrA,GTG,1.74
ERR4811050,sensitive,gyrA,GTC,1.45
ERR4811050,sensitive,gyrA,GGC,2.26
ERR4811050,sensitive,gyrA,CTG,4.18
ERR4811050,sensitive,gyrA,GGG,0.64
ERR4811050,sensitive,gyrA,AAG,1.28
ERR4811050,sensitive,gyrA,CCC,0.97
ERR4811050,sensitive,gyrA,CAT,0.14
ERR4811050,sensitive,gyrA,GCA,0.43
ERR4811050,sensitive,gyrA,TTC,1.88
ERR4811050,sensitive,gyrA,GAT,0.32
ERR4811050,sensitive,gyrA,TCC,1.69
ERR4811050,sensitive,gyrA,CAC,1.86
ERR4811050,sensitive,gyrA,GCC,2.07
ERR4811050,sensitive,gyrA,ACC,2.55
ERR4811050,sensitive,gyrA,AAC,1.38
ERR4811050,sensitive,gyrA,TGG,1.0
ERR4811050,sensitive,gyrA,CCA,0.41
ERR4811050,sensitive,gyrA,AAT,0.62
ERR4811050,sensitive,gyrA,AGG,0.38
ERR4811050,sensitive,gyrA,CAA,0.12
ERR4811050,sensitive,gyrA,CTA,0.15
ERR4811050,sensitive,gyrA,TCA,0.31
ERR4811050,sensitive,gyrA,CGT,0.53
ERR4811050,sensitive,gyrA,AAA,0.72
ERR4811050,sensitive,gyrA,GGA,0.52
ERR4811050,sensitive,gyrA,GCT,0.05
ERR4811050,sensitive,gyrA,ACT,0.43
ERR4811050,sensitive,gyrA,ATT,0.44
ERR4811050,sensitive,gyrA,CGA,0.23
ERR4811050,sensitive,gyrA,GTA,0.12
ERR4811050,sensitive,gyrA,GGT,0.58
ERR4811050,sensitive,gyrA,TCT,0.15
ERR4811050,sensitive,gyrA,TTA,0.15
ERR4811050,sensitive,gyrA,CTT,0.08
ERR4811050,sensitive,gyrA,TTT,0.12
ERR4811050,sensitive,gyrA,TGC,1.0
ERR4811050,sensitive,gyrA,TGT,1.0
ERR4811050,sensitive,gyrA,AGT,0.15
ERR4811053,sensitive,rpoB,TTG,0.8
ERR4811053,sensitive,rpoB,GCA,0.24
ERR4811053,sensitive,rpoB,GAT,0.21
ERR4811053,sensitive,rpoB,TCC,1.52
ERR4811053,sensitive,rpoB,CGC,3.18
ERR4811053,sensitive,rpoB,CAG,1.76
ERR4811053,sensitive,rpoB,AGC,1.01
ERR4811053,sensitive,rpoB,AAA,0.24
ERR4811053,sensitive,rpoB,ACA,0.13
ERR4811053,sensitive,rpoB,GCC,2.22
ERR4811053,sensitive,rpoB,GCT,0.24
ERR4811053,sensitive,rpoB,AGT,0.59
ERR4811053,sensitive,rpoB,CCT,0.18
ERR4811053,sensitive,rpoB,CCG,2.65
ERR4811053,sensitive,rpoB,CAA,0.24
ERR4811053,sensitive,rpoB,TCG,2.45
ERR4811053,sensitive,rpoB,AAT,0.15
ERR4811053,sensitive,rpoB,AAC,1.85
ERR4811053,sensitive,rpoB,GTA,0.04
ERR4811053,sensitive,rpoB,CCC,0.92
ERR4811053,sensitive,rpoB,GGA,0.12
ERR4811053,sensitive,rpoB,GCG,1.3
ERR4811053,sensitive,rpoB,CCA,0.25
ERR4811053,sensitive,rpoB,CGG,1.66
ERR4811053,sensitive,rpoB,GTC,1.69
ERR4811053,sensitive,rpoB,TTC,1.82
ERR4811053,sensitive,rpoB,AAG,1.76
ERR4811053,sensitive,rpoB,CTG,4.14
ERR4811053,sensitive,rpoB,GAA,0.37
ERR4811053,sensitive,rpoB,CTT,0.25
ERR4811053,sensitive,rpoB,GAG,1.63
ERR4811053,sensitive,rpoB,GTT,0.25
ERR4811053,sensitive,rpoB,CTC,0.74
ERR4811053,sensitive,rpoB,GAC,1.79
ERR4811053,sensitive,rpoB,ACC,2.6
ERR4811053,sensitive,rpoB,TGG,1.0
ERR4811053,sensitive,rpoB,ATC,2.63
ERR4811053,sensitive,rpoB,GGT,1.08
ERR4811053,sensitive,rpoB,GTG,2.02
ERR4811053,sensitive,rpoB,GGC,2.08
ERR4811053,sensitive,rpoB,TAC,1.75
ERR4811053,sensitive,rpoB,TCT,0.25
ERR4811053,sensitive,rpoB,GGG,0.71
ERR4811053,sensitive,rpoB,ATG,1.0
ERR4811053,sensitive,rpoB,CGT,0.8
ERR4811053,sensitive,rpoB,TGC,1.56
ERR4811053,sensitive,rpoB,ACG,1.02
ERR4811053,sensitive,rpoB,ATT,0.37
ERR4811053,sensitive,rpoB,CAC,1.82
ERR4811053,sensitive,rpoB,TTT,0.18
ERR4811053,sensitive,rpoB,CGA,0.29
ERR4811053,sensitive,rpoB,TCA,0.17
ERR4811053,sensitive,rpoB,TAT,0.25
ERR4811053,sensitive,rpoB,CAT,0.18
ERR4811053,sensitive,rpoB,ACT,0.25
ERR4811053,sensitive,rpoB,TGT,0.44
ERR4811053,sensitive,rpoB,AGG,0.07
ERR4811053,sensitive,rpoB,CTA,0.06
ERR4811053,sensitive,katG,GTG,1.46
ERR4811053,sensitive,katG,CCC,1.44
ERR4811053,sensitive,katG,GAG,1.45
ERR4811053,sensitive,katG,CAA,0.48
ERR4811053,sensitive,katG,CAC,1.67
ERR4811053,sensitive,katG,CCA,0.32
ERR4811053,sensitive,katG,ATT,0.6
ERR4811053,sensitive,katG,ACA,0.19
ERR4811053,sensitive,katG,GAA,0.55
ERR4811053,sensitive,katG,ACC,2.38
ERR4811053,sensitive,katG,GGA,0.25
ERR4811053,sensitive,katG,GCC,1.77
ERR4811053,sensitive,katG,GCT,0.47
ERR4811053,sensitive,katG,AGC,2.0
ERR4811053,sensitive,katG,AAC,1.93
ERR4811053,sensitive,katG,GGC,2.38
ERR4811053,sensitive,katG,TGT,1.33
ERR4811053,sensitive,katG,GTC,2.0
ERR4811053,sensitive,katG,GGT,0.71
ERR4811053,sensitive,katG,CAT,0.33
ERR4811053,sensitive,katG,ATG,1.0
ERR4811053,sensitive,katG,AAA,0.23
ERR4811053,sensitive,katG,TAC,1.52
ERR4811053,sensitive,katG,CAG,1.52
ERR4811053,sensitive,katG,GAC,1.52
ERR4811053,sensitive,katG,TGG,1.0
ERR4811053,sensitive,katG,CGG,1.89
ERR4811053,sensitive,katG,CTC,1.33
ERR4811053,sensitive,katG,AAT,0.07
ERR4811053,sensitive,katG,CTG,3.43
ERR4811053,sensitive,katG,AAG,1.77
ERR4811053,sensitive,katG,GTA,0.23
ERR4811053,sensitive,katG,CCG,2.0
ERR4811053,sensitive,katG,GCG,1.4
ERR4811053,sensitive,katG,TTC,1.77
ERR4811053,sensitive,katG,TAT,0.48
ERR4811053,sensitive,katG,ATC,2.28
ERR4811053,sensitive,katG,GTT,0.31
ERR4811053,sensitive,katG,ACG,1.14
ERR4811053,sensitive,katG,TCG,1.83
ERR4811053,sensitive,katG,GGG,0.66
ERR4811053,sensitive,katG,TTT,0.23
ERR4811053,sensitive,katG,CGC,2.91
ERR4811053,sensitive,katG,CTT,0.48
ERR4811053,sensitive,katG,TTG,0.57
ERR4811053,sensitive,katG,TCA,0.67
ERR4811053,sensitive,katG,TGC,0.67
ERR4811053,sensitive,katG,GAT,0.48
ERR4811053,sensitive,katG,CGT,0.51
ERR4811053,sensitive,katG,ACT,0.29
ERR4811053,sensitive,katG,AGT,0.5
ERR4811053,sensitive,katG,CCT,0.24
ERR4811053,sensitive,katG,TCC,1.0
ERR4811053,sensitive,katG,CGA,0.34
ERR4811053,sensitive,katG,AGA,0.17
ERR4811053,sensitive,katG,GCA,0.36
ERR4811053,sensitive,katG,CTA,0.1
ERR4811053,sensitive,katG,ATA,0.12
ERR4811053,sensitive,katG,TTA,0.1
ERR4811053,sensitive,katG,AGG,0.17
ERR4811053,sensitive,gyrA,ATG,1.0
ERR4811053,sensitive,gyrA,ACA,0.26
ERR4811053,sensitive,gyrA,GAC,1.68
ERR4811053,sensitive,gyrA,ACG,0.77
ERR4811053,sensitive,gyrA,TTG,0.91
ERR4811053,sensitive,gyrA,CCG,2.34
ERR4811053,sensitive,gyrA,CCT,0.28
ERR4811053,sensitive,gyrA,TCG,2.31
ERR4811053,sensitive,gyrA,CTC,0.53
ERR4811053,sensitive,gyrA,CGG,1.95
ERR4811053,sensitive,gyrA,ATC,2.56
ERR4811053,sensitive,gyrA,GAA,0.65
ERR4811053,sensitive,gyrA,GTT,0.7
ERR4811053,sensitive,gyrA,CAG,1.88
ERR4811053,sensitive,gyrA,GAG,1.35
ERR4811053,sensitive,gyrA,CGC,2.92
ERR4811053,sensitive,gyrA,AGC,1.38
ERR4811053,sensitive,gyrA,TAC,1.28
ERR4811053,sensitive,gyrA,TAT,0.72
ERR4811053,sensitive,gyrA,GCG,1.45
ERR4811053,sensitive,gyrA,GTG,1.74
ERR4811053,sensitive,gyrA,GTC,1.45
ERR4811053,sensitive,gyrA,GGC,2.26
ERR4811053,sensitive,gyrA,CTG,4.18
ERR4811053,sensitive,gyrA,GGG,0.64
ERR4811053,sensitive,gyrA,AAG,1.28
ERR4811053,sensitive,gyrA,CCC,0.97
ERR4811053,sensitive,gyrA,CAT,0.14
ERR4811053,sensitive,gyrA,GCA,0.43
ERR4811053,sensitive,gyrA,TTC,1.88
ERR4811053,sensitive,gyrA,GAT,0.32
ERR4811053,sensitive,gyrA,TCC,1.69
ERR4811053,sensitive,gyrA,CAC,1.86
ERR4811053,sensitive,gyrA,GCC,2.07
ERR4811053,sensitive,gyrA,ACC,2.55
ERR4811053,sensitive,gyrA,AAC,1.38
ERR4811053,sensitive,gyrA,TGG,1.0
ERR4811053,sensitive,gyrA,CCA,0.41
ERR4811053,sensitive,gyrA,AAT,0.62
ERR4811053,sensitive,gyrA,AGG,0.38
ERR4811053,sensitive,gyrA,CAA,0.12
ERR4811053,sensitive,gyrA,CTA,0.15
ERR4811053,sensitive,gyrA,TCA,0.31
ERR4811053,sensitive,gyrA,CGT,0.53
ERR4811053,sensitive,gyrA,AAA,0.72
ERR4811053,sensitive,gyrA,GGA,0.52
ERR4811053,sensitive,gyrA,GCT,0.05
ERR4811053,sensitive,gyrA,ACT,0.43
ERR4811053,sensitive,gyrA,ATT,0.44
ERR4811053,sensitive,gyrA,CGA,0.23
ERR4811053,sensitive,gyrA,GTA,0.12
ERR4811053,sensitive,gyrA,GGT,0.58
ERR4811053,sensitive,gyrA,TCT,0.15
ERR4811053,sensitive,gyrA,TTA,0.15
ERR4811053,sensitive,gyrA,CTT,0.08
ERR4811053,sensitive,gyrA,TTT,0.12
ERR4811053,sensitive,gyrA,TGC,1.0
ERR4811053,sensitive,gyrA,TGT,1.0
ERR4811053,sensitive,gyrA,AGT,0.15
ERR4811054,sensitive,rpoB,TTG,0.8
ERR4811054,sensitive,rpoB,GCA,0.24
ERR4811054,sensitive,rpoB,GAT,0.21
ERR4811054,sensitive,rpoB,TCC,1.52
ERR4811054,sensitive,rpoB,CGC,3.18
ERR4811054,sensitive,rpoB,CAG,1.76
ERR4811054,sensitive,rpoB,AGC,1.01
ERR4811054,sensitive,rpoB,AAA,0.24
ERR4811054,sensitive,rpoB,ACA,0.13
ERR4811054,sensitive,rpoB,GCC,2.17
ERR4811054,sensitive,rpoB,GCT,0.29
ERR4811054,sensitive,rpoB,AGT,0.59
ERR4811054,sensitive,rpoB,CCT,0.18
ERR4811054,sensitive,rpoB,CCG,2.65
ERR4811054,sensitive,rpoB,CAA,0.24
ERR4811054,sensitive,rpoB,TCG,2.45
ERR4811054,sensitive,rpoB,AAT,0.15
ERR4811054,sensitive,rpoB,AAC,1.85
ERR4811054,sensitive,rpoB,GTA,0.04
ERR4811054,sensitive,rpoB,CCC,0.92
ERR4811054,sensitive,rpoB,GGA,0.12
ERR4811054,sensitive,rpoB,GCG,1.3
ERR4811054,sensitive,rpoB,CCA,0.25
ERR4811054,sensitive,rpoB,CGG,1.66
ERR4811054,sensitive,rpoB,GTC,1.69
ERR4811054,sensitive,rpoB,TTC,1.82
ERR4811054,sensitive,rpoB,AAG,1.76
ERR4811054,sensitive,rpoB,CTG,4.14
ERR4811054,sensitive,rpoB,GAA,0.37
ERR4811054,sensitive,rpoB,CTT,0.25
ERR4811054,sensitive,rpoB,GAG,1.63
ERR4811054,sensitive,rpoB,GTT,0.25
ERR4811054,sensitive,rpoB,CTC,0.74
ERR4811054,sensitive,rpoB,GAC,1.79
ERR4811054,sensitive,rpoB,ACC,2.6
ERR4811054,sensitive,rpoB,TGG,1.0
ERR4811054,sensitive,rpoB,ATC,2.63
ERR4811054,sensitive,rpoB,GGT,1.08
ERR4811054,sensitive,rpoB,GTG,2.02
ERR4811054,sensitive,rpoB,GGC,2.08
ERR4811054,sensitive,rpoB,TAC,1.75
ERR4811054,sensitive,rpoB,TCT,0.25
ERR4811054,sensitive,rpoB,GGG,0.71
ERR4811054,sensitive,rpoB,ATG,1.0
ERR4811054,sensitive,rpoB,CGT,0.8
ERR4811054,sensitive,rpoB,TGC,1.56
ERR4811054,sensitive,rpoB,ACG,1.02
ERR4811054,sensitive,rpoB,ATT,0.37
ERR4811054,sensitive,rpoB,CAC,1.82
ERR4811054,sensitive,rpoB,TTT,0.18
ERR4811054,sensitive,rpoB,CGA,0.29
ERR4811054,sensitive,rpoB,TCA,0.17
ERR4811054,sensitive,rpoB,TAT,0.25
ERR4811054,sensitive,rpoB,CAT,0.18
ERR4811054,sensitive,rpoB,ACT,0.25
ERR4811054,sensitive,rpoB,TGT,0.44
ERR4811054,sensitive,rpoB,AGG,0.07
ERR4811054,sensitive,rpoB,CTA,0.06
ERR4811054,sensitive,katG,GTG,1.46
ERR4811054,sensitive,katG,CCC,1.44
ERR4811054,sensitive,katG,GAG,1.45
ERR4811054,sensitive,katG,CAA,0.48
ERR4811054,sensitive,katG,CAC,1.67
ERR4811054,sensitive,katG,CCA,0.32
ERR4811054,sensitive,katG,ATT,0.6
ERR4811054,sensitive,katG,ACA,0.19
ERR4811054,sensitive,katG,GAA,0.55
ERR4811054,sensitive,katG,ACC,2.38
ERR4811054,sensitive,katG,GGA,0.25
ERR4811054,sensitive,katG,GCC,1.77
ERR4811054,sensitive,katG,GCT,0.47
ERR4811054,sensitive,katG,AGC,2.0
ERR4811054,sensitive,katG,AAC,1.93
ERR4811054,sensitive,katG,GGC,2.38
ERR4811054,sensitive,katG,TGT,1.33
ERR4811054,sensitive,katG,GTC,2.0
ERR4811054,sensitive,katG,GGT,0.71
ERR4811054,sensitive,katG,CAT,0.33
ERR4811054,sensitive,katG,ATG,1.0
ERR4811054,sensitive,katG,AAA,0.23
ERR4811054,sensitive,katG,TAC,1.52
ERR4811054,sensitive,katG,CAG,1.52
ERR4811054,sensitive,katG,GAC,1.52
ERR4811054,sensitive,katG,TGG,1.0
ERR4811054,sensitive,katG,CGG,2.0
ERR4811054,sensitive,katG,CTC,1.35
ERR4811054,sensitive,katG,AAT,0.07
ERR4811054,sensitive,katG,CTG,3.39
ERR4811054,sensitive,katG,AAG,1.77
ERR4811054,sensitive,katG,GTA,0.23
ERR4811054,sensitive,katG,CCG,2.0
ERR4811054,sensitive,katG,GCG,1.4
ERR4811054,sensitive,katG,TTC,1.77
ERR4811054,sensitive,katG,TAT,0.48
ERR4811054,sensitive,katG,ATC,2.28
ERR4811054,sensitive,katG,GTT,0.31
ERR4811054,sensitive,katG,ACG,1.14
ERR4811054,sensitive,katG,TCG,1.83
ERR4811054,sensitive,katG,GGG,0.66
ERR4811054,sensitive,katG,TTT,0.23
ERR4811054,sensitive,katG,CGC,2.83
ERR4811054,sensitive,katG,CTT,0.48
ERR4811054,sensitive,katG,TTG,0.58
ERR4811054,sensitive,katG,TCA,0.67
ERR4811054,sensitive,katG,TGC,0.67
ERR4811054,sensitive,katG,GAT,0.48
ERR4811054,sensitive,katG,CGT,0.5
ERR4811054,sensitive,katG,ACT,0.29
ERR4811054,sensitive,katG,AGT,0.5
ERR4811054,sensitive,katG,CCT,0.24
ERR4811054,sensitive,katG,TCC,1.0
ERR4811054,sensitive,katG,CGA,0.33
ERR4811054,sensitive,katG,AGA,0.17
ERR4811054,sensitive,katG,GCA,0.36
ERR4811054,sensitive,katG,CTA,0.1
ERR4811054,sensitive,katG,ATA,0.12
ERR4811054,sensitive,katG,TTA,0.1
ERR4811054,sensitive,katG,AGG,0.17
ERR4811054,sensitive,gyrA,ATG,1.0
ERR4811054,sensitive,gyrA,ACA,0.26
ERR4811054,sensitive,gyrA,GAC,1.68
ERR4811054,sensitive,gyrA,ACG,0.77
ERR4811054,sensitive,gyrA,TTG,0.91
ERR4811054,sensitive,gyrA,CCG,2.34
ERR4811054,sensitive,gyrA,CCT,0.28
ERR4811054,sensitive,gyrA,TCG,2.31
ERR4811054,sensitive,gyrA,CTC,0.53
ERR4811054,sensitive,gyrA,CGG,1.95
ERR4811054,sensitive,gyrA,ATC,2.56
ERR4811054,sensitive,gyrA,GAA,0.65
ERR4811054,sensitive,gyrA,GTT,0.7
ERR4811054,sensitive,gyrA,CAG,1.88
ERR4811054,sensitive,gyrA,GAG,1.35
ERR4811054,sensitive,gyrA,CGC,2.92
ERR4811054,sensitive,gyrA,AGC,1.38
ERR4811054,sensitive,gyrA,TAC,1.28
ERR4811054,sensitive,gyrA,TAT,0.72
ERR4811054,sensitive,gyrA,GCG,1.45
ERR4811054,sensitive,gyrA,GTG,1.74
ERR4811054,sensitive,gyrA,GTC,1.45
ERR4811054,sensitive,gyrA,GGC,2.26
ERR4811054,sensitive,gyrA,CTG,4.18
ERR4811054,sensitive,gyrA,GGG,0.64
ERR4811054,sensitive,gyrA,AAG,1.28
ERR4811054,sensitive,gyrA,CCC,0.97
ERR4811054,sensitive,gyrA,CAT,0.14
ERR4811054,sensitive,gyrA,GCA,0.43
ERR4811054,sensitive,gyrA,TTC,1.88
ERR4811054,sensitive,gyrA,GAT,0.32
ERR4811054,sensitive,gyrA,TCC,1.69
ERR4811054,sensitive,gyrA,CAC,1.86
ERR4811054,sensitive,gyrA,GCC,2.07
ERR4811054,sensitive,gyrA,ACC,2.55
ERR4811054,sensitive,gyrA,AAC,1.38
ERR4811054,sensitive,gyrA,TGG,1.0
ERR4811054,sensitive,gyrA,CCA,0.41
ERR4811054,sensitive,gyrA,AAT,0.62
ERR4811054,sensitive,gyrA,AGG,0.38
ERR4811054,sensitive,gyrA,CAA,0.12
ERR4811054,sensitive,gyrA,CTA,0.15
ERR4811054,sensitive,gyrA,TCA,0.31
ERR4811054,sensitive,gyrA,CGT,0.53
ERR4811054,sensitive,gyrA,AAA,0.72
ERR4811054,sensitive,gyrA,GGA,0.52
ERR4811054,sensitive,gyrA,GCT,0.05
ERR4811054,sensitive,gyrA,ACT,0.43
ERR4811054,sensitive,gyrA,ATT,0.44
ERR4811054,sensitive,gyrA,CGA,0.23
ERR4811054,sensitive,gyrA,GTA,0.12
ERR4811054,sensitive,gyrA,GGT,0.58
ERR4811054,sensitive,gyrA,TCT,0.15
ERR4811054,sensitive,gyrA,TTA,0.15
ERR4811054,sensitive,gyrA,CTT,0.08
ERR4811054,sensitive,gyrA,TTT,0.12
ERR4811054,sensitive,gyrA,TGC,1.0
ERR4811054,sensitive,gyrA,TGT,1.0
ERR4811054,sensitive,gyrA,AGT,0.15
ERR4811063,sensitive,rpoB,TTG,0.8
ERR4811063,sensitive,rpoB,GCA,0.24
ERR4811063,sensitive,rpoB,GAT,0.21
ERR4811063,sensitive,rpoB,TCC,1.52
ERR4811063,sensitive,rpoB,CGC,3.18
ERR4811063,sensitive,rpoB,CAG,1.76
ERR4811063,sensitive,rpoB,AGC,1.01
ERR4811063,sensitive,rpoB,AAA,0.24
ERR4811063,sensitive,rpoB,ACA,0.13
ERR4811063,sensitive,rpoB,GCC,2.22
ERR4811063,sensitive,rpoB,GCT,0.24
ERR4811063,sensitive,rpoB,AGT,0.59
ERR4811063,sensitive,rpoB,CCT,0.18
ERR4811063,sensitive,rpoB,CCG,2.65
ERR4811063,sensitive,rpoB,CAA,0.24
ERR4811063,sensitive,rpoB,TCG,2.45
ERR4811063,sensitive,rpoB,AAT,0.15
ERR4811063,sensitive,rpoB,AAC,1.85
ERR4811063,sensitive,rpoB,GTA,0.04
ERR4811063,sensitive,rpoB,CCC,0.92
ERR4811063,sensitive,rpoB,GGA,0.12
ERR4811063,sensitive,rpoB,GCG,1.3
ERR4811063,sensitive,rpoB,CCA,0.25
ERR4811063,sensitive,rpoB,CGG,1.66
ERR4811063,sensitive,rpoB,GTC,1.69
ERR4811063,sensitive,rpoB,TTC,1.82
ERR4811063,sensitive,rpoB,AAG,1.76
ERR4811063,sensitive,rpoB,CTG,4.14
ERR4811063,sensitive,rpoB,GAA,0.37
ERR4811063,sensitive,rpoB,CTT,0.25
ERR4811063,sensitive,rpoB,GAG,1.63
ERR4811063,sensitive,rpoB,GTT,0.25
ERR4811063,sensitive,rpoB,CTC,0.74
ERR4811063,sensitive,rpoB,GAC,1.79
ERR4811063,sensitive,rpoB,ACC,2.6
ERR4811063,sensitive,rpoB,TGG,1.0
ERR4811063,sensitive,rpoB,ATC,2.63
ERR4811063,sensitive,rpoB,GGT,1.08
ERR4811063,sensitive,rpoB,GTG,2.02
ERR4811063,sensitive,rpoB,GGC,2.08
ERR4811063,sensitive,rpoB,TAC,1.75
ERR4811063,sensitive,rpoB,TCT,0.25
ERR4811063,sensitive,rpoB,GGG,0.71
ERR4811063,sensitive,rpoB,ATG,1.0
ERR4811063,sensitive,rpoB,CGT,0.8
ERR4811063,sensitive,rpoB,TGC,1.56
ERR4811063,sensitive,rpoB,ACG,1.02
ERR4811063,sensitive,rpoB,ATT,0.37
ERR4811063,sensitive,rpoB,CAC,1.82
ERR4811063,sensitive,rpoB,TTT,0.18
ERR4811063,sensitive,rpoB,CGA,0.29
ERR4811063,sensitive,rpoB,TCA,0.17
ERR4811063,sensitive,rpoB,TAT,0.25
ERR4811063,sensitive,rpoB,CAT,0.18
ERR4811063,sensitive,rpoB,ACT,0.25
ERR4811063,sensitive,rpoB,TGT,0.44
ERR4811063,sensitive,rpoB,AGG,0.07
ERR4811063,sensitive,rpoB,CTA,0.06
ERR4811063,sensitive,katG,GTG,1.46
ERR4811063,sensitive,katG,CCC,1.44
ERR4811063,sensitive,katG,GAG,1.45
ERR4811063,sensitive,katG,CAA,0.48
ERR4811063,sensitive,katG,CAC,1.67
ERR4811063,sensitive,katG,CCA,0.32
ERR4811063,sensitive,katG,ATT,0.6
ERR4811063,sensitive,katG,ACA,0.19
ERR4811063,sensitive,katG,GAA,0.55
ERR4811063,sensitive,katG,ACC,2.38
ERR4811063,sensitive,katG,GGA,0.25
ERR4811063,sensitive,katG,GCC,1.77
ERR4811063,sensitive,katG,GCT,0.47
ERR4811063,sensitive,katG,AGC,2.0
ERR4811063,sensitive,katG,AAC,1.93
ERR4811063,sensitive,katG,GGC,2.38
ERR4811063,sensitive,katG,TGT,1.33
ERR4811063,sensitive,katG,GTC,2.0
ERR4811063,sensitive,katG,GGT,0.71
ERR4811063,sensitive,katG,CAT,0.33
ERR4811063,sensitive,katG,ATG,1.0
ERR4811063,sensitive,katG,AAA,0.23
ERR4811063,sensitive,katG,TAC,1.52
ERR4811063,sensitive,katG,CAG,1.52
ERR4811063,sensitive,katG,GAC,1.52
ERR4811063,sensitive,katG,TGG,1.0
ERR4811063,sensitive,katG,CGG,1.89
ERR4811063,sensitive,katG,CTC,1.33
ERR4811063,sensitive,katG,AAT,0.07
ERR4811063,sensitive,katG,CTG,3.43
ERR4811063,sensitive,katG,AAG,1.77
ERR4811063,sensitive,katG,GTA,0.23
ERR4811063,sensitive,katG,CCG,2.0
ERR4811063,sensitive,katG,GCG,1.4
ERR4811063,sensitive,katG,TTC,1.77
ERR4811063,sensitive,katG,TAT,0.48
ERR4811063,sensitive,katG,ATC,2.28
ERR4811063,sensitive,katG,GTT,0.31
ERR4811063,sensitive,katG,ACG,1.14
ERR4811063,sensitive,katG,TCG,1.83
ERR4811063,sensitive,katG,GGG,0.66
ERR4811063,sensitive,katG,TTT,0.23
ERR4811063,sensitive,katG,CGC,2.91
ERR4811063,sensitive,katG,CTT,0.48
ERR4811063,sensitive,katG,TTG,0.57
ERR4811063,sensitive,katG,TCA,0.67
ERR4811063,sensitive,katG,TGC,0.67
ERR4811063,sensitive,katG,GAT,0.48
ERR4811063,sensitive,katG,CGT,0.51
ERR4811063,sensitive,katG,ACT,0.29
ERR4811063,sensitive,katG,AGT,0.5
ERR4811063,sensitive,katG,CCT,0.24
ERR4811063,sensitive,katG,TCC,1.0
ERR4811063,sensitive,katG,CGA,0.34
ERR4811063,sensitive,katG,AGA,0.17
ERR4811063,sensitive,katG,GCA,0.36
ERR4811063,sensitive,katG,CTA,0.1
ERR4811063,sensitive,katG,ATA,0.12
ERR4811063,sensitive,katG,TTA,0.1
ERR4811063,sensitive,katG,AGG,0.17
ERR4811063,sensitive,gyrA,ATG,1.0
ERR4811063,sensitive,gyrA,ACA,0.26
ERR4811063,sensitive,gyrA,GAC,1.68
ERR4811063,sensitive,gyrA,ACG,0.77
ERR4811063,sensitive,gyrA,TTG,0.91
ERR4811063,sensitive,gyrA,CCG,2.34
ERR4811063,sensitive,gyrA,CCT,0.28
ERR4811063,sensitive,gyrA,TCG,2.31
ERR4811063,sensitive,gyrA,CTC,0.53
ERR4811063,sensitive,gyrA,CGG,1.95
ERR4811063,sensitive,gyrA,ATC,2.56
ERR4811063,sensitive,gyrA,GAA,0.65
ERR4811063,sensitive,gyrA,GTT,0.7
ERR4811063,sensitive,gyrA,CAG,1.88
ERR4811063,sensitive,gyrA,GAG,1.35
ERR4811063,sensitive,gyrA,CGC,2.92
ERR4811063,sensitive,gyrA,AGC,1.38
ERR4811063,sensitive,gyrA,TAC,1.28
ERR4811063,sensitive,gyrA,TAT,0.72
ERR4811063,sensitive,gyrA,GCG,1.45
ERR4811063,sensitive,gyrA,GTG,1.74
ERR4811063,sensitive,gyrA,GTC,1.45
ERR4811063,sensitive,gyrA,GGC,2.29
ERR4811063,sensitive,gyrA,CTG,4.18
ERR4811063,sensitive,gyrA,GGG,0.63
ERR4811063,sensitive,gyrA,AAG,1.28
ERR4811063,sensitive,gyrA,CCC,0.97
ERR4811063,sensitive,gyrA,CAT,0.14
ERR4811063,sensitive,gyrA,GCA,0.43
ERR4811063,sensitive,gyrA,TTC,1.88
ERR4811063,sensitive,gyrA,GAT,0.32
ERR4811063,sensitive,gyrA,TCC,1.69
ERR4811063,sensitive,gyrA,CAC,1.86
ERR4811063,sensitive,gyrA,GCC,2.07
ERR4811063,sensitive,gyrA,ACC,2.55
ERR4811063,sensitive,gyrA,AAC,1.38
ERR4811063,sensitive,gyrA,TGG,1.0
ERR4811063,sensitive,gyrA,CCA,0.41
ERR4811063,sensitive,gyrA,AAT,0.62
ERR4811063,sensitive,gyrA,AGG,0.38
ERR4811063,sensitive,gyrA,CAA,0.12
ERR4811063,sensitive,gyrA,CTA,0.15
ERR4811063,sensitive,gyrA,TCA,0.31
ERR4811063,sensitive,gyrA,CGT,0.53
ERR4811063,sensitive,gyrA,AAA,0.72
ERR4811063,sensitive,gyrA,GGA,0.51
ERR4811063,sensitive,gyrA,GCT,0.05
ERR4811063,sensitive,gyrA,ACT,0.43
ERR4811063,sensitive,gyrA,ATT,0.44
ERR4811063,sensitive,gyrA,CGA,0.23
ERR4811063,sensitive,gyrA,GTA,0.12
ERR4811063,sensitive,gyrA,GGT,0.57
ERR4811063,sensitive,gyrA,TCT,0.15
ERR4811063,sensitive,gyrA,TTA,0.15
ERR4811063,sensitive,gyrA,CTT,0.08
ERR4811063,sensitive,gyrA,TTT,0.12
ERR4811063,sensitive,gyrA,TGC,1.0
ERR4811063,sensitive,gyrA,TGT,1.0
ERR4811063,sensitive,gyrA,AGT,0.15
ERR4811065,sensitive,rpoB,TTG,0.8
ERR4811065,sensitive,rpoB,GCA,0.24
ERR4811065,sensitive,rpoB,GAT,0.21
ERR4811065,sensitive,rpoB,TCC,1.52
ERR4811065,sensitive,rpoB,CGC,3.18
ERR4811065,sensitive,rpoB,CAG,1.76
ERR4811065,sensitive,rpoB,AGC,1.01
ERR4811065,sensitive,rpoB,AAA,0.24
ERR4811065,sensitive,rpoB,ACA,0.13
ERR4811065,sensitive,rpoB,GCC,2.22
ERR4811065,sensitive,rpoB,GCT,0.24
ERR4811065,sensitive,rpoB,AGT,0.59
ERR4811065,sensitive,rpoB,CCT,0.18
ERR4811065,sensitive,rpoB,CCG,2.65
ERR4811065,sensitive,rpoB,CAA,0.24
ERR4811065,sensitive,rpoB,TCG,2.45
ERR4811065,sensitive,rpoB,AAT,0.15
ERR4811065,sensitive,rpoB,AAC,1.85
ERR4811065,sensitive,rpoB,GTA,0.04
ERR4811065,sensitive,rpoB,CCC,0.92
ERR4811065,sensitive,rpoB,GGA,0.12
ERR4811065,sensitive,rpoB,GCG,1.3
ERR4811065,sensitive,rpoB,CCA,0.25
ERR4811065,sensitive,rpoB,CGG,1.66
ERR4811065,sensitive,rpoB,GTC,1.69
ERR4811065,sensitive,rpoB,TTC,1.82
ERR4811065,sensitive,rpoB,AAG,1.76
ERR4811065,sensitive,rpoB,CTG,4.14
ERR4811065,sensitive,rpoB,GAA,0.37
ERR4811065,sensitive,rpoB,CTT,0.25
ERR4811065,sensitive,rpoB,GAG,1.63
ERR4811065,sensitive,rpoB,GTT,0.25
ERR4811065,sensitive,rpoB,CTC,0.74
ERR4811065,sensitive,rpoB,GAC,1.79
ERR4811065,sensitive,rpoB,ACC,2.6
ERR4811065,sensitive,rpoB,TGG,1.0
ERR4811065,sensitive,rpoB,ATC,2.63
ERR4811065,sensitive,rpoB,GGT,1.08
ERR4811065,sensitive,rpoB,GTG,2.02
ERR4811065,sensitive,rpoB,GGC,2.08
ERR4811065,sensitive,rpoB,TAC,1.75
ERR4811065,sensitive,rpoB,TCT,0.25
ERR4811065,sensitive,rpoB,GGG,0.71
ERR4811065,sensitive,rpoB,ATG,1.0
ERR4811065,sensitive,rpoB,CGT,0.8
ERR4811065,sensitive,rpoB,TGC,1.56
ERR4811065,sensitive,rpoB,ACG,1.02
ERR4811065,sensitive,rpoB,ATT,0.37
ERR4811065,sensitive,rpoB,CAC,1.82
ERR4811065,sensitive,rpoB,TTT,0.18
ERR4811065,sensitive,rpoB,CGA,0.29
ERR4811065,sensitive,rpoB,TCA,0.17
ERR4811065,sensitive,rpoB,TAT,0.25
ERR4811065,sensitive,rpoB,CAT,0.18
ERR4811065,sensitive,rpoB,ACT,0.25
ERR4811065,sensitive,rpoB,TGT,0.44
ERR4811065,sensitive,rpoB,AGG,0.07
ERR4811065,sensitive,rpoB,CTA,0.06
ERR4811065,sensitive,katG,GTG,1.46
ERR4811065,sensitive,katG,CCC,1.44
ERR4811065,sensitive,katG,GAG,1.45
ERR4811065,sensitive,katG,CAA,0.48
ERR4811065,sensitive,katG,CAC,1.67
ERR4811065,sensitive,katG,CCA,0.32
ERR4811065,sensitive,katG,ATT,0.6
ERR4811065,sensitive,katG,ACA,0.19
ERR4811065,sensitive,katG,GAA,0.55
ERR4811065,sensitive,katG,ACC,2.38
ERR4811065,sensitive,katG,GGA,0.25
ERR4811065,sensitive,katG,GCC,1.77
ERR4811065,sensitive,katG,GCT,0.47
ERR4811065,sensitive,katG,AGC,2.0
ERR4811065,sensitive,katG,AAC,1.93
ERR4811065,sensitive,katG,GGC,2.38
ERR4811065,sensitive,katG,TGT,1.33
ERR4811065,sensitive,katG,GTC,2.0
ERR4811065,sensitive,katG,GGT,0.71
ERR4811065,sensitive,katG,CAT,0.33
ERR4811065,sensitive,katG,ATG,1.0
ERR4811065,sensitive,katG,AAA,0.23
ERR4811065,sensitive,katG,TAC,1.52
ERR4811065,sensitive,katG,CAG,1.52
ERR4811065,sensitive,katG,GAC,1.52
ERR4811065,sensitive,katG,TGG,1.0
ERR4811065,sensitive,katG,CGG,1.89
ERR4811065,sensitive,katG,CTC,1.33
ERR4811065,sensitive,katG,AAT,0.07
ERR4811065,sensitive,katG,CTG,3.43
ERR4811065,sensitive,katG,AAG,1.77
ERR4811065,sensitive,katG,GTA,0.23
ERR4811065,sensitive,katG,CCG,2.0
ERR4811065,sensitive,katG,GCG,1.4
ERR4811065,sensitive,katG,TTC,1.77
ERR4811065,sensitive,katG,TAT,0.48
ERR4811065,sensitive,katG,ATC,2.28
ERR4811065,sensitive,katG,GTT,0.31
ERR4811065,sensitive,katG,ACG,1.14
ERR4811065,sensitive,katG,TCG,1.83
ERR4811065,sensitive,katG,GGG,0.66
ERR4811065,sensitive,katG,TTT,0.23
ERR4811065,sensitive,katG,CGC,2.91
ERR4811065,sensitive,katG,CTT,0.48
ERR4811065,sensitive,katG,TTG,0.57
ERR4811065,sensitive,katG,TCA,0.67
ERR4811065,sensitive,katG,TGC,0.67
ERR4811065,sensitive,katG,GAT,0.48
ERR4811065,sensitive,katG,CGT,0.51
ERR4811065,sensitive,katG,ACT,0.29
ERR4811065,sensitive,katG,AGT,0.5
ERR4811065,sensitive,katG,CCT,0.24
ERR4811065,sensitive,katG,TCC,1.0
ERR4811065,sensitive,katG,CGA,0.34
ERR4811065,sensitive,katG,AGA,0.17
ERR4811065,sensitive,katG,GCA,0.36
ERR4811065,sensitive,katG,CTA,0.1
ERR4811065,sensitive,katG,ATA,0.12
ERR4811065,sensitive,katG,TTA,0.1
ERR4811065,sensitive,katG,AGG,0.17
ERR4811065,sensitive,gyrA,ATG,1.0
ERR4811065,sensitive,gyrA,ACA,0.26
ERR4811065,sensitive,gyrA,GAC,1.68
ERR4811065,sensitive,gyrA,ACG,0.77
ERR4811065,sensitive,gyrA,TTG,0.91
ERR4811065,sensitive,gyrA,CCG,2.34
ERR4811065,sensitive,gyrA,CCT,0.28
ERR4811065,sensitive,gyrA,TCG,2.31
ERR4811065,sensitive,gyrA,CTC,0.53
ERR4811065,sensitive,gyrA,CGG,1.95
ERR4811065,sensitive,gyrA,ATC,2.56
ERR4811065,sensitive,gyrA,GAA,0.65
ERR4811065,sensitive,gyrA,GTT,0.7
ERR4811065,sensitive,gyrA,CAG,1.88
ERR4811065,sensitive,gyrA,GAG,1.35
ERR4811065,sensitive,gyrA,CGC,2.92
ERR4811065,sensitive,gyrA,AGC,1.38
ERR4811065,sensitive,gyrA,TAC,1.28
ERR4811065,sensitive,gyrA,TAT,0.72
ERR4811065,sensitive,gyrA,GCG,1.45
ERR4811065,sensitive,gyrA,GTG,1.74
ERR4811065,sensitive,gyrA,GTC,1.45
ERR4811065,sensitive,gyrA,GGC,2.26
ERR4811065,sensitive,gyrA,CTG,4.18
ERR4811065,sensitive,gyrA,GGG,0.64
ERR4811065,sensitive,gyrA,AAG,1.28
ERR4811065,sensitive,gyrA,CCC,0.97
ERR4811065,sensitive,gyrA,CAT,0.14
ERR4811065,sensitive,gyrA,GCA,0.43
ERR4811065,sensitive,gyrA,TTC,1.88
ERR4811065,sensitive,gyrA,GAT,0.32
ERR4811065,sensitive,gyrA,TCC,1.69
ERR4811065,sensitive,gyrA,CAC,1.86
ERR4811065,sensitive,gyrA,GCC,2.07
ERR4811065,sensitive,gyrA,ACC,2.55
ERR4811065,sensitive,gyrA,AAC,1.38
ERR4811065,sensitive,gyrA,TGG,1.0
ERR4811065,sensitive,gyrA,CCA,0.41
ERR4811065,sensitive,gyrA,AAT,0.62
ERR4811065,sensitive,gyrA,AGG,0.38
ERR4811065,sensitive,gyrA,CAA,0.12
ERR4811065,sensitive,gyrA,CTA,0.15
ERR4811065,sensitive,gyrA,TCA,0.31
ERR4811065,sensitive,gyrA,CGT,0.53
ERR4811065,sensitive,gyrA,AAA,0.72
ERR4811065,sensitive,gyrA,GGA,0.52
ERR4811065,sensitive,gyrA,GCT,0.05
ERR4811065,sensitive,gyrA,ACT,0.43
ERR4811065,sensitive,gyrA,ATT,0.44
ERR4811065,sensitive,gyrA,CGA,0.23
ERR4811065,sensitive,gyrA,GTA,0.12
ERR4811065,sensitive,gyrA,GGT,0.58
ERR4811065,sensitive,gyrA,TCT,0.15
ERR4811065,sensitive,gyrA,TTA,0.15
ERR4811065,sensitive,gyrA,CTT,0.08
ERR4811065,sensitive,gyrA,TTT,0.12
ERR4811065,sensitive,gyrA,TGC,1.0
ERR4811065,sensitive,gyrA,TGT,1.0
ERR4811065,sensitive,gyrA,AGT,0.15
ERR4811066,resistant,rpoB,TTG,0.86
ERR4811066,resistant,rpoB,GCA,0.24
ERR4811066,resistant,rpoB,GAT,0.21
ERR4811066,resistant,rpoB,TCC,1.54
ERR4811066,resistant,rpoB,CGC,3.15
ERR4811066,resistant,rpoB,CAG,1.76
ERR4811066,resistant,rpoB,AGC,1.03
ERR4811066,resistant,rpoB,AAA,0.24
ERR4811066,resistant,rpoB,ACA,0.13
ERR4811066,resistant,rpoB,GCC,2.22
ERR4811066,resistant,rpoB,GCT,0.24
ERR4811066,resistant,rpoB,AGT,0.6
ERR4811066,resistant,rpoB,CCT,0.18
ERR4811066,resistant,rpoB,CCG,2.65
ERR4811066,resistant,rpoB,CAA,0.24
ERR4811066,resistant,rpoB,TCG,2.4
ERR4811066,resistant,rpoB,AAT,0.15
ERR4811066,resistant,rpoB,AAC,1.85
ERR4811066,resistant,rpoB,GTA,0.04
ERR4811066,resistant,rpoB,CCC,0.92
ERR4811066,resistant,rpoB,GGA,0.12
ERR4811066,resistant,rpoB,GCG,1.3
ERR4811066,resistant,rpoB,CCA,0.25
ERR4811066,resistant,rpoB,CGG,1.68
ERR4811066,resistant,rpoB,GTC,1.69
ERR4811066,resistant,rpoB,TTC,1.82
ERR4811066,resistant,rpoB,AAG,1.76
ERR4811066,resistant,rpoB,CTG,4.1
ERR4811066,resistant,rpoB,GAA,0.37
ERR4811066,resistant,rpoB,CTT,0.24
ERR4811066,resistant,rpoB,GAG,1.63
ERR4811066,resistant,rpoB,GTT,0.25
ERR4811066,resistant,rpoB,CTC,0.73
ERR4811066,resistant,rpoB,GAC,1.79
ERR4811066,resistant,rpoB,ACC,2.6
ERR4811066,resistant,rpoB,TGG,1.0
ERR4811066,resistant,rpoB,ATC,2.63
ERR4811066,resistant,rpoB,GGT,1.08
ERR4811066,resistant,rpoB,GTG,2.02
ERR4811066,resistant,rpoB,GGC,2.08
ERR4811066,resistant,rpoB,TAC,1.75
ERR4811066,resistant,rpoB,TCT,0.26
ERR4811066,resistant,rpoB,GGG,0.71
ERR4811066,resistant,rpoB,ATG,1.0
ERR4811066,resistant,rpoB,CGT,0.8
ERR4811066,resistant,rpoB,TGC,1.6
ERR4811066,resistant,rpoB,ACG,1.02
ERR4811066,resistant,rpoB,ATT,0.37
ERR4811066,resistant,rpoB,CAC,1.82
ERR4811066,resistant,rpoB,TTT,0.18
ERR4811066,resistant,rpoB,CGA,0.29
ERR4811066,resistant,rpoB,TCA,0.17
ERR4811066,resistant,rpoB,TAT,0.25
ERR4811066,resistant,rpoB,CAT,0.18
ERR4811066,resistant,rpoB,ACT,0.25
ERR4811066,resistant,rpoB,TGT,0.4
ERR4811066,resistant,rpoB,AGG,0.07
ERR4811066,resistant,rpoB,CTA,0.06
ERR4811066,resistant,katG,GTG,1.46
ERR4811066,resistant,katG,CCC,1.44
ERR4811066,resistant,katG,GAG,1.45
ERR4811066,resistant,katG,CAA,0.48
ERR4811066,resistant,katG,CAC,1.67
ERR4811066,resistant,katG,CCA,0.32
ERR4811066,resistant,katG,ATT,0.6
ERR4811066,resistant,katG,ACA,0.19
ERR4811066,resistant,katG,GAA,0.55
ERR4811066,resistant,katG,ACC,2.42
ERR4811066,resistant,katG,GGA,0.25
ERR4811066,resistant,katG,GCC,1.77
ERR4811066,resistant,katG,GCT,0.47
ERR4811066,resistant,katG,AGC,1.89
ERR4811066,resistant,katG,AAC,1.93
ERR4811066,resistant,katG,GGC,2.38
ERR4811066,resistant,katG,TGT,1.33
ERR4811066,resistant,katG,GTC,2.0
ERR4811066,resistant,katG,GGT,0.71
ERR4811066,resistant,katG,CAT,0.33
ERR4811066,resistant,katG,ATG,1.0
ERR4811066,resistant,katG,AAA,0.23
ERR4811066,resistant,katG,TAC,1.52
ERR4811066,resistant,katG,CAG,1.52
ERR4811066,resistant,katG,GAC,1.52
ERR4811066,resistant,katG,TGG,1.0
ERR4811066,resistant,katG,CGG,1.89
ERR4811066,resistant,katG,CTC,1.33
ERR4811066,resistant,katG,AAT,0.07
ERR4811066,resistant,katG,CTG,3.43
ERR4811066,resistant,katG,AAG,1.77
ERR4811066,resistant,katG,GTA,0.23
ERR4811066,resistant,katG,CCG,2.0
ERR4811066,resistant,katG,GCG,1.4
ERR4811066,resistant,katG,TTC,1.77
ERR4811066,resistant,katG,TAT,0.48
ERR4811066,resistant,katG,ATC,2.28
ERR4811066,resistant,katG,GTT,0.31
ERR4811066,resistant,katG,ACG,1.12
ERR4811066,resistant,katG,TCG,1.89
ERR4811066,resistant,katG,GGG,0.66
ERR4811066,resistant,katG,TTT,0.23
ERR4811066,resistant,katG,CGC,2.91
ERR4811066,resistant,katG,CTT,0.48
ERR4811066,resistant,katG,TTG,0.57
ERR4811066,resistant,katG,TCA,0.69
ERR4811066,resistant,katG,TGC,0.67
ERR4811066,resistant,katG,GAT,0.48
ERR4811066,resistant,katG,CGT,0.51
ERR4811066,resistant,katG,ACT,0.28
ERR4811066,resistant,katG,AGT,0.51
ERR4811066,resistant,katG,CCT,0.24
ERR4811066,resistant,katG,TCC,1.03
ERR4811066,resistant,katG,CGA,0.34
ERR4811066,resistant,katG,AGA,0.17
ERR4811066,resistant,katG,GCA,0.36
ERR4811066,resistant,katG,CTA,0.1
ERR4811066,resistant,katG,ATA,0.12
ERR4811066,resistant,katG,TTA,0.1
ERR4811066,resistant,katG,AGG,0.17
ERR4811066,resistant,gyrA,ATG,1.0
ERR4811066,resistant,gyrA,ACA,0.26
ERR4811066,resistant,gyrA,GAC,1.68
ERR4811066,resistant,gyrA,ACG,0.77
ERR4811066,resistant,gyrA,TTG,0.91
ERR4811066,resistant,gyrA,CCG,2.34
ERR4811066,resistant,gyrA,CCT,0.28
ERR4811066,resistant,gyrA,TCG,2.31
ERR4811066,resistant,gyrA,CTC,0.53
ERR4811066,resistant,gyrA,CGG,1.95
ERR4811066,resistant,gyrA,ATC,2.56
ERR4811066,resistant,gyrA,GAA,0.65
ERR4811066,resistant,gyrA,GTT,0.7
ERR4811066,resistant,gyrA,CAG,1.88
ERR4811066,resistant,gyrA,GAG,1.35
ERR4811066,resistant,gyrA,CGC,2.92
ERR4811066,resistant,gyrA,AGC,1.38
ERR4811066,resistant,gyrA,TAC,1.28
ERR4811066,resistant,gyrA,TAT,0.72
ERR4811066,resistant,gyrA,GCG,1.45
ERR4811066,resistant,gyrA,GTG,1.74
ERR4811066,resistant,gyrA,GTC,1.45
ERR4811066,resistant,gyrA,GGC,2.26
ERR4811066,resistant,gyrA,CTG,4.18
ERR4811066,resistant,gyrA,GGG,0.64
ERR4811066,resistant,gyrA,AAG,1.28
ERR4811066,resistant,gyrA,CCC,0.97
ERR4811066,resistant,gyrA,CAT,0.14
ERR4811066,resistant,gyrA,GCA,0.43
ERR4811066,resistant,gyrA,TTC,1.88
ERR4811066,resistant,gyrA,GAT,0.32
ERR4811066,resistant,gyrA,TCC,1.69
ERR4811066,resistant,gyrA,CAC,1.86
ERR4811066,resistant,gyrA,GCC,2.07
ERR4811066,resistant,gyrA,ACC,2.55
ERR4811066,resistant,gyrA,AAC,1.38
ERR4811066,resistant,gyrA,TGG,1.0
ERR4811066,resistant,gyrA,CCA,0.41
ERR4811066,resistant,gyrA,AAT,0.62
ERR4811066,resistant,gyrA,AGG,0.38
ERR4811066,resistant,gyrA,CAA,0.12
ERR4811066,resistant,gyrA,CTA,0.15
ERR4811066,resistant,gyrA,TCA,0.31
ERR4811066,resistant,gyrA,CGT,0.53
ERR4811066,resistant,gyrA,AAA,0.72
ERR4811066,resistant,gyrA,GGA,0.52
ERR4811066,resistant,gyrA,GCT,0.05
ERR4811066,resistant,gyrA,ACT,0.43
ERR4811066,resistant,gyrA,ATT,0.44
ERR4811066,resistant,gyrA,CGA,0.23
ERR4811066,resistant,gyrA,GTA,0.12
ERR4811066,resistant,gyrA,GGT,0.58
ERR4811066,resistant,gyrA,TCT,0.15
ERR4811066,resistant,gyrA,TTA,0.15
ERR4811066,resistant,gyrA,CTT,0.08
ERR4811066,resistant,gyrA,TTT,0.12
ERR4811066,resistant,gyrA,TGC,1.0
ERR4811066,resistant,gyrA,TGT,1.0
ERR4811066,resistant,gyrA,AGT,0.15
ERR4811109,sensitive,rpoB,TTG,0.8
ERR4811109,sensitive,rpoB,GCA,0.24
ERR4811109,sensitive,rpoB,GAT,0.21
ERR4811109,sensitive,rpoB,TCC,1.52
ERR4811109,sensitive,rpoB,CGC,3.18
ERR4811109,sensitive,rpoB,CAG,1.76
ERR4811109,sensitive,rpoB,AGC,1.01
ERR4811109,sensitive,rpoB,AAA,0.24
ERR4811109,sensitive,rpoB,ACA,0.13
ERR4811109,sensitive,rpoB,GCC,2.17
ERR4811109,sensitive,rpoB,GCT,0.29
ERR4811109,sensitive,rpoB,AGT,0.59
ERR4811109,sensitive,rpoB,CCT,0.18
ERR4811109,sensitive,rpoB,CCG,2.65
ERR4811109,sensitive,rpoB,CAA,0.24
ERR4811109,sensitive,rpoB,TCG,2.45
ERR4811109,sensitive,rpoB,AAT,0.15
ERR4811109,sensitive,rpoB,AAC,1.85
ERR4811109,sensitive,rpoB,GTA,0.04
ERR4811109,sensitive,rpoB,CCC,0.92
ERR4811109,sensitive,rpoB,GGA,0.12
ERR4811109,sensitive,rpoB,GCG,1.3
ERR4811109,sensitive,rpoB,CCA,0.25
ERR4811109,sensitive,rpoB,CGG,1.66
ERR4811109,sensitive,rpoB,GTC,1.69
ERR4811109,sensitive,rpoB,TTC,1.82
ERR4811109,sensitive,rpoB,AAG,1.76
ERR4811109,sensitive,rpoB,CTG,4.14
ERR4811109,sensitive,rpoB,GAA,0.37
ERR4811109,sensitive,rpoB,CTT,0.25
ERR4811109,sensitive,rpoB,GAG,1.63
ERR4811109,sensitive,rpoB,GTT,0.25
ERR4811109,sensitive,rpoB,CTC,0.74
ERR4811109,sensitive,rpoB,GAC,1.79
ERR4811109,sensitive,rpoB,ACC,2.6
ERR4811109,sensitive,rpoB,TGG,1.0
ERR4811109,sensitive,rpoB,ATC,2.63
ERR4811109,sensitive,rpoB,GGT,1.08
ERR4811109,sensitive,rpoB,GTG,2.02
ERR4811109,sensitive,rpoB,GGC,2.08
ERR4811109,sensitive,rpoB,TAC,1.75
ERR4811109,sensitive,rpoB,TCT,0.25
ERR4811109,sensitive,rpoB,GGG,0.71
ERR4811109,sensitive,rpoB,ATG,1.0
ERR4811109,sensitive,rpoB,CGT,0.8
ERR4811109,sensitive,rpoB,TGC,1.56
ERR4811109,sensitive,rpoB,ACG,1.02
ERR4811109,sensitive,rpoB,ATT,0.37
ERR4811109,sensitive,rpoB,CAC,1.82
ERR4811109,sensitive,rpoB,TTT,0.18
ERR4811109,sensitive,rpoB,CGA,0.29
ERR4811109,sensitive,rpoB,TCA,0.17
ERR4811109,sensitive,rpoB,TAT,0.25
ERR4811109,sensitive,rpoB,CAT,0.18
ERR4811109,sensitive,rpoB,ACT,0.25
ERR4811109,sensitive,rpoB,TGT,0.44
ERR4811109,sensitive,rpoB,AGG,0.07
ERR4811109,sensitive,rpoB,CTA,0.06
ERR4811109,sensitive,katG,GTG,1.46
ERR4811109,sensitive,katG,CCC,1.44
ERR4811109,sensitive,katG,GAG,1.45
ERR4811109,sensitive,katG,CAA,0.48
ERR4811109,sensitive,katG,CAC,1.67
ERR4811109,sensitive,katG,CCA,0.32
ERR4811109,sensitive,katG,ATT,0.6
ERR4811109,sensitive,katG,ACA,0.19
ERR4811109,sensitive,katG,GAA,0.55
ERR4811109,sensitive,katG,ACC,2.38
ERR4811109,sensitive,katG,GGA,0.25
ERR4811109,sensitive,katG,GCC,1.77
ERR4811109,sensitive,katG,GCT,0.47
ERR4811109,sensitive,katG,AGC,2.0
ERR4811109,sensitive,katG,AAC,1.93
ERR4811109,sensitive,katG,GGC,2.38
ERR4811109,sensitive,katG,TGT,1.33
ERR4811109,sensitive,katG,GTC,2.0
ERR4811109,sensitive,katG,GGT,0.71
ERR4811109,sensitive,katG,CAT,0.33
ERR4811109,sensitive,katG,ATG,1.0
ERR4811109,sensitive,katG,AAA,0.23
ERR4811109,sensitive,katG,TAC,1.52
ERR4811109,sensitive,katG,CAG,1.52
ERR4811109,sensitive,katG,GAC,1.52
ERR4811109,sensitive,katG,TGG,1.0
ERR4811109,sensitive,katG,CGG,2.0
ERR4811109,sensitive,katG,CTC,1.35
ERR4811109,sensitive,katG,AAT,0.07
ERR4811109,sensitive,katG,CTG,3.39
ERR4811109,sensitive,katG,AAG,1.77
ERR4811109,sensitive,katG,GTA,0.23
ERR4811109,sensitive,katG,CCG,2.0
ERR4811109,sensitive,katG,GCG,1.4
ERR4811109,sensitive,katG,TTC,1.77
ERR4811109,sensitive,katG,TAT,0.48
ERR4811109,sensitive,katG,ATC,2.28
ERR4811109,sensitive,katG,GTT,0.31
ERR4811109,sensitive,katG,ACG,1.14
ERR4811109,sensitive,katG,TCG,1.83
ERR4811109,sensitive,katG,GGG,0.66
ERR4811109,sensitive,katG,TTT,0.23
ERR4811109,sensitive,katG,CGC,2.83
ERR4811109,sensitive,katG,CTT,0.48
ERR4811109,sensitive,katG,TTG,0.58
ERR4811109,sensitive,katG,TCA,0.67
ERR4811109,sensitive,katG,TGC,0.67
ERR4811109,sensitive,katG,GAT,0.48
ERR4811109,sensitive,katG,CGT,0.5
ERR4811109,sensitive,katG,ACT,0.29
ERR4811109,sensitive,katG,AGT,0.5
ERR4811109,sensitive,katG,CCT,0.24
ERR4811109,sensitive,katG,TCC,1.0
ERR4811109,sensitive,katG,CGA,0.33
ERR4811109,sensitive,katG,AGA,0.17
ERR4811109,sensitive,katG,GCA,0.36
ERR4811109,sensitive,katG,CTA,0.1
ERR4811109,sensitive,katG,ATA,0.12
ERR4811109,sensitive,katG,TTA,0.1
ERR4811109,sensitive,katG,AGG,0.17
ERR4811109,sensitive,gyrA,ATG,1.0
ERR4811109,sensitive,gyrA,ACA,0.26
ERR4811109,sensitive,gyrA,GAC,1.68
ERR4811109,sensitive,gyrA,ACG,0.77
ERR4811109,sensitive,gyrA,TTG,0.91
ERR4811109,sensitive,gyrA,CCG,2.34
ERR4811109,sensitive,gyrA,CCT,0.28
ERR4811109,sensitive,gyrA,TCG,2.31
ERR4811109,sensitive,gyrA,CTC,0.53
ERR4811109,sensitive,gyrA,CGG,1.95
ERR4811109,sensitive,gyrA,ATC,2.56
ERR4811109,sensitive,gyrA,GAA,0.65
ERR4811109,sensitive,gyrA,GTT,0.7
ERR4811109,sensitive,gyrA,CAG,1.88
ERR4811109,sensitive,gyrA,GAG,1.35
ERR4811109,sensitive,gyrA,CGC,2.92
ERR4811109,sensitive,gyrA,AGC,1.38
ERR4811109,sensitive,gyrA,TAC,1.28
ERR4811109,sensitive,gyrA,TAT,0.72
ERR4811109,sensitive,gyrA,GCG,1.45
ERR4811109,sensitive,gyrA,GTG,1.74
ERR4811109,sensitive,gyrA,GTC,1.45
ERR4811109,sensitive,gyrA,GGC,2.26
ERR4811109,sensitive,gyrA,CTG,4.1
ERR4811109,sensitive,gyrA,GGG,0.64
ERR4811109,sensitive,gyrA,AAG,1.28
ERR4811109,sensitive,gyrA,CCC,0.97
ERR4811109,sensitive,gyrA,CAT,0.14
ERR4811109,sensitive,gyrA,GCA,0.43
ERR4811109,sensitive,gyrA,TTC,1.88
ERR4811109,sensitive,gyrA,GAT,0.32
ERR4811109,sensitive,gyrA,TCC,1.69
ERR4811109,sensitive,gyrA,CAC,1.86
ERR4811109,sensitive,gyrA,GCC,2.07
ERR4811109,sensitive,gyrA,ACC,2.55
ERR4811109,sensitive,gyrA,AAC,1.38
ERR4811109,sensitive,gyrA,TGG,1.0
ERR4811109,sensitive,gyrA,CCA,0.41
ERR4811109,sensitive,gyrA,AAT,0.62
ERR4811109,sensitive,gyrA,AGG,0.38
ERR4811109,sensitive,gyrA,CAA,0.12
ERR4811109,sensitive,gyrA,CTA,0.23
ERR4811109,sensitive,gyrA,TCA,0.31
ERR4811109,sensitive,gyrA,CGT,0.53
ERR4811109,sensitive,gyrA,AAA,0.72
ERR4811109,sensitive,gyrA,GGA,0.52
ERR4811109,sensitive,gyrA,GCT,0.05
ERR4811109,sensitive,gyrA,ACT,0.43
ERR4811109,sensitive,gyrA,ATT,0.44
ERR4811109,sensitive,gyrA,CGA,0.23
ERR4811109,sensitive,gyrA,GTA,0.12
ERR4811109,sensitive,gyrA,GGT,0.58
ERR4811109,sensitive,gyrA,TCT,0.15
ERR4811109,sensitive,gyrA,TTA,0.15
ERR4811109,sensitive,gyrA,CTT,0.08
ERR4811109,sensitive,gyrA,TTT,0.12
ERR4811109,sensitive,gyrA,TGC,1.0
ERR4811109,sensitive,gyrA,TGT,1.0
ERR4811109,sensitive,gyrA,AGT,0.15
ERR4811135,sensitive,rpoB,TTG,0.8
ERR4811135,sensitive,rpoB,GCA,0.24
ERR4811135,sensitive,rpoB,GAT,0.21
ERR4811135,sensitive,rpoB,TCC,1.52
ERR4811135,sensitive,rpoB,CGC,3.18
ERR4811135,sensitive,rpoB,CAG,1.76
ERR4811135,sensitive,rpoB,AGC,1.01
ERR4811135,sensitive,rpoB,AAA,0.24
ERR4811135,sensitive,rpoB,ACA,0.13
ERR4811135,sensitive,rpoB,GCC,2.17
ERR4811135,sensitive,rpoB,GCT,0.29
ERR4811135,sensitive,rpoB,AGT,0.59
ERR4811135,sensitive,rpoB,CCT,0.18
ERR4811135,sensitive,rpoB,CCG,2.65
ERR4811135,sensitive,rpoB,CAA,0.24
ERR4811135,sensitive,rpoB,TCG,2.45
ERR4811135,sensitive,rpoB,AAT,0.15
ERR4811135,sensitive,rpoB,AAC,1.85
ERR4811135,sensitive,rpoB,GTA,0.04
ERR4811135,sensitive,rpoB,CCC,0.92
ERR4811135,sensitive,rpoB,GGA,0.12
ERR4811135,sensitive,rpoB,GCG,1.3
ERR4811135,sensitive,rpoB,CCA,0.25
ERR4811135,sensitive,rpoB,CGG,1.66
ERR4811135,sensitive,rpoB,GTC,1.69
ERR4811135,sensitive,rpoB,TTC,1.82
ERR4811135,sensitive,rpoB,AAG,1.76
ERR4811135,sensitive,rpoB,CTG,4.14
ERR4811135,sensitive,rpoB,GAA,0.37
ERR4811135,sensitive,rpoB,CTT,0.25
ERR4811135,sensitive,rpoB,GAG,1.63
ERR4811135,sensitive,rpoB,GTT,0.25
ERR4811135,sensitive,rpoB,CTC,0.74
ERR4811135,sensitive,rpoB,GAC,1.79
ERR4811135,sensitive,rpoB,ACC,2.6
ERR4811135,sensitive,rpoB,TGG,1.0
ERR4811135,sensitive,rpoB,ATC,2.63
ERR4811135,sensitive,rpoB,GGT,1.08
ERR4811135,sensitive,rpoB,GTG,2.02
ERR4811135,sensitive,rpoB,GGC,2.08
ERR4811135,sensitive,rpoB,TAC,1.75
ERR4811135,sensitive,rpoB,TCT,0.25
ERR4811135,sensitive,rpoB,GGG,0.71
ERR4811135,sensitive,rpoB,ATG,1.0
ERR4811135,sensitive,rpoB,CGT,0.8
ERR4811135,sensitive,rpoB,TGC,1.56
ERR4811135,sensitive,rpoB,ACG,1.02
ERR4811135,sensitive,rpoB,ATT,0.37
ERR4811135,sensitive,rpoB,CAC,1.82
ERR4811135,sensitive,rpoB,TTT,0.18
ERR4811135,sensitive,rpoB,CGA,0.29
ERR4811135,sensitive,rpoB,TCA,0.17
ERR4811135,sensitive,rpoB,TAT,0.25
ERR4811135,sensitive,rpoB,CAT,0.18
ERR4811135,sensitive,rpoB,ACT,0.25
ERR4811135,sensitive,rpoB,TGT,0.44
ERR4811135,sensitive,rpoB,AGG,0.07
ERR4811135,sensitive,rpoB,CTA,0.06
ERR4811135,sensitive,katG,GTG,1.46
ERR4811135,sensitive,katG,CCC,1.44
ERR4811135,sensitive,katG,GAG,1.45
ERR4811135,sensitive,katG,CAA,0.48
ERR4811135,sensitive,katG,CAC,1.67
ERR4811135,sensitive,katG,CCA,0.32
ERR4811135,sensitive,katG,ATT,0.6
ERR4811135,sensitive,katG,ACA,0.19
ERR4811135,sensitive,katG,GAA,0.55
ERR4811135,sensitive,katG,ACC,2.38
ERR4811135,sensitive,katG,GGA,0.25
ERR4811135,sensitive,katG,GCC,1.77
ERR4811135,sensitive,katG,GCT,0.47
ERR4811135,sensitive,katG,AGC,2.0
ERR4811135,sensitive,katG,AAC,1.93
ERR4811135,sensitive,katG,GGC,2.38
ERR4811135,sensitive,katG,TGT,1.33
ERR4811135,sensitive,katG,GTC,2.0
ERR4811135,sensitive,katG,GGT,0.71
ERR4811135,sensitive,katG,CAT,0.33
ERR4811135,sensitive,katG,ATG,1.0
ERR4811135,sensitive,katG,AAA,0.23
ERR4811135,sensitive,katG,TAC,1.52
ERR4811135,sensitive,katG,CAG,1.52
ERR4811135,sensitive,katG,GAC,1.52
ERR4811135,sensitive,katG,TGG,1.0
ERR4811135,sensitive,katG,CGG,2.0
ERR4811135,sensitive,katG,CTC,1.35
ERR4811135,sensitive,katG,AAT,0.07
ERR4811135,sensitive,katG,CTG,3.39
ERR4811135,sensitive,katG,AAG,1.77
ERR4811135,sensitive,katG,GTA,0.23
ERR4811135,sensitive,katG,CCG,2.0
ERR4811135,sensitive,katG,GCG,1.4
ERR4811135,sensitive,katG,TTC,1.77
ERR4811135,sensitive,katG,TAT,0.48
ERR4811135,sensitive,katG,ATC,2.28
ERR4811135,sensitive,katG,GTT,0.31
ERR4811135,sensitive,katG,ACG,1.14
ERR4811135,sensitive,katG,TCG,1.83
ERR4811135,sensitive,katG,GGG,0.66
ERR4811135,sensitive,katG,TTT,0.23
ERR4811135,sensitive,katG,CGC,2.83
ERR4811135,sensitive,katG,CTT,0.48
ERR4811135,sensitive,katG,TTG,0.58
ERR4811135,sensitive,katG,TCA,0.67
ERR4811135,sensitive,katG,TGC,0.67
ERR4811135,sensitive,katG,GAT,0.48
ERR4811135,sensitive,katG,CGT,0.5
ERR4811135,sensitive,katG,ACT,0.29
ERR4811135,sensitive,katG,AGT,0.5
ERR4811135,sensitive,katG,CCT,0.24
ERR4811135,sensitive,katG,TCC,1.0
ERR4811135,sensitive,katG,CGA,0.33
ERR4811135,sensitive,katG,AGA,0.17
ERR4811135,sensitive,katG,GCA,0.36
ERR4811135,sensitive,katG,CTA,0.1
ERR4811135,sensitive,katG,ATA,0.12
ERR4811135,sensitive,katG,TTA,0.1
ERR4811135,sensitive,katG,AGG,0.17
ERR4811135,sensitive,gyrA,ATG,1.0
ERR4811135,sensitive,gyrA,ACA,0.26
ERR4811135,sensitive,gyrA,GAC,1.68
ERR4811135,sensitive,gyrA,ACG,0.78
ERR4811135,sensitive,gyrA,TTG,0.91
ERR4811135,sensitive,gyrA,CCG,2.34
ERR4811135,sensitive,gyrA,CCT,0.28
ERR4811135,sensitive,gyrA,TCG,2.25
ERR4811135,sensitive,gyrA,CTC,0.53
ERR4811135,sensitive,gyrA,CGG,1.95
ERR4811135,sensitive,gyrA,ATC,2.56
ERR4811135,sensitive,gyrA,GAA,0.65
ERR4811135,sensitive,gyrA,GTT,0.7
ERR4811135,sensitive,gyrA,CAG,1.88
ERR4811135,sensitive,gyrA,GAG,1.35
ERR4811135,sensitive,gyrA,CGC,2.92
ERR4811135,sensitive,gyrA,AGC,1.5
ERR4811135,sensitive,gyrA,TAC,1.28
ERR4811135,sensitive,gyrA,TAT,0.72
ERR4811135,sensitive,gyrA,GCG,1.45
ERR4811135,sensitive,gyrA,GTG,1.74
ERR4811135,sensitive,gyrA,GTC,1.45
ERR4811135,sensitive,gyrA,GGC,2.29
ERR4811135,sensitive,gyrA,CTG,4.18
ERR4811135,sensitive,gyrA,GGG,0.63
ERR4811135,sensitive,gyrA,AAG,1.28
ERR4811135,sensitive,gyrA,CCC,0.97
ERR4811135,sensitive,gyrA,CAT,0.14
ERR4811135,sensitive,gyrA,GCA,0.43
ERR4811135,sensitive,gyrA,TTC,1.88
ERR4811135,sensitive,gyrA,GAT,0.32
ERR4811135,sensitive,gyrA,TCC,1.65
ERR4811135,sensitive,gyrA,CAC,1.86
ERR4811135,sensitive,gyrA,GCC,2.07
ERR4811135,sensitive,gyrA,ACC,2.52
ERR4811135,sensitive,gyrA,AAC,1.38
ERR4811135,sensitive,gyrA,TGG,1.0
ERR4811135,sensitive,gyrA,CCA,0.41
ERR4811135,sensitive,gyrA,AAT,0.62
ERR4811135,sensitive,gyrA,AGG,0.38
ERR4811135,sensitive,gyrA,CAA,0.12
ERR4811135,sensitive,gyrA,CTA,0.15
ERR4811135,sensitive,gyrA,TCA,0.3
ERR4811135,sensitive,gyrA,CGT,0.53
ERR4811135,sensitive,gyrA,AAA,0.72
ERR4811135,sensitive,gyrA,GGA,0.51
ERR4811135,sensitive,gyrA,GCT,0.05
ERR4811135,sensitive,gyrA,ACT,0.43
ERR4811135,sensitive,gyrA,ATT,0.44
ERR4811135,sensitive,gyrA,CGA,0.23
ERR4811135,sensitive,gyrA,GTA,0.12
ERR4811135,sensitive,gyrA,GGT,0.57
ERR4811135,sensitive,gyrA,TCT,0.15
ERR4811135,sensitive,gyrA,TTA,0.15
ERR4811135,sensitive,gyrA,CTT,0.08
ERR4811135,sensitive,gyrA,TTT,0.12
ERR4811135,sensitive,gyrA,TGC,1.0
ERR4811135,sensitive,gyrA,TGT,1.0
ERR4811135,sensitive,gyrA,AGT,0.15
ERR4811137,sensitive,rpoB,TTG,0.8
ERR4811137,sensitive,rpoB,GCA,0.24
ERR4811137,sensitive,rpoB,GAT,0.21
ERR4811137,sensitive,rpoB,TCC,1.52
ERR4811137,sensitive,rpoB,CGC,3.18
ERR4811137,sensitive,rpoB,CAG,1.76
ERR4811137,sensitive,rpoB,AGC,1.01
ERR4811137,sensitive,rpoB,AAA,0.24
ERR4811137,sensitive,rpoB,ACA,0.13
ERR4811137,sensitive,rpoB,GCC,2.17
ERR4811137,sensitive,rpoB,GCT,0.29
ERR4811137,sensitive,rpoB,AGT,0.59
ERR4811137,sensitive,rpoB,CCT,0.18
ERR4811137,sensitive,rpoB,CCG,2.65
ERR4811137,sensitive,rpoB,CAA,0.24
ERR4811137,sensitive,rpoB,TCG,2.45
ERR4811137,sensitive,rpoB,AAT,0.15
ERR4811137,sensitive,rpoB,AAC,1.85
ERR4811137,sensitive,rpoB,GTA,0.04
ERR4811137,sensitive,rpoB,CCC,0.92
ERR4811137,sensitive,rpoB,GGA,0.12
ERR4811137,sensitive,rpoB,GCG,1.3
ERR4811137,sensitive,rpoB,CCA,0.25
ERR4811137,sensitive,rpoB,CGG,1.66
ERR4811137,sensitive,rpoB,GTC,1.69
ERR4811137,sensitive,rpoB,TTC,1.82
ERR4811137,sensitive,rpoB,AAG,1.76
ERR4811137,sensitive,rpoB,CTG,4.14
ERR4811137,sensitive,rpoB,GAA,0.37
ERR4811137,sensitive,rpoB,CTT,0.25
ERR4811137,sensitive,rpoB,GAG,1.63
ERR4811137,sensitive,rpoB,GTT,0.25
ERR4811137,sensitive,rpoB,CTC,0.74
ERR4811137,sensitive,rpoB,GAC,1.79
ERR4811137,sensitive,rpoB,ACC,2.6
ERR4811137,sensitive,rpoB,TGG,1.0
ERR4811137,sensitive,rpoB,ATC,2.63
ERR4811137,sensitive,rpoB,GGT,1.08
ERR4811137,sensitive,rpoB,GTG,2.02
ERR4811137,sensitive,rpoB,GGC,2.08
ERR4811137,sensitive,rpoB,TAC,1.75
ERR4811137,sensitive,rpoB,TCT,0.25
ERR4811137,sensitive,rpoB,GGG,0.71
ERR4811137,sensitive,rpoB,ATG,1.0
ERR4811137,sensitive,rpoB,CGT,0.8
ERR4811137,sensitive,rpoB,TGC,1.56
ERR4811137,sensitive,rpoB,ACG,1.02
ERR4811137,sensitive,rpoB,ATT,0.37
ERR4811137,sensitive,rpoB,CAC,1.82
ERR4811137,sensitive,rpoB,TTT,0.18
ERR4811137,sensitive,rpoB,CGA,0.29
ERR4811137,sensitive,rpoB,TCA,0.17
ERR4811137,sensitive,rpoB,TAT,0.25
ERR4811137,sensitive,rpoB,CAT,0.18
ERR4811137,sensitive,rpoB,ACT,0.25
ERR4811137,sensitive,rpoB,TGT,0.44
ERR4811137,sensitive,rpoB,AGG,0.07
ERR4811137,sensitive,rpoB,CTA,0.06
ERR4811137,sensitive,katG,GTG,1.46
ERR4811137,sensitive,katG,CCC,1.44
ERR4811137,sensitive,katG,GAG,1.45
ERR4811137,sensitive,katG,CAA,0.48
ERR4811137,sensitive,katG,CAC,1.67
ERR4811137,sensitive,katG,CCA,0.32
ERR4811137,sensitive,katG,ATT,0.6
ERR4811137,sensitive,katG,ACA,0.19
ERR4811137,sensitive,katG,GAA,0.55
ERR4811137,sensitive,katG,ACC,2.38
ERR4811137,sensitive,katG,GGA,0.25
ERR4811137,sensitive,katG,GCC,1.77
ERR4811137,sensitive,katG,GCT,0.47
ERR4811137,sensitive,katG,AGC,2.0
ERR4811137,sensitive,katG,AAC,1.93
ERR4811137,sensitive,katG,GGC,2.38
ERR4811137,sensitive,katG,TGT,1.33
ERR4811137,sensitive,katG,GTC,2.0
ERR4811137,sensitive,katG,GGT,0.71
ERR4811137,sensitive,katG,CAT,0.33
ERR4811137,sensitive,katG,ATG,1.0
ERR4811137,sensitive,katG,AAA,0.23
ERR4811137,sensitive,katG,TAC,1.52
ERR4811137,sensitive,katG,CAG,1.52
ERR4811137,sensitive,katG,GAC,1.52
ERR4811137,sensitive,katG,TGG,1.0
ERR4811137,sensitive,katG,CGG,2.0
ERR4811137,sensitive,katG,CTC,1.35
ERR4811137,sensitive,katG,AAT,0.07
ERR4811137,sensitive,katG,CTG,3.39
ERR4811137,sensitive,katG,AAG,1.77
ERR4811137,sensitive,katG,GTA,0.23
ERR4811137,sensitive,katG,CCG,2.0
ERR4811137,sensitive,katG,GCG,1.4
ERR4811137,sensitive,katG,TTC,1.77
ERR4811137,sensitive,katG,TAT,0.48
ERR4811137,sensitive,katG,ATC,2.28
ERR4811137,sensitive,katG,GTT,0.31
ERR4811137,sensitive,katG,ACG,1.14
ERR4811137,sensitive,katG,TCG,1.83
ERR4811137,sensitive,katG,GGG,0.66
ERR4811137,sensitive,katG,TTT,0.23
ERR4811137,sensitive,katG,CGC,2.83
ERR4811137,sensitive,katG,CTT,0.48
ERR4811137,sensitive,katG,TTG,0.58
ERR4811137,sensitive,katG,TCA,0.67
ERR4811137,sensitive,katG,TGC,0.67
ERR4811137,sensitive,katG,GAT,0.48
ERR4811137,sensitive,katG,CGT,0.5
ERR4811137,sensitive,katG,ACT,0.29
ERR4811137,sensitive,katG,AGT,0.5
ERR4811137,sensitive,katG,CCT,0.24
ERR4811137,sensitive,katG,TCC,1.0
ERR4811137,sensitive,katG,CGA,0.33
ERR4811137,sensitive,katG,AGA,0.17
ERR4811137,sensitive,katG,GCA,0.36
ERR4811137,sensitive,katG,CTA,0.1
ERR4811137,sensitive,katG,ATA,0.12
ERR4811137,sensitive,katG,TTA,0.1
ERR4811137,sensitive,katG,AGG,0.17
ERR4811137,sensitive,gyrA,ATG,1.0
ERR4811137,sensitive,gyrA,ACA,0.26
ERR4811137,sensitive,gyrA,GAC,1.68
ERR4811137,sensitive,gyrA,ACG,0.77
ERR4811137,sensitive,gyrA,TTG,0.91
ERR4811137,sensitive,gyrA,CCG,2.34
ERR4811137,sensitive,gyrA,CCT,0.28
ERR4811137,sensitive,gyrA,TCG,2.21
ERR4811137,sensitive,gyrA,CTC,0.53
ERR4811137,sensitive,gyrA,CGG,1.95
ERR4811137,sensitive,gyrA,ATC,2.56
ERR4811137,sensitive,gyrA,GAA,0.65
ERR4811137,sensitive,gyrA,GTT,0.7
ERR4811137,sensitive,gyrA,CAG,1.88
ERR4811137,sensitive,gyrA,GAG,1.35
ERR4811137,sensitive,gyrA,CGC,2.92
ERR4811137,sensitive,gyrA,AGC,1.42
ERR4811137,sensitive,gyrA,TAC,1.28
ERR4811137,sensitive,gyrA,TAT,0.72
ERR4811137,sensitive,gyrA,GCG,1.41
ERR4811137,sensitive,gyrA,GTG,1.74
ERR4811137,sensitive,gyrA,GTC,1.45
ERR4811137,sensitive,gyrA,GGC,2.26
ERR4811137,sensitive,gyrA,CTG,4.18
ERR4811137,sensitive,gyrA,GGG,0.64
ERR4811137,sensitive,gyrA,AAG,1.31
ERR4811137,sensitive,gyrA,CCC,0.97
ERR4811137,sensitive,gyrA,CAT,0.14
ERR4811137,sensitive,gyrA,GCA,0.44
ERR4811137,sensitive,gyrA,TTC,1.88
ERR4811137,sensitive,gyrA,GAT,0.32
ERR4811137,sensitive,gyrA,TCC,1.74
ERR4811137,sensitive,gyrA,CAC,1.86
ERR4811137,sensitive,gyrA,GCC,2.1
ERR4811137,sensitive,gyrA,ACC,2.55
ERR4811137,sensitive,gyrA,AAC,1.36
ERR4811137,sensitive,gyrA,TGG,1.0
ERR4811137,sensitive,gyrA,CCA,0.41
ERR4811137,sensitive,gyrA,AAT,0.64
ERR4811137,sensitive,gyrA,AGG,0.38
ERR4811137,sensitive,gyrA,CAA,0.12
ERR4811137,sensitive,gyrA,CTA,0.15
ERR4811137,sensitive,gyrA,TCA,0.32
ERR4811137,sensitive,gyrA,CGT,0.53
ERR4811137,sensitive,gyrA,AAA,0.69
ERR4811137,sensitive,gyrA,GGA,0.52
ERR4811137,sensitive,gyrA,GCT,0.05
ERR4811137,sensitive,gyrA,ACT,0.43
ERR4811137,sensitive,gyrA,ATT,0.44
ERR4811137,sensitive,gyrA,CGA,0.23
ERR4811137,sensitive,gyrA,GTA,0.12
ERR4811137,sensitive,gyrA,GGT,0.58
ERR4811137,sensitive,gyrA,TCT,0.16
ERR4811137,sensitive,gyrA,TTA,0.15
ERR4811137,sensitive,gyrA,CTT,0.08
ERR4811137,sensitive,gyrA,TTT,0.12
ERR4811137,sensitive,gyrA,TGC,1.0
ERR4811137,sensitive,gyrA,TGT,1.0
ERR4811137,sensitive,gyrA,AGT,0.16
ERR4811141,sensitive,rpoB,TTG,0.8
ERR4811141,sensitive,rpoB,GCA,0.24
ERR4811141,sensitive,rpoB,GAT,0.21
ERR4811141,sensitive,rpoB,TCC,1.52
ERR4811141,sensitive,rpoB,CGC,3.18
ERR4811141,sensitive,rpoB,CAG,1.76
ERR4811141,sensitive,rpoB,AGC,1.01
ERR4811141,sensitive,rpoB,AAA,0.24
ERR4811141,sensitive,rpoB,ACA,0.13
ERR4811141,sensitive,rpoB,GCC,2.22
ERR4811141,sensitive,rpoB,GCT,0.24
ERR4811141,sensitive,rpoB,AGT,0.59
ERR4811141,sensitive,rpoB,CCT,0.18
ERR4811141,sensitive,rpoB,CCG,2.65
ERR4811141,sensitive,rpoB,CAA,0.24
ERR4811141,sensitive,rpoB,TCG,2.45
ERR4811141,sensitive,rpoB,AAT,0.15
ERR4811141,sensitive,rpoB,AAC,1.85
ERR4811141,sensitive,rpoB,GTA,0.04
ERR4811141,sensitive,rpoB,CCC,0.92
ERR4811141,sensitive,rpoB,GGA,0.12
ERR4811141,sensitive,rpoB,GCG,1.3
ERR4811141,sensitive,rpoB,CCA,0.25
ERR4811141,sensitive,rpoB,CGG,1.66
ERR4811141,sensitive,rpoB,GTC,1.69
ERR4811141,sensitive,rpoB,TTC,1.82
ERR4811141,sensitive,rpoB,AAG,1.76
ERR4811141,sensitive,rpoB,CTG,4.14
ERR4811141,sensitive,rpoB,GAA,0.37
ERR4811141,sensitive,rpoB,CTT,0.25
ERR4811141,sensitive,rpoB,GAG,1.63
ERR4811141,sensitive,rpoB,GTT,0.25
ERR4811141,sensitive,rpoB,CTC,0.74
ERR4811141,sensitive,rpoB,GAC,1.79
ERR4811141,sensitive,rpoB,ACC,2.6
ERR4811141,sensitive,rpoB,TGG,1.0
ERR4811141,sensitive,rpoB,ATC,2.63
ERR4811141,sensitive,rpoB,GGT,1.08
ERR4811141,sensitive,rpoB,GTG,2.02
ERR4811141,sensitive,rpoB,GGC,2.08
ERR4811141,sensitive,rpoB,TAC,1.75
ERR4811141,sensitive,rpoB,TCT,0.25
ERR4811141,sensitive,rpoB,GGG,0.71
ERR4811141,sensitive,rpoB,ATG,1.0
ERR4811141,sensitive,rpoB,CGT,0.8
ERR4811141,sensitive,rpoB,TGC,1.56
ERR4811141,sensitive,rpoB,ACG,1.02
ERR4811141,sensitive,rpoB,ATT,0.37
ERR4811141,sensitive,rpoB,CAC,1.82
ERR4811141,sensitive,rpoB,TTT,0.18
ERR4811141,sensitive,rpoB,CGA,0.29
ERR4811141,sensitive,rpoB,TCA,0.17
ERR4811141,sensitive,rpoB,TAT,0.25
ERR4811141,sensitive,rpoB,CAT,0.18
ERR4811141,sensitive,rpoB,ACT,0.25
ERR4811141,sensitive,rpoB,TGT,0.44
ERR4811141,sensitive,rpoB,AGG,0.07
ERR4811141,sensitive,rpoB,CTA,0.06
ERR4811141,sensitive,katG,GTG,1.46
ERR4811141,sensitive,katG,CCC,1.44
ERR4811141,sensitive,katG,GAG,1.45
ERR4811141,sensitive,katG,CAA,0.48
ERR4811141,sensitive,katG,CAC,1.67
ERR4811141,sensitive,katG,CCA,0.32
ERR4811141,sensitive,katG,ATT,0.6
ERR4811141,sensitive,katG,ACA,0.19
ERR4811141,sensitive,katG,GAA,0.55
ERR4811141,sensitive,katG,ACC,2.38
ERR4811141,sensitive,katG,GGA,0.25
ERR4811141,sensitive,katG,GCC,1.77
ERR4811141,sensitive,katG,GCT,0.47
ERR4811141,sensitive,katG,AGC,2.0
ERR4811141,sensitive,katG,AAC,1.93
ERR4811141,sensitive,katG,GGC,2.38
ERR4811141,sensitive,katG,TGT,1.33
ERR4811141,sensitive,katG,GTC,2.0
ERR4811141,sensitive,katG,GGT,0.71
ERR4811141,sensitive,katG,CAT,0.33
ERR4811141,sensitive,katG,ATG,1.0
ERR4811141,sensitive,katG,AAA,0.23
ERR4811141,sensitive,katG,TAC,1.52
ERR4811141,sensitive,katG,CAG,1.52
ERR4811141,sensitive,katG,GAC,1.52
ERR4811141,sensitive,katG,TGG,1.0
ERR4811141,sensitive,katG,CGG,1.89
ERR4811141,sensitive,katG,CTC,1.33
ERR4811141,sensitive,katG,AAT,0.07
ERR4811141,sensitive,katG,CTG,3.43
ERR4811141,sensitive,katG,AAG,1.77
ERR4811141,sensitive,katG,GTA,0.23
ERR4811141,sensitive,katG,CCG,2.0
ERR4811141,sensitive,katG,GCG,1.4
ERR4811141,sensitive,katG,TTC,1.77
ERR4811141,sensitive,katG,TAT,0.48
ERR4811141,sensitive,katG,ATC,2.28
ERR4811141,sensitive,katG,GTT,0.31
ERR4811141,sensitive,katG,ACG,1.14
ERR4811141,sensitive,katG,TCG,1.83
ERR4811141,sensitive,katG,GGG,0.66
ERR4811141,sensitive,katG,TTT,0.23
ERR4811141,sensitive,katG,CGC,2.91
ERR4811141,sensitive,katG,CTT,0.48
ERR4811141,sensitive,katG,TTG,0.57
ERR4811141,sensitive,katG,TCA,0.67
ERR4811141,sensitive,katG,TGC,0.67
ERR4811141,sensitive,katG,GAT,0.48
ERR4811141,sensitive,katG,CGT,0.51
ERR4811141,sensitive,katG,ACT,0.29
ERR4811141,sensitive,katG,AGT,0.5
ERR4811141,sensitive,katG,CCT,0.24
ERR4811141,sensitive,katG,TCC,1.0
ERR4811141,sensitive,katG,CGA,0.34
ERR4811141,sensitive,katG,AGA,0.17
ERR4811141,sensitive,katG,GCA,0.36
ERR4811141,sensitive,katG,CTA,0.1
ERR4811141,sensitive,katG,ATA,0.12
ERR4811141,sensitive,katG,TTA,0.1
ERR4811141,sensitive,katG,AGG,0.17
ERR4811141,sensitive,gyrA,ATG,1.0
ERR4811141,sensitive,gyrA,ACA,0.26
ERR4811141,sensitive,gyrA,GAC,1.68
ERR4811141,sensitive,gyrA,ACG,0.77
ERR4811141,sensitive,gyrA,TTG,0.91
ERR4811141,sensitive,gyrA,CCG,2.34
ERR4811141,sensitive,gyrA,CCT,0.28
ERR4811141,sensitive,gyrA,TCG,2.31
ERR4811141,sensitive,gyrA,CTC,0.53
ERR4811141,sensitive,gyrA,CGG,1.95
ERR4811141,sensitive,gyrA,ATC,2.56
ERR4811141,sensitive,gyrA,GAA,0.65
ERR4811141,sensitive,gyrA,GTT,0.7
ERR4811141,sensitive,gyrA,CAG,1.88
ERR4811141,sensitive,gyrA,GAG,1.35
ERR4811141,sensitive,gyrA,CGC,2.92
ERR4811141,sensitive,gyrA,AGC,1.38
ERR4811141,sensitive,gyrA,TAC,1.28
ERR4811141,sensitive,gyrA,TAT,0.72
ERR4811141,sensitive,gyrA,GCG,1.45
ERR4811141,sensitive,gyrA,GTG,1.74
ERR4811141,sensitive,gyrA,GTC,1.45
ERR4811141,sensitive,gyrA,GGC,2.26
ERR4811141,sensitive,gyrA,CTG,4.18
ERR4811141,sensitive,gyrA,GGG,0.64
ERR4811141,sensitive,gyrA,AAG,1.28
ERR4811141,sensitive,gyrA,CCC,0.97
ERR4811141,sensitive,gyrA,CAT,0.14
ERR4811141,sensitive,gyrA,GCA,0.43
ERR4811141,sensitive,gyrA,TTC,1.88
ERR4811141,sensitive,gyrA,GAT,0.32
ERR4811141,sensitive,gyrA,TCC,1.69
ERR4811141,sensitive,gyrA,CAC,1.86
ERR4811141,sensitive,gyrA,GCC,2.07
ERR4811141,sensitive,gyrA,ACC,2.55
ERR4811141,sensitive,gyrA,AAC,1.38
ERR4811141,sensitive,gyrA,TGG,1.0
ERR4811141,sensitive,gyrA,CCA,0.41
ERR4811141,sensitive,gyrA,AAT,0.62
ERR4811141,sensitive,gyrA,AGG,0.38
ERR4811141,sensitive,gyrA,CAA,0.12
ERR4811141,sensitive,gyrA,CTA,0.15
ERR4811141,sensitive,gyrA,TCA,0.31
ERR4811141,sensitive,gyrA,CGT,0.53
ERR4811141,sensitive,gyrA,AAA,0.72
ERR4811141,sensitive,gyrA,GGA,0.52
ERR4811141,sensitive,gyrA,GCT,0.05
ERR4811141,sensitive,gyrA,ACT,0.43
ERR4811141,sensitive,gyrA,ATT,0.44
ERR4811141,sensitive,gyrA,CGA,0.23
ERR4811141,sensitive,gyrA,GTA,0.12
ERR4811141,sensitive,gyrA,GGT,0.58
ERR4811141,sensitive,gyrA,TCT,0.15
ERR4811141,sensitive,gyrA,TTA,0.15
ERR4811141,sensitive,gyrA,CTT,0.08
ERR4811141,sensitive,gyrA,TTT,0.12
ERR4811141,sensitive,gyrA,TGC,1.0
ERR4811141,sensitive,gyrA,TGT,1.0
ERR4811141,sensitive,gyrA,AGT,0.15
